session_index,question,level,number,text_len,score,source
1,Как у нас проходит процедура закупки оборудования от начала до конца?,1,2,278,0.0,ИН-01-ВП → 2 Примечания
1,Как у нас проходит процедура закупки оборудования от начала до конца?,1,7,187,0.0,"ИН-01-ВП → 7 Порядок действий при внешних поставках для осуществления работ по договорам в офисе Института и внешних поставках, связанных с развитием инфраструктуры и материальных ресурсов Института"
1,Как у нас проходит процедура закупки оборудования от начала до конца?,2,7.1,84,0.0,"ИН-01-ВП → 7 Порядок действий при внешних поставках для осуществления работ по договорам в офисе Института и внешних поставках, связанных с развитием инфраструктуры и материальных ресурсов Института → 7.1 7.1"
1,Как у нас проходит процедура закупки оборудования от начала до конца?,2,7.2,84,0.0,"ИН-01-ВП → 7 Порядок действий при внешних поставках для осуществления работ по договорам в офисе Института и внешних поставках, связанных с развитием инфраструктуры и материальных ресурсов Института → 7.2 7.2"
1,Как у нас проходит процедура закупки оборудования от начала до конца?,2,7.3,87,0.0,"ИН-01-ВП → 7 Порядок действий при внешних поставках для осуществления работ по договорам в офисе Института и внешних поставках, связанных с развитием инфраструктуры и материальных ресурсов Института → 7.3 7.3"
1,Как у нас проходит процедура закупки оборудования от начала до конца?,2,7.4,53,0.0,"ИН-01-ВП → 7 Порядок действий при внешних поставках для осуществления работ по договорам в офисе Института и внешних поставках, связанных с развитием инфраструктуры и материальных ресурсов Института → 7.4 7.4"
1,Как у нас проходит процедура закупки оборудования от начала до конца?,2,7.5,139,0.0,"ИН-01-ВП → 7 Порядок действий при внешних поставках для осуществления работ по договорам в офисе Института и внешних поставках, связанных с развитием инфраструктуры и материальных ресурсов Института → 7.5 7.5"
1,Как у нас проходит процедура закупки оборудования от начала до конца?,2,7.6,218,0.0,"ИН-01-ВП → 7 Порядок действий при внешних поставках для осуществления работ по договорам в офисе Института и внешних поставках, связанных с развитием инфраструктуры и материальных ресурсов Института → 7.6 7.6"
1,Как у нас проходит процедура закупки оборудования от начала до конца?,2,7.7,124,0.0,"ИН-01-ВП → 7 Порядок действий при внешних поставках для осуществления работ по договорам в офисе Института и внешних поставках, связанных с развитием инфраструктуры и материальных ресурсов Института → 7.7 7.7"
1,Как у нас проходит процедура закупки оборудования от начала до конца?,2,7.8,39,0.0,"ИН-01-ВП → 7 Порядок действий при внешних поставках для осуществления работ по договорам в офисе Института и внешних поставках, связанных с развитием инфраструктуры и материальных ресурсов Института → 7.8 7.8"
1,Как у нас проходит процедура закупки оборудования от начала до конца?,2,7.9,90,0.0,"ИН-01-ВП → 7 Порядок действий при внешних поставках для осуществления работ по договорам в офисе Института и внешних поставках, связанных с развитием инфраструктуры и материальных ресурсов Института → 7.9 7.9"
1,Как у нас проходит процедура закупки оборудования от начала до конца?,2,7.10,74,0.0,"ИН-01-ВП → 7 Порядок действий при внешних поставках для осуществления работ по договорам в офисе Института и внешних поставках, связанных с развитием инфраструктуры и материальных ресурсов Института → 7.10 7.10"
1,Как у нас проходит процедура закупки оборудования от начала до конца?,2,7.11,66,0.0,"ИН-01-ВП → 7 Порядок действий при внешних поставках для осуществления работ по договорам в офисе Института и внешних поставках, связанных с развитием инфраструктуры и материальных ресурсов Института → 7.11 7.11"
1,Как у нас проходит процедура закупки оборудования от начала до конца?,2,7.12,72,0.0,"ИН-01-ВП → 7 Порядок действий при внешних поставках для осуществления работ по договорам в офисе Института и внешних поставках, связанных с развитием инфраструктуры и материальных ресурсов Института → 7.12 7.12"
1,Как у нас проходит процедура закупки оборудования от начала до конца?,2,7.13,152,0.0,"ИН-01-ВП → 7 Порядок действий при внешних поставках для осуществления работ по договорам в офисе Института и внешних поставках, связанных с развитием инфраструктуры и материальных ресурсов Института → 7.13 7.13"
1,Как у нас проходит процедура закупки оборудования от начала до конца?,2,7.14,270,0.0,"ИН-01-ВП → 7 Порядок действий при внешних поставках для осуществления работ по договорам в офисе Института и внешних поставках, связанных с развитием инфраструктуры и материальных ресурсов Института → 7.14 7.14"
1,Как у нас проходит процедура закупки оборудования от начала до конца?,2,7.15,52,0.0,"ИН-01-ВП → 7 Порядок действий при внешних поставках для осуществления работ по договорам в офисе Института и внешних поставках, связанных с развитием инфраструктуры и материальных ресурсов Института → 7.15 7.15"
1,Как у нас проходит процедура закупки оборудования от начала до конца?,2,7.16,75,0.0,"ИН-01-ВП → 7 Порядок действий при внешних поставках для осуществления работ по договорам в офисе Института и внешних поставках, связанных с развитием инфраструктуры и материальных ресурсов Института → 7.16 7.16"
2,"""Можно ли закупить оборудование без процедуры оценки поставщика?",1,6,806,0.0,"ИН-01-ВП → 6 Оценка, выбор и переоценка поставщиков."
2,"""Можно ли закупить оборудование без процедуры оценки поставщика?",2,6.1,688,0.5293,"ИН-01-ВП → 6 Оценка, выбор и переоценка поставщиков. → 6.1 Первичная оценка и выбор поставщиков"
2,"""Можно ли закупить оборудование без процедуры оценки поставщика?",2,6.3,439,0.5196,"ИН-01-ВП → 6 Оценка, выбор и переоценка поставщиков. → 6.3 В случае появления на рынке новых поставщиков, неудовлетворенностью работы с ранее выбранными, проводится внеплановая оценка/переоценка и выбор поставщиков в соответствии с процедурой оценки (п.6.1 данной инструкции)."
2,"""Можно ли закупить оборудование без процедуры оценки поставщика?",2,6.4,1634,0.7939,"ИН-01-ВП → 6 Оценка, выбор и переоценка поставщиков. → 6.4 Критерии оценки устанавливаются в зависимости от вида оценки (первичная/плановая), типа и назначения внешней поставки. Оценка должна осуществляться как минимум по трём критериям. Количество выбранных критериев зависит от особенностей каждой конкретной поставки. В качестве критериев оценки для поставщиков могут быть выбраны следующие показатели и требования:"
3,Нужно ли ежегодно проводить переоценку поставщиков?,1,6,806,0.0,"ИН-01-ВП → 6 Оценка, выбор и переоценка поставщиков."
3,Нужно ли ежегодно проводить переоценку поставщиков?,2,6.1,688,0.5093,"ИН-01-ВП → 6 Оценка, выбор и переоценка поставщиков. → 6.1 Первичная оценка и выбор поставщиков"
3,Нужно ли ежегодно проводить переоценку поставщиков?,2,6.2,299,0.8603,"ИН-01-ВП → 6 Оценка, выбор и переоценка поставщиков. → 6.2 Плановая оценка/переоценка поставщиков"
3,Нужно ли ежегодно проводить переоценку поставщиков?,2,6.3,439,0.5284,"ИН-01-ВП → 6 Оценка, выбор и переоценка поставщиков. → 6.3 В случае появления на рынке новых поставщиков, неудовлетворенностью работы с ранее выбранными, проводится внеплановая оценка/переоценка и выбор поставщиков в соответствии с процедурой оценки (п.6.1 данной инструкции)."
3,Нужно ли ежегодно проводить переоценку поставщиков?,2,6.4,1634,0.5006,"ИН-01-ВП → 6 Оценка, выбор и переоценка поставщиков. → 6.4 Критерии оценки устанавливаются в зависимости от вида оценки (первичная/плановая), типа и назначения внешней поставки. Оценка должна осуществляться как минимум по трём критериям. Количество выбранных критериев зависит от особенностей каждой конкретной поставки. В качестве критериев оценки для поставщиков могут быть выбраны следующие показатели и требования:"
4,Надо ли каждый год переоценивать поставщиков?,1,6,806,0.0,"ИН-01-ВП → 6 Оценка, выбор и переоценка поставщиков."
4,Надо ли каждый год переоценивать поставщиков?,2,6.1,688,0.5093,"ИН-01-ВП → 6 Оценка, выбор и переоценка поставщиков. → 6.1 Первичная оценка и выбор поставщиков"
4,Надо ли каждый год переоценивать поставщиков?,2,6.2,299,0.8603,"ИН-01-ВП → 6 Оценка, выбор и переоценка поставщиков. → 6.2 Плановая оценка/переоценка поставщиков"
4,Надо ли каждый год переоценивать поставщиков?,2,6.3,439,0.5284,"ИН-01-ВП → 6 Оценка, выбор и переоценка поставщиков. → 6.3 В случае появления на рынке новых поставщиков, неудовлетворенностью работы с ранее выбранными, проводится внеплановая оценка/переоценка и выбор поставщиков в соответствии с процедурой оценки (п.6.1 данной инструкции)."
4,Надо ли каждый год переоценивать поставщиков?,2,6.4,1634,0.5006,"ИН-01-ВП → 6 Оценка, выбор и переоценка поставщиков. → 6.4 Критерии оценки устанавливаются в зависимости от вида оценки (первичная/плановая), типа и назначения внешней поставки. Оценка должна осуществляться как минимум по трём критериям. Количество выбранных критериев зависит от особенностей каждой конкретной поставки. В качестве критериев оценки для поставщиков могут быть выбраны следующие показатели и требования:"
5,Какие документы нужно получить от поставщика после поставки?,1,7,187,0.0,"ИН-01-ВП → 7 Порядок действий при внешних поставках для осуществления работ по договорам в офисе Института и внешних поставках, связанных с развитием инфраструктуры и материальных ресурсов Института"
5,Какие документы нужно получить от поставщика после поставки?,2,7.6,218,0.5102,"ИН-01-ВП → 7 Порядок действий при внешних поставках для осуществления работ по договорам в офисе Института и внешних поставках, связанных с развитием инфраструктуры и материальных ресурсов Института → 7.6 7.6"
5,Какие документы нужно получить от поставщика после поставки?,2,7.7,124,0.5484,"ИН-01-ВП → 7 Порядок действий при внешних поставках для осуществления работ по договорам в офисе Института и внешних поставках, связанных с развитием инфраструктуры и материальных ресурсов Института → 7.7 7.7"
5,Какие документы нужно получить от поставщика после поставки?,2,7.8,39,0.5415,"ИН-01-ВП → 7 Порядок действий при внешних поставках для осуществления работ по договорам в офисе Института и внешних поставках, связанных с развитием инфраструктуры и материальных ресурсов Института → 7.8 7.8"
5,Какие документы нужно получить от поставщика после поставки?,2,7.14,270,0.8394,"ИН-01-ВП → 7 Порядок действий при внешних поставках для осуществления работ по договорам в офисе Института и внешних поставках, связанных с развитием инфраструктуры и материальных ресурсов Института → 7.14 7.14"
5,Какие документы нужно получить от поставщика после поставки?,1,8,51,0.0,"ИН-01-ВП → 8 Верификация поставленной продукции, работ (услуг)"
5,Какие документы нужно получить от поставщика после поставки?,2,8.5,207,0.8198,"ИН-01-ВП → 8 Верификация поставленной продукции, работ (услуг) → 8.5 Оборудование должно быть обеспечено необходимыми инструкциями по использованию со стороны поставщика."
5,Какие документы нужно получить от поставщика после поставки?,2,8.6,746,0.5182,"ИН-01-ВП → 8 Верификация поставленной продукции, работ (услуг) → 8.6 Результатом проверок может быть:"
6,Перечисли документы которые нужно получить у поставщика,1,7,187,0.0,"ИН-01-ВП → 7 Порядок действий при внешних поставках для осуществления работ по договорам в офисе Института и внешних поставках, связанных с развитием инфраструктуры и материальных ресурсов Института"
6,Перечисли документы которые нужно получить у поставщика,2,7.4,53,0.5066,"ИН-01-ВП → 7 Порядок действий при внешних поставках для осуществления работ по договорам в офисе Института и внешних поставках, связанных с развитием инфраструктуры и материальных ресурсов Института → 7.4 7.4"
6,Перечисли документы которые нужно получить у поставщика,2,7.6,218,0.5044,"ИН-01-ВП → 7 Порядок действий при внешних поставках для осуществления работ по договорам в офисе Института и внешних поставках, связанных с развитием инфраструктуры и материальных ресурсов Института → 7.6 7.6"
6,Перечисли документы которые нужно получить у поставщика,2,7.14,270,0.8565,"ИН-01-ВП → 7 Порядок действий при внешних поставках для осуществления работ по договорам в офисе Института и внешних поставках, связанных с развитием инфраструктуры и материальных ресурсов Института → 7.14 7.14"
7,"Что делать, если поставщик привез продукцию ненадлежащего качества?",1,8,51,0.0,"ИН-01-ВП → 8 Верификация поставленной продукции, работ (услуг)"
7,"Что делать, если поставщик привез продукцию ненадлежащего качества?",2,8.1,415,0.0,"ИН-01-ВП → 8 Верификация поставленной продукции, работ (услуг) → 8.1 Ответственное лицо организует входной контроль (верификацию) поставленной продукции, СИ, оборудования и программных продуктов до начала эксплуатации, с привлечением по необходимости специалистов Института."
7,"Что делать, если поставщик привез продукцию ненадлежащего качества?",2,8.2,127,0.0,"ИН-01-ВП → 8 Верификация поставленной продукции, работ (услуг) → 8.2 Верификация продукции, как правило, осуществляется визуально."
7,"Что делать, если поставщик привез продукцию ненадлежащего качества?",2,8.3,163,0.0,"ИН-01-ВП → 8 Верификация поставленной продукции, работ (услуг) → 8.3 Подтверждением приемки является подпись ответственного лица в накладной (акте)."
7,"Что делать, если поставщик привез продукцию ненадлежащего качества?",2,8.4,398,0.0,"ИН-01-ВП → 8 Верификация поставленной продукции, работ (услуг) → 8.4 Входной контроль поставленной продукции заключается в сопоставлении сопроводительной документации и проверке:"
7,"Что делать, если поставщик привез продукцию ненадлежащего качества?",2,8.5,207,0.0,"ИН-01-ВП → 8 Верификация поставленной продукции, работ (услуг) → 8.5 Оборудование должно быть обеспечено необходимыми инструкциями по использованию со стороны поставщика."
7,"Что делать, если поставщик привез продукцию ненадлежащего качества?",2,8.6,746,0.0,"ИН-01-ВП → 8 Верификация поставленной продукции, работ (услуг) → 8.6 Результатом проверок может быть:"
7,"Что делать, если поставщик привез продукцию ненадлежащего качества?",2,8.7,233,0.0,"ИН-01-ВП → 8 Верификация поставленной продукции, работ (услуг) → 8.7 Оборудованию, поступившему на баланс Института, присваиваются инвентарные номера, и ведётся его регистрация в УФО."
7,"Что делать, если поставщик привез продукцию ненадлежащего качества?",2,8.8,441,0.0,"ИН-01-ВП → 8 Верификация поставленной продукции, работ (услуг) → 8.8 Проверку предоставления работ и услуг субподрядными организациями и анализ представляемых отчетных документов осуществляет руководитель структурного подразделения с привлечением по необходимости специалистов Института."
7,"Что делать, если поставщик привез продукцию ненадлежащего качества?",2,8.9,531,0.0,"ИН-01-ВП → 8 Верификация поставленной продукции, работ (услуг) → 8.9 Любая продукция, работа (услуга), характеристики которой не соответствуют установленным требованиям, своевременно идентифицируется, регистрируется и не используется до принятия решений уполномоченным персоналом о ее корректировке, изъятии, замене, возврате и т.п."
7,"Что делать, если поставщик привез продукцию ненадлежащего качества?",2,8.10,298,0.0,"ИН-01-ВП → 8 Верификация поставленной продукции, работ (услуг) → 8.10 Информация о несоответствующей поставке незамедлительно направляется в письменном виде поставщику исполнителем, указанным в поручении руководства."
8,Какой минимальный объем оперативной памяти должен быть у покупаемых компьютеров?,1,1,12,0.0,ИН-01-ВП → 1 Приложение А
8,Какой минимальный объем оперативной памяти должен быть у покупаемых компьютеров?,2,1.3,487,0.8226,ИН-01-ВП → 1 Приложение А → 1.3 Требования к компьютерам:
9,Есть ли у нас регламент по обращению с отходами?,1,3,1637,0.0,ИН-01-ПОО → 3 Нормативные ссылки
10,В чем разница между накоплением и хранением отходов?,1,4,5908,0.0,"ИН-01-ПОО → 4 Термины, обозначения, сокращения"
11,В чем разница между накоплением и хранением отходов?,1,4,5908,0.0,"ИН-01-ПОО → 4 Термины, обозначения, сокращения"
12,Какие есть классы опасности отходов?,1,5,20,0.0,ИН-01-ПОО → 5 Основные положения
12,Какие есть классы опасности отходов?,2,5.1,473,0.8759,"ИН-01-ПОО → 5 Основные положения → 5.1 Отходы в зависимости от степени негативного воздействия на окружающую среду подразделяются  в  соответствии  с  критериями,  установленными  федеральным органом исполнительной власти, осуществляющим государственное регулирование в области охраны окружающей среды, на пять классов опасности:"
12,Какие есть классы опасности отходов?,2,5.3,1202,0.5779,ИН-01-ПОО → 5 Основные положения → 5.3 Согласно Федеральному закону РФ «Об отходах производства и потребления» все подразделения Института обязаны:
13,Сколько можно хранить отходы у себя на территории?,1,6,28,0.0,ИН-01-ПОО → 6 Порядок накопления отходов
13,Сколько можно хранить отходы у себя на территории?,2,6.1,470,0.0,"ИН-01-ПОО → 6 Порядок накопления отходов → 6.1 В результате деятельности в подразделениях Института образуются отходы, которые подлежат накоплению, дальнейшей передаче на сбор, транспортирование, обработку, утилизацию, обезвреживание, использование и/или размещение (захоронение)"
13,Сколько можно хранить отходы у себя на территории?,2,6.2,198,0.0,ИН-01-ПОО → 6 Порядок накопления отходов → 6.2 Накопление отходов на территории подразделений Института допускается на срок не более 11 месяцев
13,Сколько можно хранить отходы у себя на территории?,2,6.3,338,0.0,"ИН-01-ПОО → 6 Порядок накопления отходов → 6.3 Накопление отходов должно осуществляться в специально отведенных и оборудованных для этого местах, накопление отходов вне специально оборудованных мест не допускается"
13,Сколько можно хранить отходы у себя на территории?,2,6.4,416,0.0,"ИН-01-ПОО → 6 Порядок накопления отходов → 6.4 Оборудование мест накопления проводится с учетом класса опасности, физикохимических свойств, реакционной способности образующихся отходов, а также с учетом требований соответствующих нормативных документов"
13,Сколько можно хранить отходы у себя на территории?,2,6.5,126,0.0,ИН-01-ПОО → 6 Порядок накопления отходов → 6.5 Отходы допускается накапливать:
13,Сколько можно хранить отходы у себя на территории?,2,6.6,1040,0.0,ИН-01-ПОО → 6 Порядок накопления отходов → 6.6 К местам (площадкам) накопления отходов предъявляются следующие требования:
13,Сколько можно хранить отходы у себя на территории?,2,6.7,156,0.0,ИН-01-ПОО → 6 Порядок накопления отходов → 6.7 Отходы I класса опасности не образуются в результате деятельности Института
13,Сколько можно хранить отходы у себя на территории?,2,6.8,520,0.0,"ИН-01-ПОО → 6 Порядок накопления отходов → 6.8 Отходы II класса опасности должны накапливаться в закрытом подсобном помещении (или его части) с твердым покрытием пола в случае необходимости в герметичной таре, раздельно с другими видами отходов. Допускается накопление на стеллажах."
13,Сколько можно хранить отходы у себя на территории?,2,6.9,368,0.0,"ИН-01-ПОО → 6 Порядок накопления отходов → 6.9 Отходы III класса опасности должны накапливаться в металлических, стеклянных или пластиковых емкостях, контейнерах с плотно закрывающейся крышкой, раздельно с другими видами отходов"
13,Сколько можно хранить отходы у себя на территории?,2,6.10,637,0.0,"ИН-01-ПОО → 6 Порядок накопления отходов → 6.10 Отходы IV-V классов опасности, запрещенные к захоронению на полигоне"
13,Сколько можно хранить отходы у себя на территории?,2,6.11,363,0.0,"ИН-01-ПОО → 6 Порядок накопления отходов → 6.11 Отходы IV-V классов опасности, предназначенные для захоронения на полигоне"
13,Сколько можно хранить отходы у себя на территории?,2,6.12,199,0.0,ИН-01-ПОО → 6 Порядок накопления отходов → 6.12 Накопление ТКО
14,Есть ли ограничения по сроку хранения отходов I класса?,1,6,28,0.0,ИН-01-ПОО → 6 Порядок накопления отходов
14,Есть ли ограничения по сроку хранения отходов I класса?,2,6.1,470,0.0,"ИН-01-ПОО → 6 Порядок накопления отходов → 6.1 В результате деятельности в подразделениях Института образуются отходы, которые подлежат накоплению, дальнейшей передаче на сбор, транспортирование, обработку, утилизацию, обезвреживание, использование и/или размещение (захоронение)"
14,Есть ли ограничения по сроку хранения отходов I класса?,2,6.2,198,0.0,ИН-01-ПОО → 6 Порядок накопления отходов → 6.2 Накопление отходов на территории подразделений Института допускается на срок не более 11 месяцев
14,Есть ли ограничения по сроку хранения отходов I класса?,2,6.3,338,0.0,"ИН-01-ПОО → 6 Порядок накопления отходов → 6.3 Накопление отходов должно осуществляться в специально отведенных и оборудованных для этого местах, накопление отходов вне специально оборудованных мест не допускается"
14,Есть ли ограничения по сроку хранения отходов I класса?,2,6.4,416,0.0,"ИН-01-ПОО → 6 Порядок накопления отходов → 6.4 Оборудование мест накопления проводится с учетом класса опасности, физикохимических свойств, реакционной способности образующихся отходов, а также с учетом требований соответствующих нормативных документов"
14,Есть ли ограничения по сроку хранения отходов I класса?,2,6.5,126,0.0,ИН-01-ПОО → 6 Порядок накопления отходов → 6.5 Отходы допускается накапливать:
14,Есть ли ограничения по сроку хранения отходов I класса?,2,6.6,1040,0.0,ИН-01-ПОО → 6 Порядок накопления отходов → 6.6 К местам (площадкам) накопления отходов предъявляются следующие требования:
14,Есть ли ограничения по сроку хранения отходов I класса?,2,6.7,156,0.0,ИН-01-ПОО → 6 Порядок накопления отходов → 6.7 Отходы I класса опасности не образуются в результате деятельности Института
14,Есть ли ограничения по сроку хранения отходов I класса?,2,6.8,520,0.0,"ИН-01-ПОО → 6 Порядок накопления отходов → 6.8 Отходы II класса опасности должны накапливаться в закрытом подсобном помещении (или его части) с твердым покрытием пола в случае необходимости в герметичной таре, раздельно с другими видами отходов. Допускается накопление на стеллажах."
14,Есть ли ограничения по сроку хранения отходов I класса?,2,6.9,368,0.0,"ИН-01-ПОО → 6 Порядок накопления отходов → 6.9 Отходы III класса опасности должны накапливаться в металлических, стеклянных или пластиковых емкостях, контейнерах с плотно закрывающейся крышкой, раздельно с другими видами отходов"
14,Есть ли ограничения по сроку хранения отходов I класса?,2,6.10,637,0.0,"ИН-01-ПОО → 6 Порядок накопления отходов → 6.10 Отходы IV-V классов опасности, запрещенные к захоронению на полигоне"
14,Есть ли ограничения по сроку хранения отходов I класса?,2,6.11,363,0.0,"ИН-01-ПОО → 6 Порядок накопления отходов → 6.11 Отходы IV-V классов опасности, предназначенные для захоронения на полигоне"
14,Есть ли ограничения по сроку хранения отходов I класса?,2,6.12,199,0.0,ИН-01-ПОО → 6 Порядок накопления отходов → 6.12 Накопление ТКО
15,Есть ли ограничения по сроку хранения отходов?,1,6,28,0.0,ИН-01-ПОО → 6 Порядок накопления отходов
15,Есть ли ограничения по сроку хранения отходов?,2,6.1,470,0.0,"ИН-01-ПОО → 6 Порядок накопления отходов → 6.1 В результате деятельности в подразделениях Института образуются отходы, которые подлежат накоплению, дальнейшей передаче на сбор, транспортирование, обработку, утилизацию, обезвреживание, использование и/или размещение (захоронение)"
15,Есть ли ограничения по сроку хранения отходов?,2,6.2,198,0.0,ИН-01-ПОО → 6 Порядок накопления отходов → 6.2 Накопление отходов на территории подразделений Института допускается на срок не более 11 месяцев
15,Есть ли ограничения по сроку хранения отходов?,2,6.3,338,0.0,"ИН-01-ПОО → 6 Порядок накопления отходов → 6.3 Накопление отходов должно осуществляться в специально отведенных и оборудованных для этого местах, накопление отходов вне специально оборудованных мест не допускается"
15,Есть ли ограничения по сроку хранения отходов?,2,6.4,416,0.0,"ИН-01-ПОО → 6 Порядок накопления отходов → 6.4 Оборудование мест накопления проводится с учетом класса опасности, физикохимических свойств, реакционной способности образующихся отходов, а также с учетом требований соответствующих нормативных документов"
15,Есть ли ограничения по сроку хранения отходов?,2,6.5,126,0.0,ИН-01-ПОО → 6 Порядок накопления отходов → 6.5 Отходы допускается накапливать:
15,Есть ли ограничения по сроку хранения отходов?,2,6.6,1040,0.0,ИН-01-ПОО → 6 Порядок накопления отходов → 6.6 К местам (площадкам) накопления отходов предъявляются следующие требования:
15,Есть ли ограничения по сроку хранения отходов?,2,6.7,156,0.0,ИН-01-ПОО → 6 Порядок накопления отходов → 6.7 Отходы I класса опасности не образуются в результате деятельности Института
15,Есть ли ограничения по сроку хранения отходов?,2,6.8,520,0.0,"ИН-01-ПОО → 6 Порядок накопления отходов → 6.8 Отходы II класса опасности должны накапливаться в закрытом подсобном помещении (или его части) с твердым покрытием пола в случае необходимости в герметичной таре, раздельно с другими видами отходов. Допускается накопление на стеллажах."
15,Есть ли ограничения по сроку хранения отходов?,2,6.9,368,0.0,"ИН-01-ПОО → 6 Порядок накопления отходов → 6.9 Отходы III класса опасности должны накапливаться в металлических, стеклянных или пластиковых емкостях, контейнерах с плотно закрывающейся крышкой, раздельно с другими видами отходов"
15,Есть ли ограничения по сроку хранения отходов?,2,6.10,637,0.0,"ИН-01-ПОО → 6 Порядок накопления отходов → 6.10 Отходы IV-V классов опасности, запрещенные к захоронению на полигоне"
15,Есть ли ограничения по сроку хранения отходов?,2,6.11,363,0.0,"ИН-01-ПОО → 6 Порядок накопления отходов → 6.11 Отходы IV-V классов опасности, предназначенные для захоронения на полигоне"
15,Есть ли ограничения по сроку хранения отходов?,2,6.12,199,0.0,ИН-01-ПОО → 6 Порядок накопления отходов → 6.12 Накопление ТКО
16,Кто такой федеральный оператор в контексте отходов?,1,9,73,0.0,ИН-01-ПОО → 9 Требования к передаче отходов сторонним специализированным организациям
16,Кто такой федеральный оператор в контексте отходов?,2,9.1,471,0.7991,ИН-01-ПОО → 9 Требования к передаче отходов сторонним специализированным организациям → 9.1 Отходы II класса опасности передаются только Федеральному оператору по обращению с отходами I и II классов опасности или привлеченному им оператору по обращению с отходами I и II классов опасности на основании заключенного договора
16,Кто такой федеральный оператор в контексте отходов?,2,9.4,292,0.5005,"ИН-01-ПОО → 9 Требования к передаче отходов сторонним специализированным организациям → 9.4 Отходы, относящиеся к ТКО, передаются региональному оператору по обращению с твердыми коммунальными отходами на основании заключенного договора"
17,Кто отвечает за ведение учета отходов?,1,7,23,0.0,ИН-01-ПОО → 7 Порядок учета отходов
17,Кто отвечает за ведение учета отходов?,2,7.1,199,0.0,ИН-01-ПОО → 7 Порядок учета отходов → 7.1 Обращение с отходами контролируется ОВЭО и заместителем генерального директора по общим вопросам.
17,Кто отвечает за ведение учета отходов?,2,7.2,307,0.0,"ИН-01-ПОО → 7 Порядок учета отходов → 7.2 На каждый вид отхода необходимо иметь «Паспорт опасного отхода», составленный в соответствии с приказом Минприроды России от 08 декабря 2020 г. № 1026."
17,Кто отвечает за ведение учета отходов?,2,7.3,445,0.0,"ИН-01-ПОО → 7 Порядок учета отходов → 7.3 Первичному учету подлежат все виды отходов, образующиеся в результате деятельности Института с записью в Порядке учета в области обращения с отходами, утвержденным приказом Минприроды России от 08 декабря 2020 г. № 1028."
17,Кто отвечает за ведение учета отходов?,2,7.4,117,0.0,ИН-01-ПОО → 7 Порядок учета отходов → 7.4 Порядок учета в области обращения с отходами ведет ОВЭО.
17,Кто отвечает за ведение учета отходов?,2,7.5,281,0.0,ИН-01-ПОО → 7 Порядок учета отходов → 7.5 Учет в области обращения с отходами ведется на основании измерений фактического количества образованных и переданных другим лицам отходов.
17,Кто отвечает за ведение учета отходов?,2,7.6,373,0.0,"ИН-01-ПОО → 7 Порядок учета отходов → 7.6 Данные учета обобщаются по итогам очередного календарного года (по состоянию на 1 января года, следующего за учетным) в срок не позднее 25 января года, следующего за отчетным периодом."
18,Что делать после того как нашли новый тендер?,1,5,18,0.0,ИН-01-ПТП → 5 Ответственность.
18,Что делать после того как нашли новый тендер?,2,5.1,401,0.0,"ИН-01-ПТП → 5 Ответственность. → 5.1 Контроль за мониторингом объявленных тендеров (конкурсов, запросов предложений) на право заключения договоров (контрактов) на выполнение работ, оказание услуг, относящихся к сфере деятельности Института возлагается на НО соответствующего производственного подразделения, в соответствии с инструкцией «Стадии выполнения работ» (ИН-01-СВР):"
18,Что делать после того как нашли новый тендер?,2,5.2,447,0.0,"ИН-01-ПТП → 5 Ответственность. → 5.2 Ответственность за изучение, анализ, сбор, подготовку, хранение информации о проводимых тендерах возлагается на ОИ соответствующего производственного подразделения, в случае его отсутствия - на сотрудника назначенного НО."
18,Что делать после того как нашли новый тендер?,2,5.3,175,0.0,"ИН-01-ПТП → 5 Ответственность. → 5.3 Ответственность за запрос информации, требуемой для оформления ТП, возлагается на ОИ."
18,Что делать после того как нашли новый тендер?,2,5.4,439,0.0,"ИН-01-ПТП → 5 Ответственность. → 5.4 Ответственность за своевременное предоставление ОИ полной и качественной информации в письменном (электронном) виде возлагается на руководителей подразделений, располагающих соответствующими информационными ресурсами."
18,Что делать после того как нашли новый тендер?,2,5.5,237,0.0,ИН-01-ПТП → 5 Ответственность. → 5.5 Ответственность за своевременную и качественную подготовку версии ТП на английском языке возлагается на переводчика.
18,Что делать после того как нашли новый тендер?,2,5.6,225,0.0,ИН-01-ПТП → 5 Ответственность. → 5.6 Ответственность за обработку получаемых сведений из подразделений Института и оформление ТП возлагается на ОИ.
18,Что делать после того как нашли новый тендер?,2,5.7,481,0.0,"ИН-01-ПТП → 5 Ответственность. → 5.7 Ответственность за своевременное формирование пакета документации, содержащей ТП, с учетом всех требований компании, объявившей конкурс, и своевременное предоставление пакета документов в приемную для отправки адресату, возлагается на ОИ."
18,Что делать после того как нашли новый тендер?,2,5.8,131,0.0,ИН-01-ПТП → 5 Ответственность. → 5.8 Ответственность за своевременную отправку ТП возлагается на ОИ.
18,Что делать после того как нашли новый тендер?,1,1,13,0.0,ИН-01-ПТП → 1 Назначение.
18,Что делать после того как нашли новый тендер?,2,1.1,799,0.0,"ИН-01-ПТП → 1 Назначение. → 1.1 Настоящая инструкция реализует требования к организации сбора информации с целью оформления тендерного предложения на основе перечня требуемой информации и документации для участия АО «ВолгоградНИПИнефть» (далее по тексту Институт) в тендере (конкурсе, запросе предложений) на право заключения договоров (контрактов) на выполнение работ, оказание услуг, относящихся к сфере деятельности Института."
18,Что делать после того как нашли новый тендер?,2,1.2,244,0.0,ИН-01-ПТП → 1 Назначение. → 1.2 Настоящая инструкция определяет:
18,Что делать после того как нашли новый тендер?,1,6,105,0.0,ИН-01-ПТП → 6 Основные этапы подготовки ТП.
18,Что делать после того как нашли новый тендер?,2,6.1,287,0.0,ИН-01-ПТП → 6 Основные этапы подготовки ТП. → 6.1 Сбор и анализ информации о проводимых тендерах.
18,Что делать после того как нашли новый тендер?,2,6.2,2493,0.0,ИН-01-ПТП → 6 Основные этапы подготовки ТП. → 6.2 Формирование ТП.
19,Что нужно делать на предпроектной проработке?,1,6,26,0.0,ИН-01-СВР → 6 Предпроектная проработка
19,Что нужно делать на предпроектной проработке?,2,6.1,598,0.0,"ИН-01-СВР → 6 Предпроектная проработка → 6.1 Предпроектная проработка, как правило, инициируется заявкой Заказчика официальным письмом на имя генерального директора Института, с указанием интересующих работ и услуг, либо поступлением информации о выигранном тендере."
19,Что нужно делать на предпроектной проработке?,2,6.2,487,0.0,"ИН-01-СВР → 6 Предпроектная проработка → 6.2 На этой стадии должны быть определены, проанализированы и зафиксированы документально требования Заказчика к ПД. По результатам анализа оформляется и согласовывается с Заказчиком ЗП/ТЗ/ГЗ и Календарный план выполнения работ, где он применим."
19,Что нужно делать на предпроектной проработке?,2,6.3,647,0.0,"ИН-01-СВР → 6 Предпроектная проработка → 6.3 В тех случаях, когда развернутое ЗП/ТЗ/ГЗ оформить до подписания договора затруднительно, оформляется задание к договору с указанием основных законодательных и нормативных документов, перечня экспертиз и согласований, требований к объему, составу и срокам выполнения работ, электронной версии отчета и к количеству копий."
19,Что нужно делать на предпроектной проработке?,2,6.4,297,0.0,"ИН-01-СВР → 6 Предпроектная проработка → 6.4 На данной стадии оформляется и согласовывается проект договора, что означает способность Института выполнить установленные требования к ПД в срок."
19,Что нужно делать на предпроектной проработке?,2,6.5,485,0.0,"ИН-01-СВР → 6 Предпроектная проработка → 6.5 Оформление и согласование договоров, актов сдачи-приемки выполненных работ, платежных документов по этапам и работе в целом осуществляется в соответствии с инструкцией «Организация договорной работы» (ИН-05 ДР):"
20,Что включается в бюджет командировки?,1,5,21,0.0,ПЛ-13-К → 5 Бюджет командировки
20,Что включается в бюджет командировки?,2,5.1,479,0.0,ПЛ-13-К → 5 Бюджет командировки → 5.1 В бюджет командировки включается:
20,Что включается в бюджет командировки?,2,5.2,1224,0.0,"ПЛ-13-К → 5 Бюджет командировки → 5.2 Транспортные расходы планируются, исходя из следующего:"
20,Что включается в бюджет командировки?,2,5.3,348,0.0,ПЛ-13-К → 5 Бюджет командировки → 5.3 Расходы на проживание
20,Что включается в бюджет командировки?,2,5.4,967,0.0,ПЛ-13-К → 5 Бюджет командировки → 5.4 Суточные
21,Каким видом транспорта можно ездить в командировки?,1,7,224,0.0,ПЛ-13-К → 7 Организация работы командированного сотрудника
22,Какого класса билет на самолет можно купить при командировке?,1,5,21,0.0,ПЛ-13-К → 5 Бюджет командировки
22,Какого класса билет на самолет можно купить при командировке?,2,5.2,1224,0.7914,"ПЛ-13-К → 5 Бюджет командировки → 5.2 Транспортные расходы планируются, исходя из следующего:"
22,Какого класса билет на самолет можно купить при командировке?,1,6,53,0.0,ПЛ-13-К → 6 Организация командировки
22,Какого класса билет на самолет можно купить при командировке?,2,6.6,431,0.7842,"ПЛ-13-К → 6 Организация командировки → 6.6 При направлении сотрудника в однодневную командировку, оформляется приказ о командировании на общих условиях. Суточные не выплачиваются (п.11 Положения, утв. Постановлением Правительства РФ от 13.10.2008 г № 749)."
23,Какого класса поездка может быть на самолете?,1,5,21,0.0,ПЛ-13-К → 5 Бюджет командировки
23,Какого класса поездка может быть на самолете?,2,5.2,1224,0.7755,"ПЛ-13-К → 5 Бюджет командировки → 5.2 Транспортные расходы планируются, исходя из следующего:"
23,Какого класса поездка может быть на самолете?,1,3,23,0.0,ПЛ-13-К → 3 Термины и определения
23,Какого класса поездка может быть на самолете?,2,3.2,499,0.7387,ПЛ-13-К → 3 Термины и определения → 3.2 К служебным командировкам не относятся:
24,как планируются транспортные расходы?,1,5,21,0.0,ПЛ-13-К → 5 Бюджет командировки
24,как планируются транспортные расходы?,2,5.1,479,0.0,ПЛ-13-К → 5 Бюджет командировки → 5.1 В бюджет командировки включается:
24,как планируются транспортные расходы?,2,5.2,1224,0.0,"ПЛ-13-К → 5 Бюджет командировки → 5.2 Транспортные расходы планируются, исходя из следующего:"
24,как планируются транспортные расходы?,2,5.3,348,0.0,ПЛ-13-К → 5 Бюджет командировки → 5.3 Расходы на проживание
24,как планируются транспортные расходы?,2,5.4,967,0.0,ПЛ-13-К → 5 Бюджет командировки → 5.4 Суточные
25,Какие задачи у отдела геологии?,1,3,8,0.0,ПЛ-07 → 3 Задачи
25,Какие задачи у отдела геологии?,2,3.1,345,0.0,"ПЛ-07 → 3 Задачи → 3.1 Создание  проектных  документов  и  составление  отчётов,  соответствующих нормативным и регламентирующим государственным документам, отражающим потребности Заказчиков."
25,Какие задачи у отдела геологии?,2,3.2,211,0.0,ПЛ-07 → 3 Задачи → 3.2 Отслеживание нормативных и регламентирующих государственных документов в области деятельности Отдела.
25,Какие задачи у отдела геологии?,2,3.3,97,0.0,ПЛ-07 → 3 Задачи → 3.3 Обучение и повышение квалификации персонала.
25,Какие задачи у отдела геологии?,2,3.4,279,0.0,"ПЛ-07 → 3 Задачи → 3.4 Мониторинг, изучение и внедрение новых технологий, методик и программного обеспечения для качественного составления проектов и отчётов."
25,Какие задачи у отдела геологии?,1,2,36,0.0,ПЛ-07 → 2 ПОЛОЖЕНИЕ Об отделе геологии «ПЛ-07»
26,Что такое риск?,1,4,1264,0.0,"ИН-01-УР → 4 Термины, обозначения, сокращения"
26,Что такое риск?,2,4.1,1237,0.0,"ИН-01-УР → 4 Термины, обозначения, сокращения → 4.1 Термины и определения:"
26,Что такое риск?,2,4.2,159,0.0,"ИН-01-УР → 4 Термины, обозначения, сокращения → 4.2 Применяемые сокращения:"
27,Какие бывают виды рисков,1,4,1264,0.0,"ИН-01-УР → 4 Термины, обозначения, сокращения"
27,Какие бывают виды рисков,2,4.1,1237,0.0,"ИН-01-УР → 4 Термины, обозначения, сокращения → 4.1 Термины и определения:"
27,Какие бывают виды рисков,2,4.2,159,0.0,"ИН-01-УР → 4 Термины, обозначения, сокращения → 4.2 Применяемые сокращения:"
27,Какие бывают виды рисков,1,7,89,0.0,ИН-01-УР → 7 Реестр рисков
27,Какие бывают виды рисков,2,7.1,98,0.0,ИН-01-УР → 7 Реестр рисков → 7.1 Структура и состав реестра риска представлен в приложении Б данной инструкции
27,Какие бывают виды рисков,2,7.2,217,0.0,"ИН-01-УР → 7 Реестр рисков → 7.2 Каждому риску, включенному в Реестр, присваивается индивидуальный код (идентификатор риска )"
27,Какие бывают виды рисков,2,7.3,812,0.0,ИН-01-УР → 7 Реестр рисков → 7.3 При заполнении реестра риска используются следующие шкалы (приложение В данной инструкции)
27,Какие бывают виды рисков,2,7.4,259,0.0,ИН-01-УР → 7 Реестр рисков → 7.4 Качественная оценка последствий и вероятности риска производится следующим образом
27,Какие бывают виды рисков,2,7.5,374,0.0,"ИН-01-УР → 7 Реестр рисков → 7.5 На основе полученных результатов строится матрица риска (приложение В данной инструкции), которую необходимо использовать как основу для идентификации приемлемого и неприемлемого риска"
27,Какие бывают виды рисков,2,7.6,149,0.0,ИН-01-УР → 7 Реестр рисков → 7.6 Шкала «Оценка риска» выделяется цветом
27,Какие бывают виды рисков,2,7.7,314,0.0,"ИН-01-УР → 7 Реестр рисков → 7.7 В зависимости от оценки риска определяются предпринимаемые действия по каждому риску, зарегистрированному в реестре риска (приложение В данной инструкции)"
27,Какие бывают виды рисков,2,7.8.1,296,0.0,ИН-01-УР → 7 Реестр рисков → 7.8.1 стратегические риски
27,Какие бывают виды рисков,2,7.8.2,1217,0.0,ИН-01-УР → 7 Реестр рисков → 7.8.2 финансовые риски
27,Какие бывают виды рисков,2,7.8.3,161,0.0,ИН-01-УР → 7 Реестр рисков → 7.8.3 Правовые риски
27,Какие бывают виды рисков,2,7.8.4,2149,0.0,ИН-01-УР → 7 Реестр рисков → 7.8.4 Операционные (производственные) риски
27,Какие бывают виды рисков,2,7.9,467,0.0,"ИН-01-УР → 7 Реестр рисков → 7.9 ДиМК проводит согласование сформированного Реестра рисков с генеральным директором и/или первым заместителем генерального директора и владельцами риска, за которыми закреплена ответственность по управлению соответствующими рисками."
27,Какие бывают виды рисков,2,7.10,441,0.0,"ИН-01-УР → 7 Реестр рисков → 7.10 По результатам идентификации и оценки рисков в масштабах всего Института, Реестр рисков ежегодно пересматривается, уточняется и/или дополняется."
27,Какие бывают виды рисков,2,7.11,152,0.0,ИН-01-УР → 7 Реестр рисков → 7.11 Реестр рисков в течение года может дополняться вновь выявленными рисками.
27,Какие бывают виды рисков,2,7.12,606,0.0,ИН-01-УР → 7 Реестр рисков → 7.12 По результатам оценки риска владелец риска имеет следующие возможности реагирования на риск:
27,Какие бывают виды рисков,2,7.13,244,0.0,ИН-01-УР → 7 Реестр рисков → 7.13 При определении способов реагирования на риск должно учитываться:
27,Какие бывают виды рисков,2,7.14,196,0.0,ИН-01-УР → 7 Реестр рисков → 7.14 Для регулирования всех рисков (кроме принятых) разрабатываются мероприятия и средства контроля.
27,Какие бывают виды рисков,2,7.15,444,0.0,"ИН-01-УР → 7 Реестр рисков → 7.15 Мероприятия и средства контроля могут быть  организационного и технического характера. Мероприятия могут быть направлены как на улучшение существующих методов смягчения рисков и средств контроля, так и разработку новых."
27,Какие бывают виды рисков,2,7.16,336,0.0,"ИН-01-УР → 7 Реестр рисков → 7.16 К средствам контроля относятся: процедуры утверждения (авторизации, проверки,  сверки),  анализ  операционных  показателей,  охрана,  распределение полномочий и т.д."
27,Какие бывают виды рисков,2,7.17,172,0.0,ИН-01-УР → 7 Реестр рисков → 7.17 Средства контроля/методы смягчения рисков могут быть следующих типов:
27,Какие бывают виды рисков,2,7.18,391,0.0,ИН-01-УР → 7 Реестр рисков → 7.18 Предотвращающие средства контроля/методы смягчения рисков направлены на максимальное снижение вероятности (недопущение) возникновения риска.
27,Какие бывают виды рисков,2,7.19,328,0.0,ИН-01-УР → 7 Реестр рисков → 7.19 Обнаруживающие средства контроля/методы смягчения рисков призваны снижать влияние риска путем оперативного определения (обнаружения) события возникновения риска.
27,Какие бывают виды рисков,2,7.20,320,0.0,ИН-01-УР → 7 Реестр рисков → 7.20 Предотвращающие и обнаруживающие средства контроля/методы смягчения рисков часто объединяются вместе для получения проактивной (упреждающей) защиты от риска.
27,Какие бывают виды рисков,2,7.21,352,0.0,ИН-01-УР → 7 Реестр рисков → 7.21 Корректирующие  средства  контроля/методы  смягчения  рисков  предназначены для устранения причин уже реализовавшихся рисков с целью недопущения их повторного возникновения.
27,Какие бывают виды рисков,2,7.22,314,0.0,ИН-01-УР → 7 Реестр рисков → 7.22 Предписывающие средства контроля/методы смягчения рисков направлены на снижение влияния риска путем надлежащей формализации действий при реализации риска.
27,Какие бывают виды рисков,2,7.23,348,0.0,"ИН-01-УР → 7 Реестр рисков → 7.23 Смягчающие средства контроля/методы смягчения рисков призваны снижать влияние риска путем оперативной реализации мероприятий, подготовленных на случай возникновения риска."
27,Какие бывают виды рисков,2,7.24,368,0.0,ИН-01-УР → 7 Реестр рисков → 7.24 Компенсирующие средства контроля/методы смягчения рисков снижают влияние риска путем получения различного вида компенсаций за причиненный ущерб по ранее достигнутым договоренностям.
27,Какие бывают виды рисков,2,7.25,332,0.0,"ИН-01-УР → 7 Реестр рисков → 7.25 Корректирующие, предписывающие, смягчающие и компенсирующие средства контроля/методы смягчения рисков носят реактивный характер и действуют после реализации риска."
27,Какие бывают виды рисков,2,7.26,416,0.0,ИН-01-УР → 7 Реестр рисков → 7.26 В общем случае средства контроля создаются для обеспечения надлежащего реагирования на риски. Однако в отношении некоторых целей применение средств контроля само по себе уже является реагированием на риск.
27,Какие бывают виды рисков,2,7.27,502,0.0,ИН-01-УР → 7 Реестр рисков → 7.27 При разработке и внедрении мероприятий по снижению рисков необходимо придерживаться процедур «Корректирующие действия» (ПР-10.2-КД) и «Управление несоответствующей продукцией» (ПР-8.7-УНП):
28,Что такое финансовые риски?,1,7,89,0.0,ИН-01-УР → 7 Реестр рисков
28,Что такое финансовые риски?,2,7.1,98,0.0,ИН-01-УР → 7 Реестр рисков → 7.1 Структура и состав реестра риска представлен в приложении Б данной инструкции
28,Что такое финансовые риски?,2,7.2,217,0.0,"ИН-01-УР → 7 Реестр рисков → 7.2 Каждому риску, включенному в Реестр, присваивается индивидуальный код (идентификатор риска )"
28,Что такое финансовые риски?,2,7.3,812,0.0,ИН-01-УР → 7 Реестр рисков → 7.3 При заполнении реестра риска используются следующие шкалы (приложение В данной инструкции)
28,Что такое финансовые риски?,2,7.4,259,0.0,ИН-01-УР → 7 Реестр рисков → 7.4 Качественная оценка последствий и вероятности риска производится следующим образом
28,Что такое финансовые риски?,2,7.5,374,0.0,"ИН-01-УР → 7 Реестр рисков → 7.5 На основе полученных результатов строится матрица риска (приложение В данной инструкции), которую необходимо использовать как основу для идентификации приемлемого и неприемлемого риска"
28,Что такое финансовые риски?,2,7.6,149,0.0,ИН-01-УР → 7 Реестр рисков → 7.6 Шкала «Оценка риска» выделяется цветом
28,Что такое финансовые риски?,2,7.7,314,0.0,"ИН-01-УР → 7 Реестр рисков → 7.7 В зависимости от оценки риска определяются предпринимаемые действия по каждому риску, зарегистрированному в реестре риска (приложение В данной инструкции)"
28,Что такое финансовые риски?,2,7.8.1,296,0.0,ИН-01-УР → 7 Реестр рисков → 7.8.1 стратегические риски
28,Что такое финансовые риски?,2,7.8.2,1217,0.0,ИН-01-УР → 7 Реестр рисков → 7.8.2 финансовые риски
28,Что такое финансовые риски?,2,7.8.3,161,0.0,ИН-01-УР → 7 Реестр рисков → 7.8.3 Правовые риски
28,Что такое финансовые риски?,2,7.8.4,2149,0.0,ИН-01-УР → 7 Реестр рисков → 7.8.4 Операционные (производственные) риски
28,Что такое финансовые риски?,2,7.9,467,0.0,"ИН-01-УР → 7 Реестр рисков → 7.9 ДиМК проводит согласование сформированного Реестра рисков с генеральным директором и/или первым заместителем генерального директора и владельцами риска, за которыми закреплена ответственность по управлению соответствующими рисками."
28,Что такое финансовые риски?,2,7.10,441,0.0,"ИН-01-УР → 7 Реестр рисков → 7.10 По результатам идентификации и оценки рисков в масштабах всего Института, Реестр рисков ежегодно пересматривается, уточняется и/или дополняется."
28,Что такое финансовые риски?,2,7.11,152,0.0,ИН-01-УР → 7 Реестр рисков → 7.11 Реестр рисков в течение года может дополняться вновь выявленными рисками.
28,Что такое финансовые риски?,2,7.12,606,0.0,ИН-01-УР → 7 Реестр рисков → 7.12 По результатам оценки риска владелец риска имеет следующие возможности реагирования на риск:
28,Что такое финансовые риски?,2,7.13,244,0.0,ИН-01-УР → 7 Реестр рисков → 7.13 При определении способов реагирования на риск должно учитываться:
28,Что такое финансовые риски?,2,7.14,196,0.0,ИН-01-УР → 7 Реестр рисков → 7.14 Для регулирования всех рисков (кроме принятых) разрабатываются мероприятия и средства контроля.
28,Что такое финансовые риски?,2,7.15,444,0.0,"ИН-01-УР → 7 Реестр рисков → 7.15 Мероприятия и средства контроля могут быть  организационного и технического характера. Мероприятия могут быть направлены как на улучшение существующих методов смягчения рисков и средств контроля, так и разработку новых."
28,Что такое финансовые риски?,2,7.16,336,0.0,"ИН-01-УР → 7 Реестр рисков → 7.16 К средствам контроля относятся: процедуры утверждения (авторизации, проверки,  сверки),  анализ  операционных  показателей,  охрана,  распределение полномочий и т.д."
28,Что такое финансовые риски?,2,7.17,172,0.0,ИН-01-УР → 7 Реестр рисков → 7.17 Средства контроля/методы смягчения рисков могут быть следующих типов:
28,Что такое финансовые риски?,2,7.18,391,0.0,ИН-01-УР → 7 Реестр рисков → 7.18 Предотвращающие средства контроля/методы смягчения рисков направлены на максимальное снижение вероятности (недопущение) возникновения риска.
28,Что такое финансовые риски?,2,7.19,328,0.0,ИН-01-УР → 7 Реестр рисков → 7.19 Обнаруживающие средства контроля/методы смягчения рисков призваны снижать влияние риска путем оперативного определения (обнаружения) события возникновения риска.
28,Что такое финансовые риски?,2,7.20,320,0.0,ИН-01-УР → 7 Реестр рисков → 7.20 Предотвращающие и обнаруживающие средства контроля/методы смягчения рисков часто объединяются вместе для получения проактивной (упреждающей) защиты от риска.
28,Что такое финансовые риски?,2,7.21,352,0.0,ИН-01-УР → 7 Реестр рисков → 7.21 Корректирующие  средства  контроля/методы  смягчения  рисков  предназначены для устранения причин уже реализовавшихся рисков с целью недопущения их повторного возникновения.
28,Что такое финансовые риски?,2,7.22,314,0.0,ИН-01-УР → 7 Реестр рисков → 7.22 Предписывающие средства контроля/методы смягчения рисков направлены на снижение влияния риска путем надлежащей формализации действий при реализации риска.
28,Что такое финансовые риски?,2,7.23,348,0.0,"ИН-01-УР → 7 Реестр рисков → 7.23 Смягчающие средства контроля/методы смягчения рисков призваны снижать влияние риска путем оперативной реализации мероприятий, подготовленных на случай возникновения риска."
28,Что такое финансовые риски?,2,7.24,368,0.0,ИН-01-УР → 7 Реестр рисков → 7.24 Компенсирующие средства контроля/методы смягчения рисков снижают влияние риска путем получения различного вида компенсаций за причиненный ущерб по ранее достигнутым договоренностям.
28,Что такое финансовые риски?,2,7.25,332,0.0,"ИН-01-УР → 7 Реестр рисков → 7.25 Корректирующие, предписывающие, смягчающие и компенсирующие средства контроля/методы смягчения рисков носят реактивный характер и действуют после реализации риска."
28,Что такое финансовые риски?,2,7.26,416,0.0,ИН-01-УР → 7 Реестр рисков → 7.26 В общем случае средства контроля создаются для обеспечения надлежащего реагирования на риски. Однако в отношении некоторых целей применение средств контроля само по себе уже является реагированием на риск.
28,Что такое финансовые риски?,2,7.27,502,0.0,ИН-01-УР → 7 Реестр рисков → 7.27 При разработке и внедрении мероприятий по снижению рисков необходимо придерживаться процедур «Корректирующие действия» (ПР-10.2-КД) и «Управление несоответствующей продукцией» (ПР-8.7-УНП):
29,Что такое коммерческая тайна?,1,6,28,0.0,ПЛ-01-КТ → 6 Понятие коммерческой тайны
29,Что такое коммерческая тайна?,2,6.1,546,0.8907,"ПЛ-01-КТ → 6 Понятие коммерческой тайны → 6.1 Коммерческая тайна - режим конфиденциальности информации, позволяющий ее обладателю при существующих или возможных обстоятельствах увеличить доходы, избежать неоправданных расходов, сохранить положение на рынке товаров, работ, услуг или получить иную коммерческую выгоду."
30,Какие сведения относятся к коммерческой тайне?,1,8,43,0.0,"ПЛ-01-КТ → 8 Сведения, составляющие коммерческую тайну"
30,Какие сведения относятся к коммерческой тайне?,2,8.1,279,0.0,"ПЛ-01-КТ → 8 Сведения, составляющие коммерческую тайну → 8.1 Сведения, составляющие коммерческую тайну Института, определены Приложением А к настоящему Положению, являющимся его неотъемлемой частью."
30,Какие сведения относятся к коммерческой тайне?,2,8.2,401,0.0,"ПЛ-01-КТ → 8 Сведения, составляющие коммерческую тайну → 8.2 Перечень сведений конфиденциального характера, утв. Указом Президента Российской Федерации от 06.03.1997 г. № 188, определен Приложением Б к настоящему Положению, являющимся его неотъемлемой частью."
30,Какие сведения относятся к коммерческой тайне?,2,8.4,691,0.0,"ПЛ-01-КТ → 8 Сведения, составляющие коммерческую тайну → 8.4 К  сведениям,  составляющим  коммерческую  тайну  Института,  не  относятся сведения,  которые  указаны  в  постановлении  Правительства  РСФСР  от 05.12.1991 г. № 35 «О перечне сведений, которые не могут составлять коммерческую тайну» и в Федеральном законе от 29.07.2004 г. N 98-ФЗ «О коммерческой тайне» Приложение В к настоящему Положению."
31,Что будет если превысить лимиты корпоративной мобильной связи?,1,6,77,0.0,ПЛ-13-КМС → 6 Нормы и порядок возмещения перерасхода лимита корпоративной мобильной связи
31,Что будет если превысить лимиты корпоративной мобильной связи?,2,6.1,500,0.5564,"ПЛ-13-КМС → 6 Нормы и порядок возмещения перерасхода лимита корпоративной мобильной связи → 6.1 В качестве документального подтверждения расходов на корпоративную мобильную связь ответственное лицо организует получение от оператора, предоставляющего мобильную связь, детализации звонков по всем корпоративным номерам, используемым в Институте."
31,Что будет если превысить лимиты корпоративной мобильной связи?,2,6.2,525,0.5127,ПЛ-13-КМС → 6 Нормы и порядок возмещения перерасхода лимита корпоративной мобильной связи → 6.2 В случае превышения расходов на связь сверх установленного лимита удержание может не производится на основании согласованной с генеральным директором объяснительной записки. Данное исключение носит разовый характер и не влияет на изменение лимита в дальнейшем.
31,Что будет если превысить лимиты корпоративной мобильной связи?,2,6.3,618,0.8327,"ПЛ-13-КМС → 6 Нормы и порядок возмещения перерасхода лимита корпоративной мобильной связи → 6.3 При превышении установленного лимита корпоративной мобильной связи сумма расхода, не подтвержденная производственной необходимостью, подлежит либо оплате работником посредством удержания денежных средств из"
32,Что будет если превысить лимиты корпоративной мобильной связи?,1,4,54,0.0,ПЛ-13-КМС → 4 Порядок предоставления корпоративной мобильной связи
32,Что будет если превысить лимиты корпоративной мобильной связи?,2,4.1,537,0.8969,"ПЛ-13-КМС → 4 Порядок предоставления корпоративной мобильной связи → 4.1 В целях повышения оперативности и эффективности принятия управленческих решений, связанных с производственно-хозяйственной деятельностью, Институт за свой счет обеспечивает установленным категориям сотрудников возможность использования корпоративной мобильной связи."
32,Что будет если превысить лимиты корпоративной мобильной связи?,2,4.2,283,0.8503,ПЛ-13-КМС → 4 Порядок предоставления корпоративной мобильной связи → 4.2 Работники обеспечиваются корпоративной мобильной связью только на период работы в Институте путем выдачи работнику корпоративной SIM-карты.
32,Что будет если превысить лимиты корпоративной мобильной связи?,2,4.3,369,0.9211,"ПЛ-13-КМС → 4 Порядок предоставления корпоративной мобильной связи → 4.3 При отсутствии у работника мобильного аппарата для пользования корпоративной мобильной связью, ему вместе с корпоративной SIM-картой может выдаваться корпоративный мобильный аппарат."
32,Что будет если превысить лимиты корпоративной мобильной связи?,2,4.4,559,0.8993,"ПЛ-13-КМС → 4 Порядок предоставления корпоративной мобильной связи → 4.4 Если выполнение трудовых функций работника связано с необходимостью использования корпоративной мобильной связи, выдача SIM-карты /мобильного аппарата, установление лимита производится на основании письменной заявки работника (Приложение Б), подписанной генеральным директором."
32,Что будет если превысить лимиты корпоративной мобильной связи?,2,4.5,467,0.9043,"ПЛ-13-КМС → 4 Порядок предоставления корпоративной мобильной связи → 4.5 Пользование корпоративной мобильной связью осуществляется в пределах лимитов корпоративной мобильной связи, признаваемых достаточными для решения сотрудниками производственных задач в рамках должностных обязанностей (Приложение А)."
32,Что будет если превысить лимиты корпоративной мобильной связи?,2,4.6,465,0.6706,"ПЛ-13-КМС → 4 Порядок предоставления корпоративной мобильной связи → 4.6 В течение двух рабочих дней с момента подписания приказа, работнику выдается SIM-карта под подпись и (при необходимости) мобильный аппарат по акту приема-передачи по форме указанной в Приложении В. Возврат по форме в Приложении Г."
32,Что будет если превысить лимиты корпоративной мобильной связи?,2,4.7,780,0.9708,"ПЛ-13-КМС → 4 Порядок предоставления корпоративной мобильной связи → 4.7 В случаях, вызванных производственной необходимостью, установленный лимит корпоративной связи может быть изменен персонально. Изменение лимита производится на основании личного заявления сотрудника (Приложение</h3><p>О корпоративной мобильной связи</p><p>О корпоративной мобильной связи</p><li>Е) либо служебной записки непосредственного руководителя и приказа генерального директора с 1-го числа месяца, следующего за текущим.</li>"
32,Что будет если превысить лимиты корпоративной мобильной связи?,2,4.8,427,0.7549,ПЛ-13-КМС → 4 Порядок предоставления корпоративной мобильной связи → 4.8 На время отпуска или временной нетрудоспособности работника за ним сохраняется установленный лимит корпоративной связи в целях обеспечения оперативной связи в случае возникновения производственной необходимости.
32,Что будет если превысить лимиты корпоративной мобильной связи?,1,6,77,0.0,ПЛ-13-КМС → 6 Нормы и порядок возмещения перерасхода лимита корпоративной мобильной связи
32,Что будет если превысить лимиты корпоративной мобильной связи?,2,6.1,500,0.6407,"ПЛ-13-КМС → 6 Нормы и порядок возмещения перерасхода лимита корпоративной мобильной связи → 6.1 В качестве документального подтверждения расходов на корпоративную мобильную связь ответственное лицо организует получение от оператора, предоставляющего мобильную связь, детализации звонков по всем корпоративным номерам, используемым в Институте."
32,Что будет если превысить лимиты корпоративной мобильной связи?,2,6.2,525,0.5151,ПЛ-13-КМС → 6 Нормы и порядок возмещения перерасхода лимита корпоративной мобильной связи → 6.2 В случае превышения расходов на связь сверх установленного лимита удержание может не производится на основании согласованной с генеральным директором объяснительной записки. Данное исключение носит разовый характер и не влияет на изменение лимита в дальнейшем.
32,Что будет если превысить лимиты корпоративной мобильной связи?,2,6.3,618,0.9493,"ПЛ-13-КМС → 6 Нормы и порядок возмещения перерасхода лимита корпоративной мобильной связи → 6.3 При превышении установленного лимита корпоративной мобильной связи сумма расхода, не подтвержденная производственной необходимостью, подлежит либо оплате работником посредством удержания денежных средств из"
33,Что входит в персональные данные сотрудников?,1,2,321,0.0,ПЛ-20-ЗПДР → 2 Понятие и состав персональных данных
33,Что входит в персональные данные сотрудников?,2,2.1,1326,0.8817,"ПЛ-20-ЗПДР → 2 Понятие и состав персональных данных → 2.1 Персональные данные работника - информация, необходимая работодателю в связи с трудовыми отношениями и касающиеся конкретного работника. Под информацией о работниках понимаются сведения о фактах, событиях и обстоятельствах жизни работника, позволяющие идентифицировать его личность."
33,Что входит в персональные данные сотрудников?,2,2.2,50,0.5029,ПЛ-20-ЗПДР → 2 Понятие и состав персональных данных → 2.2 В состав персональных данных работника входят:
33,Что входит в персональные данные сотрудников?,2,2.3,168,0.5101,"ПЛ-20-ЗПДР → 2 Понятие и состав персональных данных → 2.3 Данные документы являются конфиденциальными, хотя, учитывая их массовость и единое место обработки и хранения - соответствующий гриф ограничения на них не ставится."
34,Какие данные являются персональными?,1,2,321,0.0,ПЛ-20-ЗПДР → 2 Понятие и состав персональных данных
34,Какие данные являются персональными?,2,2.1,1326,0.8577,"ПЛ-20-ЗПДР → 2 Понятие и состав персональных данных → 2.1 Персональные данные работника - информация, необходимая работодателю в связи с трудовыми отношениями и касающиеся конкретного работника. Под информацией о работниках понимаются сведения о фактах, событиях и обстоятельствах жизни работника, позволяющие идентифицировать его личность."
34,Какие данные являются персональными?,2,2.2,50,0.5133,ПЛ-20-ЗПДР → 2 Понятие и состав персональных данных → 2.2 В состав персональных данных работника входят:
34,Какие данные являются персональными?,2,2.3,168,0.5037,"ПЛ-20-ЗПДР → 2 Понятие и состав персональных данных → 2.3 Данные документы являются конфиденциальными, хотя, учитывая их массовость и единое место обработки и хранения - соответствующий гриф ограничения на них не ставится."
35,Какие задачи у финансового отдела?,1,3,8,0.0,ПЛ-13 → 3 Задачи
35,Какие задачи у финансового отдела?,2,3.1,313,0.0,"ПЛ-13 → 3 Задачи → 3.1 Ведение бухгалтерского учета, контроль за рациональным использованием материальных и финансовых ресурсов, обеспечение сохранности собственности Института."
35,Какие задачи у финансового отдела?,2,3.2,565,0.0,"ПЛ-13 → 3 Задачи → 3.2 Формирование полной и достоверной информации о деятельности Института и его имущественном положении, необходимой внутренним пользователям бухгалтерской отчетности - руководителям, учредителям, а также внешним инвесторам, кредиторам и другим пользователям бухгалтерской отчетности."
35,Какие задачи у финансового отдела?,2,3.3,821,0.0,"ПЛ-13 → 3 Задачи → 3.3 Обеспечение информацией, необходимой внутренним и внешним пользователям бухгалтерской отчетности для контроля за соблюдением законодательства Российской Федерации при осуществлении Институтом хозяйственных операций и их целесообразностью, наличием и движением имущества и обязательств, использованием материальных, трудовых и финансовых ресурсов в соответствии с утвержденными нормами, нормативами и сметами."
35,Какие задачи у финансового отдела?,2,3.4,329,0.0,ПЛ-13 → 3 Задачи → 3.4 Предотвращение отрицательных результатов хозяйственной деятельности Института и выявление внутрихозяйственных резервов для обеспечения ее финансовой устойчивости.
35,Какие задачи у финансового отдела?,2,3.5,347,0.0,"ПЛ-13 → 3 Задачи → 3.5 Организационно-методическое руководство, координация и контроль деятельности структурных подразделений организации по вопросам финансового контроля и бухгалтерского учета."
35,Какие задачи у финансового отдела?,2,3.6,299,0.0,ПЛ-13 → 3 Задачи → 3.6 Подготовка и представление руководству информационно-аналитических материалов о состоянии и перспективах развития бухгалтерского учета в Институте.
35,Какие задачи у финансового отдела?,2,3.7,281,0.0,"ПЛ-13 → 3 Задачи → 3.7 Совершенствование и внедрение новых методов организации работы, в том числе на основе использования современных информационных технологий."
35,Какие задачи у финансового отдела?,2,3.8,221,0.0,ПЛ-13 → 3 Задачи → 3.8 Участие в пределах своей компетенции в подготовке и исполнении управленческих решений руководства Института.
35,Какие задачи у финансового отдела?,1,2,45,0.0,ПЛ-13 → 2 ПОЛОЖЕНИЕ Об учетно-финансовом отделе «ПЛ-13»
36,Куда нужно класть файлы при регистрации архивов?,1,2,26,0.0,ИН-15-РегАрх → 2 Лист регистрации изменений
36,Куда нужно класть файлы при регистрации архивов?,1,3,838,0.0,ИН-15-РегАрх → 3 F:\\\\ !Шаблоны документов\\\\Бланки регистрации
36,Куда нужно класть файлы при регистрации архивов?,2,3.10,788,0.0,"ИН-15-РегАрх → 3 F:\\\\ !Шаблоны документов\\\\Бланки регистрации → 3.10 Заполненный бланк в электронном виде передается в архив по электронной почте, с обязательным указанием в поле «тема» ХХ - ХХ (номер отдела-номер бланка) на имя Registrator. Название бланка должно содержать номер отдела, номер бланка и идентификационные признаки проектной (отчетной) документации, например: номер договора, сокращенное наименование вида работ/название скважины/месторождения."
36,Куда нужно класть файлы при регистрации архивов?,2,3.11,484,0.0,"ИН-15-РегАрх → 3 F:\\\\ !Шаблоны документов\\\\Бланки регистрации → 3.11 ОтвРег регистрирует поступление в базе данных источников информации F:\\\\DB\\\\_Registrator, F:\\\\DB\\\\_НД, оценивает качество сканирования, заполнение"
36,Куда нужно класть файлы при регистрации архивов?,2,3.12,350,0.0,"ИН-15-РегАрх → 3 F:\\\\ !Шаблоны документов\\\\Бланки регистрации → 3.12 В случае неудовлетворительного качества сканирования или некорректно заполненной регистрационной формы, бланк регистрации возвращается её автору с копией начальнику отдела."
36,Куда нужно класть файлы при регистрации архивов?,2,3.13,360,0.0,"ИН-15-РегАрх → 3 F:\\\\ !Шаблоны документов\\\\Бланки регистрации → 3.13 Документы, не требующие возврата: литература, нормативные документы, выполненные отчёты, а также CD выполненных отчетов идентифицируются инвентарным номером и хранятся в архиве."
36,Куда нужно класть файлы при регистрации архивов?,2,3.14,246,0.0,ИН-15-РегАрх → 3 F:\\\\ !Шаблоны документов\\\\Бланки регистрации → 3.14 ОтвРег по результатам архивирования формирует отчет об архивировании . Отчет хранится в электронном виде не менее 5 лет.
36,Куда нужно класть файлы при регистрации архивов?,2,3.15,328,0.0,ИН-15-РегАрх → 3 F:\\\\ !Шаблоны документов\\\\Бланки регистрации → 3.15 Отчет об архивировании формируется не позднее 5-ти рабочих дней с даты поступления бланка регистрации. Отчет является записью о результатах обработки информации.
36,Куда нужно класть файлы при регистрации архивов?,2,3.16,194,0.0,ИН-15-РегАрх → 3 F:\\\\ !Шаблоны документов\\\\Бланки регистрации → 3.16 Весь процесс архивирования информации должен быть закончен до возврата документации заказчику.
36,Куда нужно класть файлы при регистрации архивов?,2,3.17,373,0.0,"ИН-15-РегАрх → 3 F:\\\\ !Шаблоны документов\\\\Бланки регистрации → 3.17 Для возврата материалов, переданных во временное пользование, ответственный по проекту оформляет 2 экземпляра сопроводительной записки с перечнем документов подлежащих возврату:"
36,Куда нужно класть файлы при регистрации архивов?,2,3.18,654,0.0,"ИН-15-РегАрх → 3 F:\\\\ !Шаблоны документов\\\\Бланки регистрации → 3.18 При передаче документов «Сопроводительная записка» подписывается с обеих сторон. Один экземпляр с подписями сторон передается Заказчику, другой экземпляр возвращается в отдел и подшивается к делу проекта. Сопроводительной записка является обязательной записью о сохранности собственности заказчика."
36,Куда нужно класть файлы при регистрации архивов?,1,2,67,0.0,"ИН-15-РегАрх → 2 Порядок приемки, регистрации и архивирования источников информации."
36,Куда нужно класть файлы при регистрации архивов?,2,3.1,377,0.0,"ИН-15-РегАрх → 2 Порядок приемки, регистрации и архивирования источников информации. → 3.1 Перед началом работ по проекту сотрудники должны ознакомиться с перечнем документов находящихся в архиве института. Такую информацию можно получить на внутреннем портале, вкладка архивы."
36,Куда нужно класть файлы при регистрации архивов?,2,3.2,365,0.0,"ИН-15-РегАрх → 2 Порядок приемки, регистрации и архивирования источников информации. → 3.2 В том случае если информации недостаточно, то необходимо сделать информационный запрос в организацию заказчика или другую стороннюю организацию, обладающую необходимой информацией."
36,Куда нужно класть файлы при регистрации архивов?,2,3.3,301,0.0,"ИН-15-РегАрх → 2 Порядок приемки, регистрации и архивирования источников информации. → 3.3 Запросы на приобретение нормативных документов и/или литературы должны быть завизированы начальником отдела делопроизводства и менеджмента качества."
36,Куда нужно класть файлы при регистрации архивов?,2,3.4,335,0.0,"ИН-15-РегАрх → 2 Порядок приемки, регистрации и архивирования источников информации. → 3.4 Факт передачи может быть зафиксирован документом передающей организации, т.е. сопроводительным письмом, запиской или актом о передаче информационных материалов и др."
36,Куда нужно класть файлы при регистрации архивов?,2,3.5,219,0.0,"ИН-15-РегАрх → 2 Порядок приемки, регистрации и архивирования источников информации. → 3.5 Все поступившие в институт ИсИн. должны быть зарегистрированы и сведения о них занесены в базу данных ИсИн."
36,Куда нужно класть файлы при регистрации архивов?,2,3.6,333,0.0,"ИН-15-РегАрх → 2 Порядок приемки, регистрации и архивирования источников информации. → 3.6 Сотрудник, принявший документы должен организовать обязательное сохранение документов - сканирование в PAPRPORT , сохранение на сервер (для файлов) или копирование."
36,Куда нужно класть файлы при регистрации архивов?,2,3.7,269,0.0,"ИН-15-РегАрх → 2 Порядок приемки, регистрации и архивирования источников информации. → 3.7 Ответственность за полноту и качество обработки документов (сохранение и регистрацию) несет начальник отдела, получивший информацию."
36,Куда нужно класть файлы при регистрации архивов?,2,3.8,341,0.0,"ИН-15-РегАрх → 2 Порядок приемки, регистрации и архивирования источников информации. → 3.8 Сканирование производится в папки соответственно каждому отделу P:\\\\PAPRPORT\\\\!Отделы. Сохранение электронных документов производится по следующему электронному адресу:"
37,Какая структура у каталогов диска P?,1,2,132,0.0,РИ-10-СтруктКат → 2 Основная часть
38,Что такое реестр экологических аспектов?,1,2,37,0.0,ПР-6.1.2-ИЭА → 2 Сводный реестр экологических аспектов
38,Что такое реестр экологических аспектов?,1,4,22,0.0,ПР-6.1.2-ИЭА → 4 Термины и сокращения
38,Что такое реестр экологических аспектов?,2,4.1,808,0.0,ПР-6.1.2-ИЭА → 4 Термины и сокращения → 4.1 Термины.
38,Что такое реестр экологических аспектов?,2,4.2,79,0.0,ПР-6.1.2-ИЭА → 4 Термины и сокращения → 4.2 Сокращения
39,Кому подчиняется полевая партия?,1,2,11,0.0,ПЛ-08-ПП → 2 Структура
39,Кому подчиняется полевая партия?,2,2.1,318,0.8406,"ПЛ-08-ПП → 2 Структура → 2.1 Полевая партия подчиняется непосредственно начальнику полевой партии Отдела, руководству Отдела и Института согласно утвержденной организационной структуре."
42,Что будет если превысить лимиты корпоративной мобильной связи?,1,4,54,0.0,ПЛ-13-КМС → 4 Порядок предоставления корпоративной мобильной связи
42,Что будет если превысить лимиты корпоративной мобильной связи?,2,4.1,537,0.8969,"ПЛ-13-КМС → 4 Порядок предоставления корпоративной мобильной связи → 4.1 В целях повышения оперативности и эффективности принятия управленческих решений, связанных с производственно-хозяйственной деятельностью, Институт за свой счет обеспечивает установленным категориям сотрудников возможность использования корпоративной мобильной связи."
42,Что будет если превысить лимиты корпоративной мобильной связи?,2,4.2,283,0.8503,ПЛ-13-КМС → 4 Порядок предоставления корпоративной мобильной связи → 4.2 Работники обеспечиваются корпоративной мобильной связью только на период работы в Институте путем выдачи работнику корпоративной SIM-карты.
42,Что будет если превысить лимиты корпоративной мобильной связи?,2,4.3,369,0.9211,"ПЛ-13-КМС → 4 Порядок предоставления корпоративной мобильной связи → 4.3 При отсутствии у работника мобильного аппарата для пользования корпоративной мобильной связью, ему вместе с корпоративной SIM-картой может выдаваться корпоративный мобильный аппарат."
42,Что будет если превысить лимиты корпоративной мобильной связи?,2,4.4,559,0.8993,"ПЛ-13-КМС → 4 Порядок предоставления корпоративной мобильной связи → 4.4 Если выполнение трудовых функций работника связано с необходимостью использования корпоративной мобильной связи, выдача SIM-карты /мобильного аппарата, установление лимита производится на основании письменной заявки работника (Приложение Б), подписанной генеральным директором."
42,Что будет если превысить лимиты корпоративной мобильной связи?,2,4.5,467,0.9043,"ПЛ-13-КМС → 4 Порядок предоставления корпоративной мобильной связи → 4.5 Пользование корпоративной мобильной связью осуществляется в пределах лимитов корпоративной мобильной связи, признаваемых достаточными для решения сотрудниками производственных задач в рамках должностных обязанностей (Приложение А)."
42,Что будет если превысить лимиты корпоративной мобильной связи?,2,4.6,465,0.6706,"ПЛ-13-КМС → 4 Порядок предоставления корпоративной мобильной связи → 4.6 В течение двух рабочих дней с момента подписания приказа, работнику выдается SIM-карта под подпись и (при необходимости) мобильный аппарат по акту приема-передачи по форме указанной в Приложении В. Возврат по форме в Приложении Г."
42,Что будет если превысить лимиты корпоративной мобильной связи?,2,4.7,780,0.9708,"ПЛ-13-КМС → 4 Порядок предоставления корпоративной мобильной связи → 4.7 В случаях, вызванных производственной необходимостью, установленный лимит корпоративной связи может быть изменен персонально. Изменение лимита производится на основании личного заявления сотрудника (Приложение</h3><p>О корпоративной мобильной связи</p><p>О корпоративной мобильной связи</p><li>Е) либо служебной записки непосредственного руководителя и приказа генерального директора с 1-го числа месяца, следующего за текущим.</li>"
42,Что будет если превысить лимиты корпоративной мобильной связи?,2,4.8,427,0.7549,ПЛ-13-КМС → 4 Порядок предоставления корпоративной мобильной связи → 4.8 На время отпуска или временной нетрудоспособности работника за ним сохраняется установленный лимит корпоративной связи в целях обеспечения оперативной связи в случае возникновения производственной необходимости.
42,Что будет если превысить лимиты корпоративной мобильной связи?,1,6,77,0.0,ПЛ-13-КМС → 6 Нормы и порядок возмещения перерасхода лимита корпоративной мобильной связи
42,Что будет если превысить лимиты корпоративной мобильной связи?,2,6.1,500,0.6407,"ПЛ-13-КМС → 6 Нормы и порядок возмещения перерасхода лимита корпоративной мобильной связи → 6.1 В качестве документального подтверждения расходов на корпоративную мобильную связь ответственное лицо организует получение от оператора, предоставляющего мобильную связь, детализации звонков по всем корпоративным номерам, используемым в Институте."
42,Что будет если превысить лимиты корпоративной мобильной связи?,2,6.2,525,0.5151,ПЛ-13-КМС → 6 Нормы и порядок возмещения перерасхода лимита корпоративной мобильной связи → 6.2 В случае превышения расходов на связь сверх установленного лимита удержание может не производится на основании согласованной с генеральным директором объяснительной записки. Данное исключение носит разовый характер и не влияет на изменение лимита в дальнейшем.
42,Что будет если превысить лимиты корпоративной мобильной связи?,2,6.3,618,0.9493,"ПЛ-13-КМС → 6 Нормы и порядок возмещения перерасхода лимита корпоративной мобильной связи → 6.3 При превышении установленного лимита корпоративной мобильной связи сумма расхода, не подтвержденная производственной необходимостью, подлежит либо оплате работником посредством удержания денежных средств из"
43,Что входит в персональные данные сотрудников?,1,2,321,0.0,ПЛ-20-ЗПДР → 2 Понятие и состав персональных данных
43,Что входит в персональные данные сотрудников?,2,2.1,1326,0.8817,"ПЛ-20-ЗПДР → 2 Понятие и состав персональных данных → 2.1 Персональные данные работника - информация, необходимая работодателю в связи с трудовыми отношениями и касающиеся конкретного работника. Под информацией о работниках понимаются сведения о фактах, событиях и обстоятельствах жизни работника, позволяющие идентифицировать его личность."
43,Что входит в персональные данные сотрудников?,2,2.2,50,0.5029,ПЛ-20-ЗПДР → 2 Понятие и состав персональных данных → 2.2 В состав персональных данных работника входят:
43,Что входит в персональные данные сотрудников?,2,2.3,168,0.5101,"ПЛ-20-ЗПДР → 2 Понятие и состав персональных данных → 2.3 Данные документы являются конфиденциальными, хотя, учитывая их массовость и единое место обработки и хранения - соответствующий гриф ограничения на них не ставится."
44,Какие данные являются персональными?,1,2,321,0.0,ПЛ-20-ЗПДР → 2 Понятие и состав персональных данных
44,Какие данные являются персональными?,2,2.1,1326,0.8577,"ПЛ-20-ЗПДР → 2 Понятие и состав персональных данных → 2.1 Персональные данные работника - информация, необходимая работодателю в связи с трудовыми отношениями и касающиеся конкретного работника. Под информацией о работниках понимаются сведения о фактах, событиях и обстоятельствах жизни работника, позволяющие идентифицировать его личность."
44,Какие данные являются персональными?,2,2.2,50,0.5133,ПЛ-20-ЗПДР → 2 Понятие и состав персональных данных → 2.2 В состав персональных данных работника входят:
44,Какие данные являются персональными?,2,2.3,168,0.5037,"ПЛ-20-ЗПДР → 2 Понятие и состав персональных данных → 2.3 Данные документы являются конфиденциальными, хотя, учитывая их массовость и единое место обработки и хранения - соответствующий гриф ограничения на них не ставится."
45,Какие задачи у финансового отдела?,1,3,8,0.0,ПЛ-13 → 3 Задачи
45,Какие задачи у финансового отдела?,2,3.1,313,0.0,"ПЛ-13 → 3 Задачи → 3.1 Ведение бухгалтерского учета, контроль за рациональным использованием материальных и финансовых ресурсов, обеспечение сохранности собственности Института."
45,Какие задачи у финансового отдела?,2,3.2,565,0.0,"ПЛ-13 → 3 Задачи → 3.2 Формирование полной и достоверной информации о деятельности Института и его имущественном положении, необходимой внутренним пользователям бухгалтерской отчетности - руководителям, учредителям, а также внешним инвесторам, кредиторам и другим пользователям бухгалтерской отчетности."
45,Какие задачи у финансового отдела?,2,3.3,821,0.0,"ПЛ-13 → 3 Задачи → 3.3 Обеспечение информацией, необходимой внутренним и внешним пользователям бухгалтерской отчетности для контроля за соблюдением законодательства Российской Федерации при осуществлении Институтом хозяйственных операций и их целесообразностью, наличием и движением имущества и обязательств, использованием материальных, трудовых и финансовых ресурсов в соответствии с утвержденными нормами, нормативами и сметами."
45,Какие задачи у финансового отдела?,2,3.4,329,0.0,ПЛ-13 → 3 Задачи → 3.4 Предотвращение отрицательных результатов хозяйственной деятельности Института и выявление внутрихозяйственных резервов для обеспечения ее финансовой устойчивости.
45,Какие задачи у финансового отдела?,2,3.5,347,0.0,"ПЛ-13 → 3 Задачи → 3.5 Организационно-методическое руководство, координация и контроль деятельности структурных подразделений организации по вопросам финансового контроля и бухгалтерского учета."
45,Какие задачи у финансового отдела?,2,3.6,299,0.0,ПЛ-13 → 3 Задачи → 3.6 Подготовка и представление руководству информационно-аналитических материалов о состоянии и перспективах развития бухгалтерского учета в Институте.
45,Какие задачи у финансового отдела?,2,3.7,281,0.0,"ПЛ-13 → 3 Задачи → 3.7 Совершенствование и внедрение новых методов организации работы, в том числе на основе использования современных информационных технологий."
45,Какие задачи у финансового отдела?,2,3.8,221,0.0,ПЛ-13 → 3 Задачи → 3.8 Участие в пределах своей компетенции в подготовке и исполнении управленческих решений руководства Института.
45,Какие задачи у финансового отдела?,1,2,45,0.0,ПЛ-13 → 2 ПОЛОЖЕНИЕ Об учетно-финансовом отделе «ПЛ-13»
46,Куда нужно класть файлы при регистрации архивов?,1,2,26,0.0,ИН-15-РегАрх → 2 Лист регистрации изменений
46,Куда нужно класть файлы при регистрации архивов?,1,3,838,0.0,ИН-15-РегАрх → 3 F:\\\\ !Шаблоны документов\\\\Бланки регистрации
46,Куда нужно класть файлы при регистрации архивов?,2,3.10,788,0.0,"ИН-15-РегАрх → 3 F:\\\\ !Шаблоны документов\\\\Бланки регистрации → 3.10 Заполненный бланк в электронном виде передается в архив по электронной почте, с обязательным указанием в поле «тема» ХХ - ХХ (номер отдела-номер бланка) на имя Registrator. Название бланка должно содержать номер отдела, номер бланка и идентификационные признаки проектной (отчетной) документации, например: номер договора, сокращенное наименование вида работ/название скважины/месторождения."
46,Куда нужно класть файлы при регистрации архивов?,2,3.11,484,0.0,"ИН-15-РегАрх → 3 F:\\\\ !Шаблоны документов\\\\Бланки регистрации → 3.11 ОтвРег регистрирует поступление в базе данных источников информации F:\\\\DB\\\\_Registrator, F:\\\\DB\\\\_НД, оценивает качество сканирования, заполнение"
46,Куда нужно класть файлы при регистрации архивов?,2,3.12,350,0.0,"ИН-15-РегАрх → 3 F:\\\\ !Шаблоны документов\\\\Бланки регистрации → 3.12 В случае неудовлетворительного качества сканирования или некорректно заполненной регистрационной формы, бланк регистрации возвращается её автору с копией начальнику отдела."
46,Куда нужно класть файлы при регистрации архивов?,2,3.13,360,0.0,"ИН-15-РегАрх → 3 F:\\\\ !Шаблоны документов\\\\Бланки регистрации → 3.13 Документы, не требующие возврата: литература, нормативные документы, выполненные отчёты, а также CD выполненных отчетов идентифицируются инвентарным номером и хранятся в архиве."
46,Куда нужно класть файлы при регистрации архивов?,2,3.14,246,0.0,ИН-15-РегАрх → 3 F:\\\\ !Шаблоны документов\\\\Бланки регистрации → 3.14 ОтвРег по результатам архивирования формирует отчет об архивировании . Отчет хранится в электронном виде не менее 5 лет.
46,Куда нужно класть файлы при регистрации архивов?,2,3.15,328,0.0,ИН-15-РегАрх → 3 F:\\\\ !Шаблоны документов\\\\Бланки регистрации → 3.15 Отчет об архивировании формируется не позднее 5-ти рабочих дней с даты поступления бланка регистрации. Отчет является записью о результатах обработки информации.
46,Куда нужно класть файлы при регистрации архивов?,2,3.16,194,0.0,ИН-15-РегАрх → 3 F:\\\\ !Шаблоны документов\\\\Бланки регистрации → 3.16 Весь процесс архивирования информации должен быть закончен до возврата документации заказчику.
46,Куда нужно класть файлы при регистрации архивов?,2,3.17,373,0.0,"ИН-15-РегАрх → 3 F:\\\\ !Шаблоны документов\\\\Бланки регистрации → 3.17 Для возврата материалов, переданных во временное пользование, ответственный по проекту оформляет 2 экземпляра сопроводительной записки с перечнем документов подлежащих возврату:"
46,Куда нужно класть файлы при регистрации архивов?,2,3.18,654,0.0,"ИН-15-РегАрх → 3 F:\\\\ !Шаблоны документов\\\\Бланки регистрации → 3.18 При передаче документов «Сопроводительная записка» подписывается с обеих сторон. Один экземпляр с подписями сторон передается Заказчику, другой экземпляр возвращается в отдел и подшивается к делу проекта. Сопроводительной записка является обязательной записью о сохранности собственности заказчика."
46,Куда нужно класть файлы при регистрации архивов?,1,2,67,0.0,"ИН-15-РегАрх → 2 Порядок приемки, регистрации и архивирования источников информации."
46,Куда нужно класть файлы при регистрации архивов?,2,3.1,377,0.0,"ИН-15-РегАрх → 2 Порядок приемки, регистрации и архивирования источников информации. → 3.1 Перед началом работ по проекту сотрудники должны ознакомиться с перечнем документов находящихся в архиве института. Такую информацию можно получить на внутреннем портале, вкладка архивы."
46,Куда нужно класть файлы при регистрации архивов?,2,3.2,365,0.0,"ИН-15-РегАрх → 2 Порядок приемки, регистрации и архивирования источников информации. → 3.2 В том случае если информации недостаточно, то необходимо сделать информационный запрос в организацию заказчика или другую стороннюю организацию, обладающую необходимой информацией."
46,Куда нужно класть файлы при регистрации архивов?,2,3.3,301,0.0,"ИН-15-РегАрх → 2 Порядок приемки, регистрации и архивирования источников информации. → 3.3 Запросы на приобретение нормативных документов и/или литературы должны быть завизированы начальником отдела делопроизводства и менеджмента качества."
46,Куда нужно класть файлы при регистрации архивов?,2,3.4,335,0.0,"ИН-15-РегАрх → 2 Порядок приемки, регистрации и архивирования источников информации. → 3.4 Факт передачи может быть зафиксирован документом передающей организации, т.е. сопроводительным письмом, запиской или актом о передаче информационных материалов и др."
46,Куда нужно класть файлы при регистрации архивов?,2,3.5,219,0.0,"ИН-15-РегАрх → 2 Порядок приемки, регистрации и архивирования источников информации. → 3.5 Все поступившие в институт ИсИн. должны быть зарегистрированы и сведения о них занесены в базу данных ИсИн."
46,Куда нужно класть файлы при регистрации архивов?,2,3.6,333,0.0,"ИН-15-РегАрх → 2 Порядок приемки, регистрации и архивирования источников информации. → 3.6 Сотрудник, принявший документы должен организовать обязательное сохранение документов - сканирование в PAPRPORT , сохранение на сервер (для файлов) или копирование."
46,Куда нужно класть файлы при регистрации архивов?,2,3.7,269,0.0,"ИН-15-РегАрх → 2 Порядок приемки, регистрации и архивирования источников информации. → 3.7 Ответственность за полноту и качество обработки документов (сохранение и регистрацию) несет начальник отдела, получивший информацию."
46,Куда нужно класть файлы при регистрации архивов?,2,3.8,341,0.0,"ИН-15-РегАрх → 2 Порядок приемки, регистрации и архивирования источников информации. → 3.8 Сканирование производится в папки соответственно каждому отделу P:\\\\PAPRPORT\\\\!Отделы. Сохранение электронных документов производится по следующему электронному адресу:"
47,Какая структура у каталогов диска P?,1,2,132,0.0,РИ-10-СтруктКат → 2 Основная часть
48,Что такое реестр экологических аспектов?,1,2,37,0.0,ПР-6.1.2-ИЭА → 2 Сводный реестр экологических аспектов
48,Что такое реестр экологических аспектов?,1,4,22,0.0,ПР-6.1.2-ИЭА → 4 Термины и сокращения
48,Что такое реестр экологических аспектов?,2,4.1,808,0.0,ПР-6.1.2-ИЭА → 4 Термины и сокращения → 4.1 Термины.
48,Что такое реестр экологических аспектов?,2,4.2,79,0.0,ПР-6.1.2-ИЭА → 4 Термины и сокращения → 4.2 Сокращения
49,Кому подчиняется полевая партия?,1,2,11,0.0,ПЛ-08-ПП → 2 Структура
49,Кому подчиняется полевая партия?,2,2.1,318,0.8406,"ПЛ-08-ПП → 2 Структура → 2.1 Полевая партия подчиняется непосредственно начальнику полевой партии Отдела, руководству Отдела и Института согласно утвержденной организационной структуре."
52,Есть ли у нас документ про управление рисками?,1,1,91,0.0,ИН-01-УР → 1 Приложение А
52,Есть ли у нас документ про управление рисками?,1,5,20,0.0,ИН-01-УР → 5 Основные положения
52,Есть ли у нас документ про управление рисками?,2,5.1,277,0.0,ИН-01-УР → 5 Основные положения → 5.1 Процесс управления рисками включает следующие подпроцессы:
52,Есть ли у нас документ про управление рисками?,2,5.2,145,0.0,ИН-01-УР → 5 Основные положения → 5.2 Ответственность и полномочия по управлению рисками определены в:
58,Какие задачи у отдела бурения и проектирования строительства скважин?,1,3,987,0.0,ПЛ-12 → 3 Задачи
58,Какие задачи у отдела бурения и проектирования строительства скважин?,1,1,1746,0.0,ПЛ-12 → 1 Общие положения
59,Чем занимается полевая партия отдела инженерных изысканий?,1,4,9,0.0,ПЛ-08-ПП → 4 Функции
59,Чем занимается полевая партия отдела инженерных изысканий?,2,4.1,313,0.0,"ПЛ-08-ПП → 4 Функции → 4.1 Выполнение маркшейдерских съёмок, вынос в натуру скважин, создание, обновление, расширение опорных маркшейдерских сетей, создание соответствующих отчётов."
59,Чем занимается полевая партия отдела инженерных изысканий?,2,4.2,123,0.0,ПЛ-08-ПП → 4 Функции → 4.2 Строительство опорных геодезических и маркшейдерских сетей.
59,Чем занимается полевая партия отдела инженерных изысканий?,2,4.3,277,0.0,"ПЛ-08-ПП → 4 Функции → 4.3 Геодезические наблюдения за деформациями и осадками зданий и сооружений, движениями земной поверхности и опасными природными процессами."
59,Чем занимается полевая партия отдела инженерных изысканий?,2,4.4,203,0.0,"ПЛ-08-ПП → 4 Функции → 4.4 Создание и обновление инженерно-топографических планов, съемка подземных коммуникаций и сооружений."
59,Чем занимается полевая партия отдела инженерных изысканий?,2,4.5,69,0.0,ПЛ-08-ПП → 4 Функции → 4.5 Трассирование линейных объектов.
59,Чем занимается полевая партия отдела инженерных изысканий?,2,4.6,191,0.0,ПЛ-08-ПП → 4 Функции → 4.6 Геодезические и топографические работы при строительстве и реконструкции зданий и сооружений.
59,Чем занимается полевая партия отдела инженерных изысканий?,2,4.7,123,0.0,ПЛ-08-ПП → 4 Функции → 4.7 Инженерно-геологическая съемка в масштабах 1:500 - 1:25000.
59,Чем занимается полевая партия отдела инженерных изысканий?,2,4.8,93,0.0,ПЛ-08-ПП → 4 Функции → 4.8 Проходка горных выработок с их опробованием.
59,Чем занимается полевая партия отдела инженерных изысканий?,2,4.9,101,0.0,ПЛ-08-ПП → 4 Функции → 4.9 Выполнение геотехнических и геофизических работ.
59,Чем занимается полевая партия отдела инженерных изысканий?,2,4.10,204,0.0,ПЛ-08-ПП → 4 Функции → 4.10 Полевые испытания грунтов с определением их стандартных прочностных и деформационных характеристик.
59,Чем занимается полевая партия отдела инженерных изысканий?,2,4.11,246,0.0,"ПЛ-08-ПП → 4 Функции → 4.11 Определение стандартных механических характеристик грунтов методами статического, динамического и бурового зондирования."
59,Чем занимается полевая партия отдела инженерных изысканий?,2,4.12,128,0.0,ПЛ-08-ПП → 4 Функции → 4.12 Обследование состояния грунтов основания зданий и сооружений.
59,Чем занимается полевая партия отдела инженерных изысканий?,2,4.13,166,0.0,ПЛ-08-ПП → 4 Функции → 4.13 Метеорологические наблюдения и изучение гидрологического режима водных объектов.
59,Чем занимается полевая партия отдела инженерных изысканий?,2,4.14,210,0.0,ПЛ-08-ПП → 4 Функции → 4.14 Выполнение полевых работ в рамках инженерно-экологических и инженерногидрометеорологических изысканий.
59,Чем занимается полевая партия отдела инженерных изысканий?,2,4.15,240,0.0,"ПЛ-08-ПП → 4 Функции → 4.15 Своевременное проведение метрологического обследования (поверки) геодезического оборудования, средств измерения (СИ)."
59,Чем занимается полевая партия отдела инженерных изысканий?,2,4.16,86,0.0,ПЛ-08-ПП → 4 Функции → 4.16 Составление технологических регламентов.
59,Чем занимается полевая партия отдела инженерных изысканий?,2,4.17,136,0.0,ПЛ-08-ПП → 4 Функции → 4.17 Участие в пополнении базы данных Института источников информации.
59,Чем занимается полевая партия отдела инженерных изысканий?,2,4.18,290,0.0,"ПЛ-08-ПП → 4 Функции → 4.18 Изучение мирового и отечественного опыта применения новых технологий, материалов и оборудования в области маркшейдерии и инженерных изысканий."
59,Чем занимается полевая партия отдела инженерных изысканий?,2,4.19,244,0.0,ПЛ-08-ПП → 4 Функции → 4.19 Мониторинг и изучение состояния законодательной и нормативной базы имеющей отношение к работе Отдела и отрасли в целом.
59,Чем занимается полевая партия отдела инженерных изысканий?,2,4.20,118,0.0,ПЛ-08-ПП → 4 Функции → 4.20 Участие в подготовке презентаций и рекламных материалов.
59,Чем занимается полевая партия отдела инженерных изысканий?,1,2,65,0.0,ПЛ-08-ПП → 2 ПОЛОЖЕНИЕ О полевой партии отдела инженерных изысканий «ПЛ-08-ПП»
60,Какие функции у учетно-финансового отдела?,1,1,17,0.0,ПЛ-13 → 1 Общие положения
60,Какие функции у учетно-финансового отдела?,2,1.1,227,0.0,ПЛ-13 → 1 Общие положения → 1.1 Учетно-финансовый отдел является структурным подразделением АО «ВолгоградНИПИнефть» (далее по тексту Институт).
60,Какие функции у учетно-финансового отдела?,2,1.2,153,0.0,ПЛ-13 → 1 Общие положения → 1.2 Отдел создается и ликвидируется приказом генерального директора Института.
60,Какие функции у учетно-финансового отдела?,2,1.3,289,0.0,ПЛ-13 → 1 Общие положения → 1.3 В своей деятельности отдел руководствуется:
60,Какие функции у учетно-финансового отдела?,1,4,9,0.0,ПЛ-13 → 4 Функции
60,Какие функции у учетно-финансового отдела?,2,4.1,125,0.0,ПЛ-13 → 4 Функции → 4.1 Планирование и организация бухгалтерского учета в Институте.
60,Какие функции у учетно-финансового отдела?,2,4.2,219,0.0,"ПЛ-13 → 4 Функции → 4.2 Контроль за рациональным и экономным использованием материальных, трудовых и финансовых ресурсов Института."
60,Какие функции у учетно-финансового отдела?,2,4.3,321,0.0,"ПЛ-13 → 4 Функции → 4.3 Контроль за состоянием расчетов с предприятиями, организациями, учреждениями и лицами, а также сохранностью денежных средств и товарно-материальных ценностей."
60,Какие функции у учетно-финансового отдела?,2,4.4,381,0.0,"ПЛ-13 → 4 Функции → 4.4 Формирование в соответствии с действующим законодательством и нормативно-правовыми актами о бухгалтерском учете учетной политики, исходя из структуры и особенностей деятельности Института."
60,Какие функции у учетно-финансового отдела?,2,4.5,565,0.0,"ПЛ-13 → 4 Функции → 4.5 Подготовка и принятие рабочего плана счетов, форм первичных учетных документов, применяемых для оформления хозяйственных операций, по которым не предусмотрены типовые формы, разработка форм документов внутренней бухгалтерской отчетности, а также порядка проведения инвентаризаций."
60,Какие функции у учетно-финансового отдела?,2,4.6,271,0.0,"ПЛ-13 → 4 Функции → 4.6 Контроль за проведением хозяйственных операций, соблюдением технологии обработки бухгалтерской информации и порядка документооборота."
60,Какие функции у учетно-финансового отдела?,2,4.7,863,0.0,"ПЛ-13 → 4 Функции → 4.7 Организация бухгалтерского учета и отчетности на основе применения современных технических средств и информационных технологий, прогрессивных форм и методов учета и контроля, формирование и своевременное представление полной и достоверной бухгалтерской информации о деятельности организации, ее имущественном положении, доходах и расходах, разработка и осуществление мероприятий, направленных на укрепление финансовой дисциплины."
60,Какие функции у учетно-финансового отдела?,2,4.8,207,0.0,"ПЛ-13 → 4 Функции → 4.8 Проведение инвентаризации денежных средств, товарно-материальных ценностей, расчетов с организациями."
60,Какие функции у учетно-финансового отдела?,2,4.9,517,0.0,"ПЛ-13 → 4 Функции → 4.9 Проведение совместно со структурными подразделениями организации экономического анализа хозяйственно-финансовой деятельности по данным бухгалтерского учета в целях выявления внутрихозяйственных резервов, предупреждения потерь и непроизводственных расходов."
60,Какие функции у учетно-финансового отдела?,2,4.10,914,0.0,"ПЛ-13 → 4 Функции → 4.10 Учет имущества, обязательств и хозяйственных операций, поступающих основных средств, товарно-материальных ценностей и денежных средств, своевременное отражение на счетах бухгалтерского учета операций, связанных с их движением, учет издержек производства и обращения, исполнения смет расходов, реализации продукции, выполнения работ (услуг), результатов хозяйственно-финансовой деятельности организации, а также финансовых, расчетных и кредитных операций."
60,Какие функции у учетно-финансового отдела?,2,4.11,1206,0.0,"ПЛ-13 → 4 Функции → 4.11 Обеспечение законности, своевременности и правильности оформления документов, составление экономически обоснованных отчетных калькуляций себестоимости продукции, выполняемых работ (услуг), расчет по заработной плате, начисление и перечисление налогов и сборов в федеральный, региональный и местный бюджеты, страховых взносов в государственные внебюджетные социальные фонды, платежей в банковские учреждения, средств на финансирование капитальных вложений, погашение в установленные сроки задолженностей банкам по ссудам, а также отчисление средств на материальное стимулирование работников Института."
60,Какие функции у учетно-финансового отдела?,2,4.12,850,0.0,"ПЛ-13 → 4 Функции → 4.12 Контроль за соблюдением порядка оформления первичных бухгалтерских документов, расчетов и платежных обязательств, расходования фонда заработной платы, за установлением должностных окладов работникам организации, проведением инвентаризаций основных средств, товарно-материальных ценностей и денежных средств, проверок организации бухгалтерского учета и отчетности, а также документальных ревизий в подразделениях Института."
60,Какие функции у учетно-финансового отдела?,2,4.13,656,0.0,"ПЛ-13 → 4 Функции → 4.13 Обеспечение строгого соблюдения штатной, финансовой и кассовой дисциплины, смет административно-хозяйственных и других расходов, законности списания со счетов бухгалтерского учета недостач, дебиторской задолженности и других потерь, сохранности бухгалтерских документов, оформления и сдачи их в установленном порядке в архив."
60,Какие функции у учетно-финансового отдела?,2,4.14,450,0.0,"ПЛ-13 → 4 Функции → 4.14 Составление баланса и оперативных сводных отчетов о доходах и расходах средств, об использовании бюджета, другой бухгалтерской и статистической отчетности, представление их в установленном порядке в соответствующие органы."
60,Какие функции у учетно-финансового отдела?,2,4.15,208,0.0,ПЛ-13 → 4 Функции → 4.15 Осуществление в пределах своей компетенции иных функций в соответствии с целями и задачами Института.
60,Какие функции у учетно-финансового отдела?,1,2,825,0.0,ПЛ-13 → 2 Приложение 2. Перечень внутренней документации ИСМ отдела
61,Какие есть стадии выполнения проектных работ?,1,2,45,0.0,ИН-01-СВР → 2 Приложение А. Стадии и этапы выполнения работ
61,Какие есть стадии выполнения проектных работ?,2,2.1,1349,0.0,ИН-01-СВР → 2 Приложение А. Стадии и этапы выполнения работ → 2.1 Предпроектная стадия
61,Какие есть стадии выполнения проектных работ?,2,2.2,998,0.0,ИН-01-СВР → 2 Приложение А. Стадии и этапы выполнения работ → 2.2 Проектирование
61,Какие есть стадии выполнения проектных работ?,2,2.3,1486,0.0,ИН-01-СВР → 2 Приложение А. Стадии и этапы выполнения работ → 2.3 Экспертиза и согласование проектной документации
61,Какие есть стадии выполнения проектных работ?,2,2.4,872,0.0,ИН-01-СВР → 2 Приложение А. Стадии и этапы выполнения работ → 2.4 Завершающая стадия
61,Какие есть стадии выполнения проектных работ?,2,2.5,458,0.0,ИН-01-СВР → 2 Приложение А. Стадии и этапы выполнения работ → 2.5 Архивирование
61,Какие есть стадии выполнения проектных работ?,1,5,236,0.0,ИН-01-СВР → 5 Стадии выполнения работ
61,Какие есть стадии выполнения проектных работ?,1,6,26,0.0,ИН-01-СВР → 6 Предпроектная проработка
61,Какие есть стадии выполнения проектных работ?,2,6.1,598,0.0,"ИН-01-СВР → 6 Предпроектная проработка → 6.1 Предпроектная проработка, как правило, инициируется заявкой Заказчика официальным письмом на имя генерального директора Института, с указанием интересующих работ и услуг, либо поступлением информации о выигранном тендере."
61,Какие есть стадии выполнения проектных работ?,2,6.2,487,0.0,"ИН-01-СВР → 6 Предпроектная проработка → 6.2 На этой стадии должны быть определены, проанализированы и зафиксированы документально требования Заказчика к ПД. По результатам анализа оформляется и согласовывается с Заказчиком ЗП/ТЗ/ГЗ и Календарный план выполнения работ, где он применим."
61,Какие есть стадии выполнения проектных работ?,2,6.3,647,0.0,"ИН-01-СВР → 6 Предпроектная проработка → 6.3 В тех случаях, когда развернутое ЗП/ТЗ/ГЗ оформить до подписания договора затруднительно, оформляется задание к договору с указанием основных законодательных и нормативных документов, перечня экспертиз и согласований, требований к объему, составу и срокам выполнения работ, электронной версии отчета и к количеству копий."
61,Какие есть стадии выполнения проектных работ?,2,6.4,297,0.0,"ИН-01-СВР → 6 Предпроектная проработка → 6.4 На данной стадии оформляется и согласовывается проект договора, что означает способность Института выполнить установленные требования к ПД в срок."
61,Какие есть стадии выполнения проектных работ?,2,6.5,485,0.0,"ИН-01-СВР → 6 Предпроектная проработка → 6.5 Оформление и согласование договоров, актов сдачи-приемки выполненных работ, платежных документов по этапам и работе в целом осуществляется в соответствии с инструкцией «Организация договорной работы» (ИН-05 ДР):"
62,Как транспортировать отходы IV класса опасности,1,8,40,0.0,ИН-01-ПОО → 8 Требования к транспортированию отходов
62,Как транспортировать отходы IV класса опасности,2,8.1,269,0.0,ИН-01-ПОО → 8 Требования к транспортированию отходов → 8.1 Деятельность по транспортированию отходов II класса
62,Как транспортировать отходы IV класса опасности,2,8.2,288,0.0,ИН-01-ПОО → 8 Требования к транспортированию отходов → 8.2 Транспортирование отходов III-IV класса опасности
62,Как транспортировать отходы IV класса опасности,2,8.3,268,0.0,ИН-01-ПОО → 8 Требования к транспортированию отходов → 8.3 Транспортирование отходов ТКО
62,Как транспортировать отходы IV класса опасности,2,8.4,349,0.0,ИН-01-ПОО → 8 Требования к транспортированию отходов → 8.4 Транспортирование отходов V класса опасности
62,Как транспортировать отходы IV класса опасности,2,8.5,223,0.0,ИН-01-ПОО → 8 Требования к транспортированию отходов → 8.5 Транспортирование отходов
62,Как транспортировать отходы IV класса опасности,2,8.6,171,0.0,ИН-01-ПОО → 8 Требования к транспортированию отходов → 8.6 При транспортировании отходов
63,Что входит в процесс управления рисками?,1,5,20,0.0,ИН-01-УР → 5 Основные положения
63,Что входит в процесс управления рисками?,2,5.1,277,0.0,ИН-01-УР → 5 Основные положения → 5.1 Процесс управления рисками включает следующие подпроцессы:
63,Что входит в процесс управления рисками?,2,5.2,145,0.0,ИН-01-УР → 5 Основные положения → 5.2 Ответственность и полномочия по управлению рисками определены в:
63,Что входит в процесс управления рисками?,1,1,91,0.0,ИН-01-УР → 1 Приложение А
63,Что входит в процесс управления рисками?,1,4,1264,0.0,"ИН-01-УР → 4 Термины, обозначения, сокращения"
63,Что входит в процесс управления рисками?,2,4.1,1237,0.0,"ИН-01-УР → 4 Термины, обозначения, сокращения → 4.1 Термины и определения:"
63,Что входит в процесс управления рисками?,2,4.2,159,0.0,"ИН-01-УР → 4 Термины, обозначения, сокращения → 4.2 Применяемые сокращения:"
64,Что значит накопление отходов?,1,4,5908,0.0,"ИН-01-ПОО → 4 Термины, обозначения, сокращения"
64,Что значит накопление отходов?,1,10,34,0.0,ИН-01-ПОО → 10 Безопасное обращение с отходами
64,Что значит накопление отходов?,2,10.1,700,0.0,"ИН-01-ПОО → 10 Безопасное обращение с отходами → 10.1 Персонал, занятый накоплением и передачей отходов сторонним организациям, должен быть обучен правилам безопасности по обращению с отходами в объеме настоящей инструкции и инструкции по охране труда и промышленной безопасности  по  данному  рабочему  месту  и  несет  личную  ответственность  за соблюдение определенных в них требований безопасности."
64,Что значит накопление отходов?,2,10.2,268,0.0,ИН-01-ПОО → 10 Безопасное обращение с отходами → 10.2 Способы  накопления  отходов  и  их  передачи  сторонним  организациям  должны исключать возможность загрязнения окружающей территории.
64,Что значит накопление отходов?,2,10.3,741,0.0,ИН-01-ПОО → 10 Безопасное обращение с отходами → 10.3 В соответствии с экологическими нормами Институт должен выполнять следующие требования:
64,Что значит накопление отходов?,2,10.4,96,0.0,ИН-01-ПОО → 10 Безопасное обращение с отходами → 10.4 Запрещается:
65,Что такое субподрядная работа?,1,11,492,0.0,"ПЛ-08-ОВКК → 11 Требования, предъявляемые к субподрядным организациям."
66,Что такое верификация поставки?,1,8,51,0.0,"ИН-01-ВП → 8 Верификация поставленной продукции, работ (услуг)"
66,Что такое верификация поставки?,2,8.1,415,0.0,"ИН-01-ВП → 8 Верификация поставленной продукции, работ (услуг) → 8.1 Ответственное лицо организует входной контроль (верификацию) поставленной продукции, СИ, оборудования и программных продуктов до начала эксплуатации, с привлечением по необходимости специалистов Института."
66,Что такое верификация поставки?,2,8.2,127,0.0,"ИН-01-ВП → 8 Верификация поставленной продукции, работ (услуг) → 8.2 Верификация продукции, как правило, осуществляется визуально."
66,Что такое верификация поставки?,2,8.3,163,0.0,"ИН-01-ВП → 8 Верификация поставленной продукции, работ (услуг) → 8.3 Подтверждением приемки является подпись ответственного лица в накладной (акте)."
66,Что такое верификация поставки?,2,8.4,398,0.0,"ИН-01-ВП → 8 Верификация поставленной продукции, работ (услуг) → 8.4 Входной контроль поставленной продукции заключается в сопоставлении сопроводительной документации и проверке:"
66,Что такое верификация поставки?,2,8.5,207,0.0,"ИН-01-ВП → 8 Верификация поставленной продукции, работ (услуг) → 8.5 Оборудование должно быть обеспечено необходимыми инструкциями по использованию со стороны поставщика."
66,Что такое верификация поставки?,2,8.6,746,0.0,"ИН-01-ВП → 8 Верификация поставленной продукции, работ (услуг) → 8.6 Результатом проверок может быть:"
66,Что такое верификация поставки?,2,8.7,233,0.0,"ИН-01-ВП → 8 Верификация поставленной продукции, работ (услуг) → 8.7 Оборудованию, поступившему на баланс Института, присваиваются инвентарные номера, и ведётся его регистрация в УФО."
66,Что такое верификация поставки?,2,8.8,441,0.0,"ИН-01-ВП → 8 Верификация поставленной продукции, работ (услуг) → 8.8 Проверку предоставления работ и услуг субподрядными организациями и анализ представляемых отчетных документов осуществляет руководитель структурного подразделения с привлечением по необходимости специалистов Института."
66,Что такое верификация поставки?,2,8.9,531,0.0,"ИН-01-ВП → 8 Верификация поставленной продукции, работ (услуг) → 8.9 Любая продукция, работа (услуга), характеристики которой не соответствуют установленным требованиям, своевременно идентифицируется, регистрируется и не используется до принятия решений уполномоченным персоналом о ее корректировке, изъятии, замене, возврате и т.п."
66,Что такое верификация поставки?,2,8.10,298,0.0,"ИН-01-ВП → 8 Верификация поставленной продукции, работ (услуг) → 8.10 Информация о несоответствующей поставке незамедлительно направляется в письменном виде поставщику исполнителем, указанным в поручении руководства."
67,Как оформляется заявление командировку?,1,2,12,0.0,ПЛ-13-К → 2 Приложение В
67,Как оформляется заявление командировку?,2,2.1,650,0.0,ПЛ-13-К → 2 Приложение В → 2.1 Служебная записка об отмене командировки
67,Как оформляется заявление командировку?,1,7,94,0.0,ПЛ-13-К → 7 Приложение Г
67,Как оформляется заявление командировку?,2,2.1,200,0.0,"ПЛ-13-К → 7 Приложение Г → 2.1 Заявка на продление командировки, оформление приказа и получение денежных средств"
67,Как оформляется заявление командировку?,2,2.2,470,0.0,ПЛ-13-К → 7 Приложение Г → 2.2 Цель расходования средств
67,Как оформляется заявление командировку?,2,2.3,181,0.0,ПЛ-13-К → 7 Приложение Г → 2.3 Памятка подотчетному лицу
67,Как оформляется заявление командировку?,2,2.4,178,0.0,ПЛ-13-К → 7 Приложение Г → 2.4 До начала командировки
67,Как оформляется заявление командировку?,2,2.5,291,0.0,ПЛ-13-К → 7 Приложение Г → 2.5 Во время командировки
67,Как оформляется заявление командировку?,2,2.6,529,0.0,"ПЛ-13-К → 7 Приложение Г → 2.6 Документы, подтверждающие расходы на проезд"
67,Как оформляется заявление командировку?,2,2.7,359,0.0,"ПЛ-13-К → 7 Приложение Г → 2.7 Документы, подтверждающие расходы на проживание"
67,Как оформляется заявление командировку?,2,2.8,180,0.0,ПЛ-13-К → 7 Приложение Г → 2.8 По окончании командировки
67,Как оформляется заявление командировку?,1,1,86,0.0,ПЛ-13-К → 1 Приложение А
67,Как оформляется заявление командировку?,2,2.1,401,0.0,ПЛ-13-К → 1 Приложение А → 2.1 Заявка на оформление приказа на командировку и получения денежных средств
67,Как оформляется заявление командировку?,2,2.2,275,0.0,ПЛ-13-К → 1 Приложение А → 2.2 Цель командировки
67,Как оформляется заявление командировку?,2,2.3,286,0.0,ПЛ-13-К → 1 Приложение А → 2.3 СОГЛАСОВАНО
