session_index,question,rank_in_log,score,dense_score,sparse_score,sum_score,title
1,Как у нас проходит процедура закупки оборудования от начала до конца?,1,0.7586,0.79,0.0,0.8,Примечания
1,Как у нас проходит процедура закупки оборудования от начала до конца?,2,0.7113,0.78,0.0,0.74,6 Порядок обеспечения дистанционных работников необходимым оборудованием и иными средствами
1,Как у нас проходит процедура закупки оборудования от начала до конца?,3,0.2313,0.77,0.0,0.0,Порядок приема и увольнения работников
1,Как у нас проходит процедура закупки оборудования от начала до конца?,4,0.7361,0.77,0.5,0.74,"Порядок приемки, регистрации и архивирования источников информации."
1,Как у нас проходит процедура закупки оборудования от начала до конца?,5,0.7194,0.77,0.0,0.75,2 Оборудование
1,Как у нас проходит процедура закупки оборудования от начала до конца?,6,0.7201,0.77,0.0,0.75,6 Основные этапы подготовки ТП.
1,Как у нас проходит процедура закупки оборудования от начала до конца?,7,0.7383,0.77,0.0,0.78,"7 Порядок действий при внешних поставках для осуществления работ по договорам в офисе Института и внешних поставках, связанных с развитием инфраструктуры и материальных ресурсов Института"
1,Как у нас проходит процедура закупки оборудования от начала до конца?,8,0.2291,0.76,0.0,0.0,Порядок работы
1,Как у нас проходит процедура закупки оборудования от начала до конца?,9,0.7256,0.76,0.0,0.76,Организация договорной работы
1,Как у нас проходит процедура закупки оборудования от начала до конца?,10,0.7228,0.76,0.0,0.76,Организация договорной работы
1,Как у нас проходит процедура закупки оборудования от начала до конца?,11,0.2291,0.76,0.0,0.0,Организация договорной работы
1,Как у нас проходит процедура закупки оборудования от начала до конца?,12,0.2279,0.76,0.0,0.0,10 Порядок допуска к коммерческой тайне
1,Как у нас проходит процедура закупки оборудования от начала до конца?,13,0.2277,0.76,0.0,0.0,Приложение А. Стадии и этапы выполнения работ
1,Как у нас проходит процедура закупки оборудования от начала до конца?,14,0.2273,0.76,0.0,0.0,8 Стадия оформления работы
1,Как у нас проходит процедура закупки оборудования от начала до конца?,15,0.2268,0.76,0.0,0.0,5 Порядок приема и перевода работника на дистанционную работу
1,Как у нас проходит процедура закупки оборудования от начала до конца?,16,0.226,0.75,0.0,0.0,7 Порядок отнесения сведений к коммерческой тайне
1,Как у нас проходит процедура закупки оборудования от начала до конца?,17,0.2252,0.75,0.0,0.0,6 Порядок накопления отходов
1,Как у нас проходит процедура закупки оборудования от начала до конца?,18,0.2252,0.75,0.0,0.0,6 Порядок накопления отходов
1,Как у нас проходит процедура закупки оборудования от начала до конца?,19,0.2251,0.75,0.0,0.0,5 Порядок проведения нормоконтроля
1,Как у нас проходит процедура закупки оборудования от начала до конца?,20,0.7049,0.75,0.0,0.74,ИНСТРУКЦИЯ По подготовке тендерного предложения «ИН-01-ПТП»
1,Как у нас проходит процедура закупки оборудования от начала до конца?,21,0.2243,0.75,0.0,0.0,4 Порядок предоставления корпоративной мобильной связи
1,Как у нас проходит процедура закупки оборудования от начала до конца?,22,0.7279,0.75,0.0,0.77,"6 Оценка, выбор и переоценка поставщиков."
1,Как у нас проходит процедура закупки оборудования от начала до конца?,23,0.2241,0.75,0.0,0.0,7 Порядок учета отходов
1,Как у нас проходит процедура закупки оборудования от начала до конца?,24,0.7038,0.75,0.0,0.74,ИН-01-ПТП
1,Как у нас проходит процедура закупки оборудования от начала до конца?,25,0.7155,0.75,0.0,0.76,"8 Верификация поставленной продукции, работ (услуг)"
1,Как у нас проходит процедура закупки оборудования от начала до конца?,26,0.2234,0.74,0.0,0.0,11 . Порядок прекращения допуска к коммерческой тайне
1,Как у нас проходит процедура закупки оборудования от начала до конца?,27,0.7001,0.74,0.0,0.73,8 Контроль и приемка камеральных работ
1,Как у нас проходит процедура закупки оборудования от начала до конца?,28,0.706,0.74,0.0,0.74,7 Стадия проектирования
1,Как у нас проходит процедура закупки оборудования от начала до конца?,29,0.7211,0.74,0.0,0.77,7 Стадия проектирования
1,Как у нас проходит процедура закупки оборудования от начала до конца?,30,0.7019,0.74,0.0,0.74,"7 Выполнение работ, оказание услуг"
1,Как у нас проходит процедура закупки оборудования от начала до конца?,31,0.7206,0.74,0.0,0.77,6 Организация договорной работы
1,Как у нас проходит процедура закупки оборудования от начала до конца?,32,0.7095,0.74,0.0,0.75,5 Стадии выполнения работ
1,Как у нас проходит процедура закупки оборудования от начала до конца?,33,0.2211,0.74,0.0,0.0,3 Метрологическое обеспечение
1,Как у нас проходит процедура закупки оборудования от начала до конца?,34,0.7072,0.74,0.0,0.75,4 Персонал
1,Как у нас проходит процедура закупки оборудования от начала до конца?,35,0.221,0.74,0.0,0.0,Приложение Г
1,Как у нас проходит процедура закупки оборудования от начала до конца?,36,0.7255,0.74,0.55,0.73,1 Назначение
1,Как у нас проходит процедура закупки оборудования от начала до конца?,37,0.2206,0.74,0.0,0.0,7 Порядок организации труда дистанционных работников
1,Как у нас проходит процедура закупки оборудования от начала до конца?,38,0.2206,0.74,0.0,0.0,7 Порядок организации труда дистанционных работников
1,Как у нас проходит процедура закупки оборудования от начала до конца?,39,0.2205,0.73,0.0,0.0,8 Управление исходящей документацией
1,Как у нас проходит процедура закупки оборудования от начала до конца?,40,0.7016,0.73,0.0,0.74,7 Приемка материалов по окончании полевых работ
1,Как у нас проходит процедура закупки оборудования от начала до конца?,41,0.0259,0.0,0.52,0.0,Определения и сокращения
1,Как у нас проходит процедура закупки оборудования от начала до конца?,42,0.0255,0.0,0.51,0.0,6 Ответственность
1,Как у нас проходит процедура закупки оборудования от начала до конца?,43,0.0253,0.0,0.51,0.0,Приложение 2 Перечень внутренней документации ИСМ отдела
1,Как у нас проходит процедура закупки оборудования от начала до конца?,44,0.0251,0.0,0.5,0.0,12 Перечень нормативных документов по контролю качества выпускаемой продукции
1,Как у нас проходит процедура закупки оборудования от начала до конца?,45,0.5033,0.0,0.5,0.74,При этом проверяются:
1,Как у нас проходит процедура закупки оборудования от начала до конца?,46,0.5043,0.0,0.5,0.74,Он обязан:
1,Как у нас проходит процедура закупки оборудования от начала до конца?,47,0.025,0.0,0.5,0.0,1 Общие положения. Контроль качества приемки работ
1,Как у нас проходит процедура закупки оборудования от начала до конца?,48,0.025,0.0,0.5,0.0,F:\\\\ !Шаблоны документов\\\\Бланки регистрации
1,Как у нас проходит процедура закупки оборудования от начала до конца?,49,0.5044,0.0,0.0,0.78,2 Область применения
1,Как у нас проходит процедура закупки оборудования от начала до конца?,50,0.4979,0.0,0.0,0.77,1 Назначение
1,Как у нас проходит процедура закупки оборудования от начала до конца?,51,0.4953,0.0,0.0,0.76,1 Общие положения
1,Как у нас проходит процедура закупки оборудования от начала до конца?,52,0.4937,0.0,0.0,0.76,6 Предпроектная проработка
1,Как у нас проходит процедура закупки оборудования от начала до конца?,53,0.4897,0.0,0.0,0.75,1 Назначение.
1,Как у нас проходит процедура закупки оборудования от начала до конца?,54,0.4868,0.0,0.0,0.75,5 Основные положения
1,Как у нас проходит процедура закупки оборудования от начала до конца?,55,0.4853,0.0,0.0,0.75,Исполнитель обязан:
1,Как у нас проходит процедура закупки оборудования от начала до конца?,56,0.4814,0.0,0.0,0.74,2 Область применения
1,Как у нас проходит процедура закупки оборудования от начала до конца?,57,0.4805,0.0,0.0,0.74,3 Порядок работы по РД представлен в таблице:
1,Как у нас проходит процедура закупки оборудования от начала до конца?,58,0.4803,0.0,0.0,0.74,5 Ответственность.
1,Как у нас проходит процедура закупки оборудования от начала до конца?,59,0.4802,0.0,0.0,0.74,3 Нормативные ссылки
1,Как у нас проходит процедура закупки оборудования от начала до конца?,60,0.4799,0.0,0.0,0.74,Организация договорной работы
1,Как у нас проходит процедура закупки оборудования от начала до конца?,61,0.4763,0.0,0.0,0.73,Общие положения
1,Как у нас проходит процедура закупки оборудования от начала до конца?,62,0.4762,0.0,0.0,0.73,7 Управление входящей документацией
1,Как у нас проходит процедура закупки оборудования от начала до конца?,63,0.476,0.0,0.0,0.73,Приложение 2. Перечень регламентированных процессов информационно-технического отдела.
1,Как у нас проходит процедура закупки оборудования от начала до конца?,64,0.4759,0.0,0.0,0.73,АО «ВолгоградНИПИнефть»
1,Как у нас проходит процедура закупки оборудования от начала до конца?,65,0.4759,0.0,0.0,0.73,Согласовано:
7,"Что делать, если поставщик привез продукцию ненадлежащего качества?",1,0.7097,0.76,0.0,0.74,"8 Верификация поставленной продукции, работ (услуг)"
7,"Что делать, если поставщик привез продукцию ненадлежащего качества?",2,0.746,0.76,0.51,0.76,"6 Оценка, выбор и переоценка поставщиков."
7,"Что делать, если поставщик привез продукцию ненадлежащего качества?",3,0.2264,0.75,0.0,0.0,решений
7,"Что делать, если поставщик привез продукцию ненадлежащего качества?",4,0.7134,0.75,0.0,0.75,Примечания
7,"Что делать, если поставщик привез продукцию ненадлежащего качества?",5,0.6892,0.74,0.0,0.72,"7 Выполнение работ, оказание услуг"
7,"Что делать, если поставщик привез продукцию ненадлежащего качества?",6,0.6888,0.74,0.0,0.72,ЛИСТ СОГЛАСОВАНИЯ ДОГОВОРА
7,"Что делать, если поставщик привез продукцию ненадлежащего качества?",7,0.2209,0.74,0.0,0.0,Таблица 1
7,"Что делать, если поставщик привез продукцию ненадлежащего качества?",8,0.2201,0.73,0.0,0.0,Размер материальной помощи
7,"Что делать, если поставщик привез продукцию ненадлежащего качества?",9,0.6851,0.73,0.0,0.72,ИНСТРУКЦИЯ Внешние поставки «ИН-01-ВП»
7,"Что делать, если поставщик привез продукцию ненадлежащего качества?",10,0.6799,0.73,0.0,0.71,Организация договорной работы
7,"Что делать, если поставщик привез продукцию ненадлежащего качества?",11,0.6754,0.73,0.0,0.7,Организация договорной работы
7,"Что делать, если поставщик привез продукцию ненадлежащего качества?",12,0.2189,0.73,0.0,0.0,Организация договорной работы
7,"Что делать, если поставщик привез продукцию ненадлежащего качества?",13,0.2188,0.73,0.0,0.0,Приложение Д
7,"Что делать, если поставщик привез продукцию ненадлежащего качества?",14,0.2182,0.73,0.0,0.0,СОГЛАСОВАНО:
7,"Что делать, если поставщик привез продукцию ненадлежащего качества?",15,0.7438,0.72,0.56,0.77,"7 Порядок действий при внешних поставках для осуществления работ по договорам в офисе Института и внешних поставках, связанных с развитием инфраструктуры и материальных ресурсов Института"
7,"Что делать, если поставщик привез продукцию ненадлежащего качества?",16,0.2162,0.72,0.0,0.0,P:\\\\Информация…
7,"Что делать, если поставщик привез продукцию ненадлежащего качества?",17,0.216,0.72,0.0,0.0,Приложение В
7,"Что делать, если поставщик привез продукцию ненадлежащего качества?",18,0.216,0.72,0.0,0.0,Приложение В
7,"Что делать, если поставщик привез продукцию ненадлежащего качества?",19,0.216,0.72,0.0,0.0,Приложение В
7,"Что делать, если поставщик привез продукцию ненадлежащего качества?",20,0.7239,0.72,0.52,0.74,2 Область применения
7,"Что делать, если поставщик привез продукцию ненадлежащего качества?",21,0.2156,0.72,0.0,0.0,6 Основные этапы подготовки ТП.
7,"Что делать, если поставщик привез продукцию ненадлежащего качества?",22,0.2155,0.72,0.0,0.0,5 Бюджет командировки
7,"Что делать, если поставщик привез продукцию ненадлежащего качества?",23,0.2154,0.72,0.0,0.0,Порядок работы
7,"Что делать, если поставщик привез продукцию ненадлежащего качества?",24,0.6904,0.72,0.0,0.73,Исполнитель обязан:
7,"Что делать, если поставщик привез продукцию ненадлежащего качества?",25,0.2153,0.72,0.0,0.0,1 Назначение.
7,"Что делать, если поставщик привез продукцию ненадлежащего качества?",26,0.6869,0.71,0.0,0.73,Приложение Д
7,"Что делать, если поставщик привез продукцию ненадлежащего качества?",27,0.6804,0.71,0.0,0.72,ИН-01-ВП
7,"Что делать, если поставщик привез продукцию ненадлежащего качества?",28,0.2144,0.71,0.0,0.0,3 Обработка персональных данных
7,"Что делать, если поставщик привез продукцию ненадлежащего качества?",29,0.2143,0.71,0.0,0.0,СОГЛАСОВАНО:
7,"Что делать, если поставщик привез продукцию ненадлежащего качества?",30,0.2143,0.71,0.0,0.0,Приложение 3. Перечень программного обеспечения
7,"Что делать, если поставщик привез продукцию ненадлежащего качества?",31,0.6823,0.71,0.0,0.72,Приложение А
7,"Что делать, если поставщик привез продукцию ненадлежащего качества?",32,0.2143,0.71,0.0,0.0,Приложение А
7,"Что делать, если поставщик привез продукцию ненадлежащего качества?",33,0.214,0.71,0.0,0.0,5 Ответственность.
7,"Что делать, если поставщик привез продукцию ненадлежащего качества?",34,0.214,0.71,0.0,0.0,"Порядок приемки, регистрации и архивирования источников информации."
7,"Что делать, если поставщик привез продукцию ненадлежащего качества?",35,0.6912,0.71,0.0,0.73,6 Порядок обеспечения дистанционных работников необходимым оборудованием и иными средствами
7,"Что делать, если поставщик привез продукцию ненадлежащего качества?",36,0.2136,0.71,0.0,0.0,ИНСТРУКЦИЯ По подготовке тендерного предложения «ИН-01-ПТП»
7,"Что делать, если поставщик привез продукцию ненадлежащего качества?",37,0.6694,0.71,0.0,0.7,6 Организация договорной работы
7,"Что делать, если поставщик привез продукцию ненадлежащего качества?",38,0.2134,0.71,0.0,0.0,СОГЛАСОВАНО:
7,"Что делать, если поставщик привез продукцию ненадлежащего качества?",39,0.2133,0.71,0.0,0.0,3 Задачи
7,"Что делать, если поставщик привез продукцию ненадлежащего качества?",40,0.2133,0.71,0.0,0.0,3 Задачи
7,"Что делать, если поставщик привез продукцию ненадлежащего качества?",41,0.4869,0.0,0.0,0.75,5 Основные положения
7,"Что делать, если поставщик привез продукцию ненадлежащего качества?",42,0.475,0.0,0.0,0.73,2 Область применения
7,"Что делать, если поставщик привез продукцию ненадлежащего качества?",43,0.4746,0.0,0.0,0.73,"4 Термины, обозначения, сокращения"
7,"Что делать, если поставщик привез продукцию ненадлежащего качества?",44,0.474,0.0,0.0,0.73,1 Назначение
7,"Что делать, если поставщик привез продукцию ненадлежащего качества?",45,0.4701,0.0,0.0,0.72,7 Приемка материалов по окончании полевых работ
7,"Что делать, если поставщик привез продукцию ненадлежащего качества?",46,0.4687,0.0,0.0,0.72,Определения
7,"Что делать, если поставщик привез продукцию ненадлежащего качества?",47,0.4677,0.0,0.0,0.72,Внутреннего трудового распорядка АО «ВолгоградНИПИнефть»
7,"Что делать, если поставщик привез продукцию ненадлежащего качества?",48,0.4668,0.0,0.0,0.72,2 При использовании программных средств для разработки проектной и рабочей документации объем проверок может быть сокращен.
7,"Что делать, если поставщик привез продукцию ненадлежащего качества?",49,0.4612,0.0,0.0,0.71,Основные права и обязанности работодателя
7,"Что делать, если поставщик привез продукцию ненадлежащего качества?",50,0.4602,0.0,0.0,0.71,ПЛ-08-УИСМ
7,"Что делать, если поставщик привез продукцию ненадлежащего качества?",51,0.4602,0.0,0.0,0.71,ПОЛОЖЕНИЕ Об уполномоченном по интегрированной системе менеджмента в отделе инженерных изысканий «ПЛ-08-УИСМ»
7,"Что делать, если поставщик привез продукцию ненадлежащего качества?",52,0.4593,0.0,0.0,0.71,"10 Функциональные обязанности должностных лиц по контролю качества геодезических, инженерно-изыскательских и картографических работ"
7,"Что делать, если поставщик привез продукцию ненадлежащего качества?",53,0.459,0.0,0.0,0.71,Приложение Г
7,"Что делать, если поставщик привез продукцию ненадлежащего качества?",54,0.4589,0.0,0.0,0.71,Ответственность работодателя за нарушение прав работников
7,"Что делать, если поставщик привез продукцию ненадлежащего качества?",55,0.4589,0.0,0.0,0.71,5 Права
7,"Что делать, если поставщик привез продукцию ненадлежащего качества?",56,0.4588,0.0,0.0,0.71,"8 Иные положения, связанные с организацией труда дистанционных работников"
7,"Что делать, если поставщик привез продукцию ненадлежащего качества?",57,0.4588,0.0,0.0,0.71,"11 Требования, предъявляемые к субподрядным организациям."
7,"Что делать, если поставщик привез продукцию ненадлежащего качества?",58,0.4573,0.0,0.0,0.7,6 Ответственность
7,"Что делать, если поставщик привез продукцию ненадлежащего качества?",59,0.4557,0.0,0.0,0.7,5 Порядок приема и перевода работника на дистанционную работу
7,"Что делать, если поставщик привез продукцию ненадлежащего качества?",60,0.4554,0.0,0.0,0.7,"9 Стадия экспертиз, защит и согласований"
7,"Что делать, если поставщик привез продукцию ненадлежащего качества?",61,0.4541,0.0,0.0,0.7,Он обязан:
7,"Что делать, если поставщик привез продукцию ненадлежащего качества?",62,0.4539,0.0,0.0,0.7,"Приложение 7. Выпуск продукции на 20__ г. на основании заключенных договоров, с НДС."
7,"Что делать, если поставщик привез продукцию ненадлежащего качества?",63,0.4538,0.0,0.0,0.7,5 Стадии выполнения работ
7,"Что делать, если поставщик привез продукцию ненадлежащего качества?",64,0.4538,0.0,0.0,0.7,Производственная информация
18,Что делать после того как нашли новый тендер?,1,0.7309,0.77,0.0,0.77,6 Основные этапы подготовки ТП.
18,Что делать после того как нашли новый тендер?,2,0.6847,0.76,0.0,0.7,Организация договорной работы
18,Что делать после того как нашли новый тендер?,3,0.2285,0.76,0.0,0.0,Организация договорной работы
18,Что делать после того как нашли новый тендер?,4,0.6915,0.76,0.0,0.71,Организация договорной работы
18,Что делать после того как нашли новый тендер?,5,0.7174,0.76,0.0,0.75,ИН-01-ПТП
18,Что делать после того как нашли новый тендер?,6,0.7426,0.76,0.51,0.75,ИНСТРУКЦИЯ По подготовке тендерного предложения «ИН-01-ПТП»
18,Что делать после того как нашли новый тендер?,7,0.7349,0.75,0.52,0.74,Приложение 2 Исходные данные для составления смет.
18,Что делать после того как нашли новый тендер?,8,0.2251,0.75,0.0,0.0,решений
18,Что делать после того как нашли новый тендер?,9,0.224,0.75,0.0,0.0,Приложение В
18,Что делать после того как нашли новый тендер?,10,0.224,0.75,0.0,0.0,Приложение В
18,Что делать после того как нашли новый тендер?,11,0.224,0.75,0.0,0.0,Приложение В
18,Что делать после того как нашли новый тендер?,12,0.2222,0.74,0.0,0.0,5 Бюджет командировки
18,Что делать после того как нашли новый тендер?,13,0.2212,0.74,0.0,0.0,Приложение А
18,Что делать после того как нашли новый тендер?,14,0.2212,0.74,0.0,0.0,Приложение А
18,Что делать после того как нашли новый тендер?,15,0.7089,0.74,0.0,0.75,1 Назначение.
18,Что делать после того как нашли новый тендер?,16,0.2202,0.73,0.0,0.0,Приложение Д
18,Что делать после того как нашли новый тендер?,17,0.2197,0.73,0.0,0.0,Приложение Б
18,Что делать после того как нашли новый тендер?,18,0.6906,0.73,0.0,0.72,6 Организация договорной работы
18,Что делать после того как нашли новый тендер?,19,0.2194,0.73,0.0,0.0,Приложение Б
18,Что делать после того как нашли новый тендер?,20,0.2194,0.73,0.0,0.0,Приложение Б
18,Что делать после того как нашли новый тендер?,21,0.2194,0.73,0.0,0.0,Приложение Б
18,Что делать после того как нашли новый тендер?,22,0.2189,0.73,0.0,0.0,"7 Выполнение работ, оказание услуг"
18,Что делать после того как нашли новый тендер?,23,0.2188,0.73,0.0,0.0,Приложение Г
18,Что делать после того как нашли новый тендер?,24,0.2188,0.73,0.0,0.0,Приложение Г
18,Что делать после того как нашли новый тендер?,25,0.2188,0.73,0.0,0.0,Приложение Д
18,Что делать после того как нашли новый тендер?,26,0.2182,0.73,0.0,0.0,Порядок работы
18,Что делать после того как нашли новый тендер?,27,0.2173,0.72,0.0,0.0,Размер материальной помощи
18,Что делать после того как нашли новый тендер?,28,0.6785,0.72,0.0,0.71,ЛИСТ СОГЛАСОВАНИЯ ДОГОВОРА
18,Что делать после того как нашли новый тендер?,29,0.6724,0.72,0.0,0.7,1 Назначение
18,Что делать после того как нашли новый тендер?,30,0.2165,0.72,0.0,0.0,1 Назначение
18,Что делать после того как нашли новый тендер?,31,0.2163,0.72,0.0,0.0,10 Порядок допуска к коммерческой тайне
18,Что делать после того как нашли новый тендер?,32,0.6978,0.72,0.0,0.74,6 Предпроектная проработка
18,Что делать после того как нашли новый тендер?,33,0.216,0.72,0.0,0.0,7 Порядок отнесения сведений к коммерческой тайне
18,Что делать после того как нашли новый тендер?,34,0.2158,0.72,0.0,0.0,Таблица 1
18,Что делать после того как нашли новый тендер?,35,0.2151,0.72,0.0,0.0,Приложение 3. Перечень регламентированных процессов договорного отдела.
18,Что делать после того как нашли новый тендер?,36,0.2148,0.72,0.0,0.0,"8 Верификация поставленной продукции, работ (услуг)"
18,Что делать после того как нашли новый тендер?,37,0.6723,0.72,0.0,0.7,СОГЛАСОВАНО:
18,Что делать после того как нашли новый тендер?,38,0.2145,0.72,0.0,0.0,3 Нормативные ссылки
18,Что делать после того как нашли новый тендер?,39,0.2143,0.71,0.0,0.0,СОГЛАСОВАНО:
18,Что делать после того как нашли новый тендер?,40,0.214,0.71,0.0,0.0,7 Порядок учета отходов
18,Что делать после того как нашли новый тендер?,41,0.5002,0.0,0.0,0.77,5 Ответственность.
18,Что делать после того как нашли новый тендер?,42,0.4961,0.0,0.0,0.76,3 Термины и сокращения.
18,Что делать после того как нашли новый тендер?,43,0.4956,0.0,0.0,0.76,Приложение 1 Перечень документированной информации
18,Что делать после того как нашли новый тендер?,44,0.4691,0.0,0.0,0.72,"11 Требования, предъявляемые к субподрядным организациям."
18,Что делать после того как нашли новый тендер?,45,0.4635,0.0,0.0,0.71,2 Область применения
18,Что делать после того как нашли новый тендер?,46,0.4629,0.0,0.0,0.71,5 Стадии выполнения работ
18,Что делать после того как нашли новый тендер?,47,0.4612,0.0,0.0,0.71,7 Стадия проектирования
18,Что делать после того как нашли новый тендер?,48,0.4608,0.0,0.0,0.71,5 Основные положения
18,Что делать после того как нашли новый тендер?,49,0.46,0.0,0.0,0.71,Согласовано:
18,Что делать после того как нашли новый тендер?,50,0.4597,0.0,0.0,0.71,1 Назначение
18,Что делать после того как нашли новый тендер?,51,0.4591,0.0,0.0,0.71,3 Нормативные ссылки
18,Что делать после того как нашли новый тендер?,52,0.459,0.0,0.0,0.71,Приложение В
18,Что делать после того как нашли новый тендер?,53,0.4579,0.0,0.0,0.7,2 Область применения
18,Что делать после того как нашли новый тендер?,54,0.4578,0.0,0.0,0.7,1 Назначение
18,Что делать после того как нашли новый тендер?,55,0.4574,0.0,0.0,0.7,9 Составление технического отчета по выполненным работам
18,Что делать после того как нашли новый тендер?,56,0.4573,0.0,0.0,0.7,2 Область применения
18,Что делать после того как нашли новый тендер?,57,0.4559,0.0,0.0,0.7,Приложение А
18,Что делать после того как нашли новый тендер?,58,0.4556,0.0,0.0,0.7,"7 Порядок действий при внешних поставках для осуществления работ по договорам в офисе Института и внешних поставках, связанных с развитием инфраструктуры и материальных ресурсов Института"
18,Что делать после того как нашли новый тендер?,59,0.4556,0.0,0.0,0.7,"6 Оценка, выбор и переоценка поставщиков."
18,Что делать после того как нашли новый тендер?,60,0.4555,0.0,0.0,0.7,Приложение Г
18,Что делать после того как нашли новый тендер?,61,0.4554,0.0,0.0,0.7,7 Стадия проектирования
18,Что делать после того как нашли новый тендер?,62,0.4551,0.0,0.0,0.7,СОГЛАСОВАНО:
18,Что делать после того как нашли новый тендер?,63,0.4549,0.0,0.0,0.7,3 Задачи
18,Что делать после того как нашли новый тендер?,64,0.4549,0.0,0.0,0.7,Примечания
18,Что делать после того как нашли новый тендер?,65,0.4549,0.0,0.0,0.7,Производственная информация
18,Что делать после того как нашли новый тендер?,66,0.4532,0.0,0.0,0.7,1 Общие положения
18,Что делать после того как нашли новый тендер?,67,0.4532,0.0,0.0,0.7,АО «ВолгоградНИПИнефть»
18,Что делать после того как нашли новый тендер?,68,0.4524,0.0,0.0,0.7,7 Приемка материалов по окончании полевых работ
19,Что нужно делать на предпроектной проработке?,1,0.8237,0.93,0.0,0.84,6 Предпроектная проработка
19,Что нужно делать на предпроектной проработке?,2,0.7372,0.8,0.0,0.76,7 Стадия проектирования
19,Что нужно делать на предпроектной проработке?,3,0.74,0.8,0.0,0.77,7 Стадия проектирования
19,Что нужно делать на предпроектной проработке?,4,0.728,0.77,0.0,0.77,Приложение А. Стадии и этапы выполнения работ
19,Что нужно делать на предпроектной проработке?,5,0.7349,0.77,0.0,0.78,5 Стадии выполнения работ
19,Что нужно делать на предпроектной проработке?,6,0.7052,0.76,0.0,0.73,8 Стадия оформления работы
19,Что нужно делать на предпроектной проработке?,7,0.7095,0.76,0.0,0.74,6 Основные этапы подготовки ТП.
19,Что нужно делать на предпроектной проработке?,8,0.7124,0.75,0.0,0.75,5 Контроль подготовки к работам
19,Что нужно делать на предпроектной проработке?,9,0.6965,0.75,0.0,0.72,"9 Стадия экспертиз, защит и согласований"
19,Что нужно делать на предпроектной проработке?,10,0.2257,0.75,0.0,0.0,Приложение Б. Информационный лист проекта
19,Что нужно делать на предпроектной проработке?,11,0.6943,0.75,0.0,0.72,3 Задачи
19,Что нужно делать на предпроектной проработке?,12,0.7013,0.75,0.0,0.73,3 Задачи
19,Что нужно делать на предпроектной проработке?,13,0.2253,0.75,0.0,0.0,3 Задачи
19,Что нужно делать на предпроектной проработке?,14,0.6971,0.75,0.0,0.73,3 Задачи
19,Что нужно делать на предпроектной проработке?,15,0.2253,0.75,0.0,0.0,3 Задачи
19,Что нужно делать на предпроектной проработке?,16,0.6994,0.75,0.0,0.73,3 Задачи
19,Что нужно делать на предпроектной проработке?,17,0.699,0.75,0.0,0.73,3 Задачи
19,Что нужно делать на предпроектной проработке?,18,0.2253,0.75,0.0,0.0,3 Задачи
19,Что нужно делать на предпроектной проработке?,19,0.6966,0.75,0.0,0.73,Приложение 3. Перечень программного обеспечения
19,Что нужно делать на предпроектной проработке?,20,0.2235,0.74,0.0,0.0,5 Идентификация всех возможных экологических аспектов
19,Что нужно делать на предпроектной проработке?,21,0.2233,0.74,0.0,0.0,ИНСТРУКЦИЯ Стадии выполнения работ «ИН-01-СВР»
19,Что нужно делать на предпроектной проработке?,22,0.2231,0.74,0.0,0.0,2 При использовании программных средств для разработки проектной и рабочей документации объем проверок может быть сокращен.
19,Что нужно делать на предпроектной проработке?,23,0.6962,0.74,0.0,0.73,6 Организация договорной работы
19,Что нужно делать на предпроектной проработке?,24,0.2226,0.74,0.0,0.0,9 Окончание работ. Отчет о командировке
19,Что нужно делать на предпроектной проработке?,25,0.2486,0.74,0.52,0.0,"ПОЛОЖЕНИЕ По организации внутреннего контроля качества и приемки топографо-геодезических, картографических и проектно-изыскательских работ «ПЛ-08-ОВКК»"
19,Что нужно делать на предпроектной проработке?,26,0.7273,0.74,0.53,0.74,4 Функции
19,Что нужно делать на предпроектной проработке?,27,0.7005,0.74,0.0,0.74,Организация договорной работы
19,Что нужно делать на предпроектной проработке?,28,0.692,0.74,0.0,0.72,Организация договорной работы
19,Что нужно делать на предпроектной проработке?,29,0.2224,0.74,0.0,0.0,Организация договорной работы
19,Что нужно делать на предпроектной проработке?,30,0.2219,0.74,0.0,0.0,1 Назначение.
19,Что нужно делать на предпроектной проработке?,31,0.6979,0.74,0.0,0.73,4 Функции
19,Что нужно делать на предпроектной проработке?,32,0.6989,0.74,0.0,0.74,Приложение Б Шаблон информационного листа проекта.
19,Что нужно делать на предпроектной проработке?,33,0.2207,0.74,0.0,0.0,Приложение В
19,Что нужно делать на предпроектной проработке?,34,0.2207,0.74,0.0,0.0,Приложение В
19,Что нужно делать на предпроектной проработке?,35,0.2207,0.74,0.0,0.0,Приложение В
19,Что нужно делать на предпроектной проработке?,36,0.2471,0.73,0.53,0.0,3 Обработка персональных данных
19,Что нужно делать на предпроектной проработке?,37,0.6919,0.73,0.0,0.73,3 Задачи
19,Что нужно делать на предпроектной проработке?,38,0.2201,0.73,0.0,0.0,8 Контроль и приемка камеральных работ
19,Что нужно делать на предпроектной проработке?,39,0.2194,0.73,0.0,0.0,Приложение Д
19,Что нужно делать на предпроектной проработке?,40,0.2192,0.73,0.0,0.0,P:\\\\Информация…
19,Что нужно делать на предпроектной проработке?,41,0.0325,0.0,0.65,0.0,8 Начисление и выплата заработной платы
19,Что нужно делать на предпроектной проработке?,42,0.0317,0.0,0.63,0.0,Приложение 2. Перечень внутренней документации договорного отдела
19,Что нужно делать на предпроектной проработке?,43,0.0304,0.0,0.61,0.0,СОГЛАСОВАНО:
19,Что нужно делать на предпроектной проработке?,44,0.0292,0.0,0.58,0.0,Согласовано:
19,Что нужно делать на предпроектной проработке?,45,0.0288,0.0,0.58,0.0,2 Нормативные ссылки
19,Что нужно делать на предпроектной проработке?,46,0.0284,0.0,0.57,0.0,"4 Термины, обозначения"
19,Что нужно делать на предпроектной проработке?,47,0.0274,0.0,0.55,0.0,12 Перечень нормативных документов по контролю качества выпускаемой продукции
19,Что нужно делать на предпроектной проработке?,48,0.0274,0.0,0.55,0.0,3 Обработка персональных данных
19,Что нужно делать на предпроектной проработке?,49,0.0273,0.0,0.55,0.0,Он обязан:
19,Что нужно делать на предпроектной проработке?,50,0.0268,0.0,0.54,0.0,Приложение В
19,Что нужно делать на предпроектной проработке?,51,0.0265,0.0,0.53,0.0,6 Ответственность
19,Что нужно делать на предпроектной проработке?,52,0.0265,0.0,0.53,0.0,КОДЕКС этики и служебного поведения работников АО «ВолгоградНИПИнефть» «К-01-ЭСПР»
19,Что нужно делать на предпроектной проработке?,53,0.0257,0.0,0.51,0.0,5 Должностной оклад и доплаты
19,Что нужно делать на предпроектной проработке?,54,0.0255,0.0,0.51,0.0,"Приложение 7. Выпуск продукции на 20__ г. на основании заключенных договоров, с НДС."
19,Что нужно делать на предпроектной проработке?,55,0.0251,0.0,0.5,0.0,7 Материальная помощь
19,Что нужно делать на предпроектной проработке?,56,0.4888,0.0,0.0,0.75,Приложение В
19,Что нужно делать на предпроектной проработке?,57,0.4792,0.0,0.0,0.74,3 Правила работы с каталогами текущих проектов:
19,Что нужно делать на предпроектной проработке?,58,0.4789,0.0,0.0,0.74,Приложение 3. Перечень регламентированных бизнес-процессов отдела
19,Что нужно делать на предпроектной проработке?,59,0.4785,0.0,0.0,0.74,10 Завершающая стадия
19,Что нужно делать на предпроектной проработке?,60,0.4778,0.0,0.0,0.74,5 Порядок проведения нормоконтроля
19,Что нужно делать на предпроектной проработке?,61,0.4773,0.0,0.0,0.73,С производственными службами Заказчика по строительству и обустройству месторождений:
19,Что нужно делать на предпроектной проработке?,62,0.4768,0.0,0.0,0.73,1 Назначение
19,Что нужно делать на предпроектной проработке?,63,0.4761,0.0,0.0,0.73,Приложение 2 Исходные данные для составления смет.
19,Что нужно делать на предпроектной проработке?,64,0.4754,0.0,0.0,0.73,1 Назначение
19,Что нужно делать на предпроектной проработке?,65,0.4751,0.0,0.0,0.73,4 Функции
19,Что нужно делать на предпроектной проработке?,66,0.4742,0.0,0.0,0.73,3 ОСНОВНЫЕ ФУНКЦИИ МАРКШЕЙДЕРСКО-ГЕОДЕЗИЧЕСКОЙ СЛУЖБЫ
19,Что нужно делать на предпроектной проработке?,67,0.4725,0.0,0.0,0.73,"6 Оценка, выбор и переоценка поставщиков."
19,Что нужно делать на предпроектной проработке?,68,0.472,0.0,0.0,0.73,4 Функции
19,Что нужно делать на предпроектной проработке?,69,0.4699,0.0,0.0,0.72,4 Функции
19,Что нужно делать на предпроектной проработке?,70,0.4698,0.0,0.0,0.72,Приложение 4. Перечень программного обеспечения отдела
19,Что нужно делать на предпроектной проработке?,71,0.4698,0.0,0.0,0.72,С отделом проектирования разработки нефтяных и газовых месторождений Общества:
19,Что нужно делать на предпроектной проработке?,72,0.4697,0.0,0.0,0.72,2 ГЛАВНЫЕ ЗАДАЧИ МАРКШЕЙДЕРСКО-ГЕОДЕЗИЧЕСКОЙ СЛУЖБЫ
19,Что нужно делать на предпроектной проработке?,73,0.4687,0.0,0.0,0.72,"8 Верификация поставленной продукции, работ (услуг)"
24,как планируются транспортные расходы?,1,0.7869,0.79,0.0,0.85,5 Бюджет командировки
24,как планируются транспортные расходы?,2,0.7157,0.75,0.0,0.76,Приложение 2 Исходные данные для составления смет.
24,как планируются транспортные расходы?,3,0.7101,0.75,0.0,0.75,7 Организация работы командированного сотрудника
24,как планируются транспортные расходы?,4,0.6916,0.74,0.0,0.72,Организация договорной работы
24,как планируются транспортные расходы?,5,0.694,0.74,0.0,0.73,Организация договорной работы
24,как планируются транспортные расходы?,6,0.2219,0.74,0.0,0.0,Организация договорной работы
24,как планируются транспортные расходы?,7,0.2217,0.74,0.0,0.0,8 Требования к транспортированию отходов
24,как планируются транспортные расходы?,8,0.6935,0.73,0.0,0.73,6 Основные этапы подготовки ТП.
24,как планируются транспортные расходы?,9,0.2449,0.73,0.51,0.0,"4 Термины, обозначения, сокращения"
24,как планируются транспортные расходы?,10,0.2194,0.73,0.0,0.0,Порядок работы
24,как планируются транспортные расходы?,11,0.6925,0.73,0.0,0.73,1 Назначение
24,как планируются транспортные расходы?,12,0.7184,0.73,0.5,0.73,8 Начисление и выплата заработной платы
24,как планируются транспортные расходы?,13,0.218,0.73,0.0,0.0,Приложение 2. Перечень внутренней документации ИСМ отдела
24,как планируются транспортные расходы?,14,0.2177,0.73,0.0,0.0,7 Порядок учета отходов
24,как планируются транспортные расходы?,15,0.6984,0.73,0.0,0.74,Приложение А
24,как планируются транспортные расходы?,16,0.2175,0.73,0.0,0.0,6 Порядок накопления отходов
24,как планируются транспортные расходы?,17,0.2175,0.73,0.0,0.0,6 Порядок накопления отходов
24,как планируются транспортные расходы?,18,0.2171,0.72,0.0,0.0,С производственными службами Заказчика по строительству и обустройству месторождений:
24,как планируются транспортные расходы?,19,0.6983,0.72,0.0,0.74,6 Организация договорной работы
24,как планируются транспортные расходы?,20,0.2166,0.72,0.0,0.0,Методы идентификации рисков
24,как планируются транспортные расходы?,21,0.6912,0.72,0.0,0.73,7 Стадия проектирования
24,как планируются транспортные расходы?,22,0.7026,0.72,0.0,0.75,7 Стадия проектирования
24,как планируются транспортные расходы?,23,0.2161,0.72,0.0,0.0,"Порядок приемки, регистрации и архивирования источников информации."
24,как планируются транспортные расходы?,24,0.6894,0.72,0.0,0.73,Рабочее время и его использование
24,как планируются транспортные расходы?,25,0.2155,0.72,0.0,0.0,4 Система оплаты труда
24,как планируются транспортные расходы?,26,0.7007,0.72,0.0,0.75,Приложение Г
24,как планируются транспортные расходы?,27,0.689,0.72,0.0,0.73,6 Предпроектная проработка
24,как планируются транспортные расходы?,28,0.6865,0.72,0.0,0.72,2 Оборудование
24,как планируются транспортные расходы?,29,0.687,0.72,0.0,0.73,С отделом бурения Общества
24,как планируются транспортные расходы?,30,0.2144,0.71,0.0,0.0,"ПОЛОЖЕНИЕ По организации внутреннего контроля качества и приемки топографо-геодезических, картографических и проектно-изыскательских работ «ПЛ-08-ОВКК»"
24,как планируются транспортные расходы?,31,0.6832,0.71,0.0,0.72,Время отдыха
24,как планируются транспортные расходы?,32,0.2143,0.71,0.0,0.0,Финансово-учетная документация:
24,как планируются транспортные расходы?,33,0.2143,0.71,0.0,0.0,1 Назначение
24,как планируются транспортные расходы?,34,0.2142,0.71,0.0,0.0,3 Общие положения
24,как планируются транспортные расходы?,35,0.2142,0.71,0.0,0.0,"4 Термины, обозначения, сокращения"
24,как планируются транспортные расходы?,36,0.214,0.71,0.0,0.0,8 Управление исходящей документацией
24,как планируются транспортные расходы?,37,0.712,0.71,0.0,0.77,8 Срок и режим командировки
24,как планируются транспортные расходы?,38,0.7111,0.71,0.0,0.76,9 Окончание работ. Отчет о командировке
24,как планируются транспортные расходы?,39,0.2136,0.71,0.0,0.0,ИНСТРУКЦИЯ По подготовке тендерного предложения «ИН-01-ПТП»
24,как планируются транспортные расходы?,40,0.2136,0.71,0.0,0.0,Приложение А
24,как планируются транспортные расходы?,41,0.0283,0.0,0.57,0.0,7 Последовательность формирования реестров экологических аспектов
24,как планируются транспортные расходы?,42,0.0279,0.0,0.56,0.0,1 Назначение
24,как планируются транспортные расходы?,43,0.0271,0.0,0.54,0.0,3 Нормативные ссылки
24,как планируются транспортные расходы?,44,0.0266,0.0,0.53,0.0,"Приложение 7. Выпуск продукции на 20__ г. на основании заключенных договоров, с НДС."
24,как планируются транспортные расходы?,45,0.0264,0.0,0.53,0.0,Приложение 2 Перечень внутренней документации ИСМ отдела
24,как планируются транспортные расходы?,46,0.026,0.0,0.52,0.0,5 Идентификация всех возможных экологических аспектов
24,как планируются транспортные расходы?,47,0.0259,0.0,0.52,0.0,7 Организация и стадии выполнения проектных работ
24,как планируются транспортные расходы?,48,0.0259,0.0,0.52,0.0,"8 Иные положения, связанные с организацией труда дистанционных работников"
24,как планируются транспортные расходы?,49,0.0258,0.0,0.52,0.0,"4 Термины, обозначения"
24,как планируются транспортные расходы?,50,0.0256,0.0,0.51,0.0,12 Перечень нормативных документов по контролю качества выпускаемой продукции
24,как планируются транспортные расходы?,51,0.0256,0.0,0.51,0.0,6 Премирование
24,как планируются транспортные расходы?,52,0.0256,0.0,0.51,0.0,2 Нормативные ссылки
24,как планируются транспортные расходы?,53,0.0256,0.0,0.51,0.0,3 Метрологическое обеспечение
24,как планируются транспортные расходы?,54,0.0254,0.0,0.51,0.0,2 Область применения
24,как планируются транспортные расходы?,55,0.0254,0.0,0.51,0.0,Приложение 2. Перечень внутренней документации
24,как планируются транспортные расходы?,56,0.0253,0.0,0.51,0.0,Он обязан:
24,как планируются транспортные расходы?,57,0.0253,0.0,0.51,0.0,Исполнитель обязан:
24,как планируются транспортные расходы?,58,0.0252,0.0,0.5,0.0,1 Общие положения. Контроль качества приемки работ
24,как планируются транспортные расходы?,59,0.0252,0.0,0.5,0.0,7 Материальная помощь
24,как планируются транспортные расходы?,60,0.4958,0.0,0.5,0.72,5 Должностной оклад и доплаты
24,как планируются транспортные расходы?,61,0.0251,0.0,0.5,0.0,Техническая информация
24,как планируются транспортные расходы?,62,0.502,0.0,0.0,0.77,6 Организация командировки
24,как планируются транспортные расходы?,63,0.502,0.0,0.0,0.77,4 Командировки
24,как планируются транспортные расходы?,64,0.4997,0.0,0.0,0.77,АО «ВолгоградНИПИнефть»
24,как планируются транспортные расходы?,65,0.4989,0.0,0.0,0.77,3 Порядок работы по РД представлен в таблице:
24,как планируются транспортные расходы?,66,0.4915,0.0,0.0,0.76,5 Правила пользования корпоративной мобильной связью
24,как планируются транспортные расходы?,67,0.4882,0.0,0.0,0.75,2 Нормативные ссылки
24,как планируются транспортные расходы?,68,0.4872,0.0,0.0,0.75,1 Общие положения
24,как планируются транспортные расходы?,69,0.4852,0.0,0.0,0.75,РИ-13-РД
24,как планируются транспортные расходы?,70,0.4852,0.0,0.0,0.75,РАБОЧАЯ ИНСТРУКЦИЯ Организация работ по расходным договорам «РИ-13-РД»
24,как планируются транспортные расходы?,71,0.4832,0.0,0.0,0.74,Согласовано:
24,как планируются транспортные расходы?,72,0.4827,0.0,0.0,0.74,Приложение 4. График документооборота АО «ВолгоградНИПИнефть»
24,как планируются транспортные расходы?,73,0.4742,0.0,0.0,0.73,3 Задачи
24,как планируются транспортные расходы?,74,0.4726,0.0,0.0,0.73,Размер материальной помощи
24,как планируются транспортные расходы?,75,0.4722,0.0,0.0,0.73,"6 Оценка, выбор и переоценка поставщиков."
24,как планируются транспортные расходы?,76,0.4717,0.0,0.0,0.73,3 Термины и определения
24,как планируются транспортные расходы?,77,0.4715,0.0,0.0,0.73,Приложение В
24,как планируются транспортные расходы?,78,0.4694,0.0,0.0,0.72,Приложение Д
24,как планируются транспортные расходы?,79,0.469,0.0,0.0,0.72,1 Общие положения
24,как планируются транспортные расходы?,80,0.4687,0.0,0.0,0.72,"7 Порядок действий при внешних поставках для осуществления работ по договорам в офисе Института и внешних поставках, связанных с развитием инфраструктуры и материальных ресурсов Института"
25,Какие задачи у отдела геологии?,1,0.7901,0.82,0.65,0.79,ПОЛОЖЕНИЕ Об отделе геологии «ПЛ-07»
25,Какие задачи у отдела геологии?,2,0.7544,0.81,0.0,0.79,О группе охраны окружающей среды отдела бурения и «ПЛ-12-ГООС»
25,Какие задачи у отдела геологии?,3,0.7685,0.8,0.0,0.81,С Геологическим отделом Общества:
25,Какие задачи у отдела геологии?,4,0.758,0.79,0.0,0.8,С отделом проектирования разработки нефтяных и газовых месторождений Общества:
25,Какие задачи у отдела геологии?,5,0.7496,0.79,0.0,0.79,ПОЛОЖЕНИЕ об уполномоченном по интегрированной системе менеджмента в отделе геологии «ПЛ-07-УИСМ»
25,Какие задачи у отдела геологии?,6,0.7801,0.79,0.61,0.79,ПЛ-07
25,Какие задачи у отдела геологии?,7,0.7414,0.78,0.0,0.78,1 Общие положения
25,Какие задачи у отдела геологии?,8,0.2599,0.78,0.53,0.0,Приложение 2 Перечень внутренней документации ИСМ отдела
25,Какие задачи у отдела геологии?,9,0.7525,0.78,0.0,0.8,С отделом бурения Общества
25,Какие задачи у отдела геологии?,10,0.2328,0.78,0.0,0.0,Приложение 1. Структура отдела
25,Какие задачи у отдела геологии?,11,0.7281,0.78,0.0,0.76,Приложение 1. Структура отдела
25,Какие задачи у отдела геологии?,12,0.2328,0.78,0.0,0.0,Приложение 1. Структура отдела
25,Какие задачи у отдела геологии?,13,0.2328,0.78,0.0,0.0,Приложение 1. Структура отдела
25,Какие задачи у отдела геологии?,14,0.2327,0.78,0.0,0.0,ПОЛОЖЕНИЕ Об отделе бурения и проектирования строительства скважин «ПЛ-12»
25,Какие задачи у отдела геологии?,15,0.7284,0.77,0.0,0.76,Отдел имеет право:
25,Какие задачи у отдела геологии?,16,0.2325,0.77,0.0,0.0,Отдел имеет право:
25,Какие задачи у отдела геологии?,17,0.2325,0.77,0.0,0.0,Отдел имеет право:
25,Какие задачи у отдела геологии?,18,0.2325,0.77,0.0,0.0,Отдел имеет право:
25,Какие задачи у отдела геологии?,19,0.7436,0.77,0.0,0.79,ПЛ-07-УИСМ
25,Какие задачи у отдела геологии?,20,0.725,0.77,0.0,0.76,4 Функции
25,Какие задачи у отдела геологии?,21,0.257,0.77,0.51,0.0,ПОЛОЖЕНИЕ Об отделе инженерных изысканий «ПЛ-08»
25,Какие задачи у отдела геологии?,22,0.2311,0.77,0.0,0.0,4 Термины и сокращения
25,Какие задачи у отдела геологии?,23,0.742,0.77,0.0,0.79,ПЛ-12 -ГООС
25,Какие задачи у отдела геологии?,24,0.7478,0.76,0.51,0.76,6 Ответственность
25,Какие задачи у отдела геологии?,25,0.2562,0.76,0.54,0.0,Приложение 2. Перечень внутренней документации
25,Какие задачи у отдела геологии?,26,0.7271,0.76,0.0,0.77,ПОЛОЖЕНИЕ О полевой партии отдела инженерных изысканий «ПЛ-08-ПП»
25,Какие задачи у отдела геологии?,27,0.2285,0.76,0.0,0.0,Приложение 1. Структура отдела.
25,Какие задачи у отдела геологии?,28,0.2273,0.76,0.0,0.0,Отдел несет ответственность за:
25,Какие задачи у отдела геологии?,29,0.2273,0.76,0.0,0.0,Отдел несет ответственность за:
25,Какие задачи у отдела геологии?,30,0.2269,0.76,0.0,0.0,Приложение 3. Перечень программного обеспечения отдела
25,Какие задачи у отдела геологии?,31,0.7486,0.76,0.0,0.8,Приложение 5. Перечень программного обеспечения отдела
25,Какие задачи у отдела геологии?,32,0.2269,0.76,0.0,0.0,Приложение 5. Перечень программного обеспечения отдела
25,Какие задачи у отдела геологии?,33,0.2266,0.76,0.0,0.0,Со структурными подразделениями Общества
25,Какие задачи у отдела геологии?,34,0.2265,0.76,0.0,0.0,"ПОЛОЖЕНИЕ По организации внутреннего контроля качества и приемки топографо-геодезических, картографических и проектно-изыскательских работ «ПЛ-08-ОВКК»"
25,Какие задачи у отдела геологии?,35,0.2262,0.75,0.0,0.0,Приложение Б. Информационный лист проекта
25,Какие задачи у отдела геологии?,36,0.2262,0.75,0.0,0.0,3 Задачи
25,Какие задачи у отдела геологии?,37,0.2253,0.75,0.0,0.0,Приложение 4. Перечень документированной информации отдела
25,Какие задачи у отдела геологии?,38,0.7589,0.75,0.55,0.78,4 Функции
25,Какие задачи у отдела геологии?,39,0.72,0.75,0.0,0.76,6 ОТВЕТСТВЕННОСТЬ
25,Какие задачи у отдела геологии?,40,0.224,0.75,0.0,0.0,ПЛ-12
25,Какие задачи у отдела геологии?,41,0.0291,0.0,0.58,0.0,Приложение 6. Формы журналов отдела
25,Какие задачи у отдела геологии?,42,0.0288,0.0,0.58,0.0,2 Определения и сокращения
25,Какие задачи у отдела геологии?,43,0.0283,0.0,0.57,0.0,Приложение 2. Перечень внутренней документации договорного отдела
25,Какие задачи у отдела геологии?,44,0.0282,0.0,0.56,0.0,ПОЛОЖЕНИЕ Об уполномоченном по интегрированной системе менеджмента в отделе инженерных изысканий «ПЛ-08-УИСМ»
25,Какие задачи у отдела геологии?,45,0.0281,0.0,0.56,0.0,Приложение 4. График документооборота АО «ВолгоградНИПИнефть»
25,Какие задачи у отдела геологии?,46,0.028,0.0,0.56,0.0,ПЛ-08-УИСМ
25,Какие задачи у отдела геологии?,47,0.028,0.0,0.56,0.0,ПОЛОЖЕНИЕ о договорном отделе «ПЛ-05»
25,Какие задачи у отдела геологии?,48,0.0278,0.0,0.56,0.0,"Приложение 7. Выпуск продукции на 20__ г. на основании заключенных договоров, с НДС."
25,Какие задачи у отдела геологии?,49,0.0277,0.0,0.55,0.0,4 Функции
25,Какие задачи у отдела геологии?,50,0.0274,0.0,0.55,0.0,ПЛ-05
25,Какие задачи у отдела геологии?,51,0.0274,0.0,0.55,0.0,Приложение 4. График документооборота АО «ВолгоградНИПИнефть»
25,Какие задачи у отдела геологии?,52,0.027,0.0,0.54,0.0,1 Назначение
25,Какие задачи у отдела геологии?,53,0.027,0.0,0.54,0.0,12 Перечень нормативных документов по контролю качества выпускаемой продукции
25,Какие задачи у отдела геологии?,54,0.0269,0.0,0.54,0.0,6 Премирование
25,Какие задачи у отдела геологии?,55,0.0265,0.0,0.53,0.0,Приложение 2. Перечень внутренней документации ИСМ отдела
25,Какие задачи у отдела геологии?,56,0.0264,0.0,0.53,0.0,4 Функции
25,Какие задачи у отдела геологии?,57,0.0261,0.0,0.52,0.0,Он обязан:
25,Какие задачи у отдела геологии?,58,0.0259,0.0,0.52,0.0,Исполнитель обязан:
25,Какие задачи у отдела геологии?,59,0.0258,0.0,0.52,0.0,СОГЛАСОВАНО:
25,Какие задачи у отдела геологии?,60,0.0257,0.0,0.51,0.0,5 Должностной оклад и доплаты
25,Какие задачи у отдела геологии?,61,0.0256,0.0,0.51,0.0,1 Общие положения. Контроль качества приемки работ
25,Какие задачи у отдела геологии?,62,0.0255,0.0,0.51,0.0,7 Организация и стадии выполнения проектных работ
25,Какие задачи у отдела геологии?,63,0.0254,0.0,0.51,0.0,ПЛ-13
25,Какие задачи у отдела геологии?,64,0.0252,0.0,0.5,0.0,Определения и сокращения
25,Какие задачи у отдела геологии?,65,0.0251,0.0,0.5,0.0,7 Материальная помощь
25,Какие задачи у отдела геологии?,66,0.5505,0.0,0.0,0.85,1 Общие положения
25,Какие задачи у отдела геологии?,67,0.5376,0.0,0.0,0.83,4 Функции
25,Какие задачи у отдела геологии?,68,0.5115,0.0,0.0,0.79,СОГЛАСОВАНО:
25,Какие задачи у отдела геологии?,69,0.5114,0.0,0.0,0.79,5 Ответственность
25,Какие задачи у отдела геологии?,70,0.5103,0.0,0.0,0.79,3 ОСНОВНЫЕ ФУНКЦИИ МАРКШЕЙДЕРСКО-ГЕОДЕЗИЧЕСКОЙ СЛУЖБЫ
25,Какие задачи у отдела геологии?,71,0.5094,0.0,0.0,0.78,1 Общие положения
25,Какие задачи у отдела геологии?,72,0.5077,0.0,0.0,0.78,1 Общие положения
25,Какие задачи у отдела геологии?,73,0.5058,0.0,0.0,0.78,СОГЛАСОВАНО:
25,Какие задачи у отдела геологии?,74,0.5042,0.0,0.0,0.78,1 Общие положения
25,Какие задачи у отдела геологии?,75,0.5037,0.0,0.0,0.77,Приложение 4 Перечень специализированного программного обеспечения отдела
25,Какие задачи у отдела геологии?,76,0.5031,0.0,0.0,0.77,СОГЛАСОВАНО:
25,Какие задачи у отдела геологии?,77,0.5025,0.0,0.0,0.77,Приложение 4. Перечень рабочих инструкций
25,Какие задачи у отдела геологии?,78,0.5022,0.0,0.0,0.77,СОГЛАСОВАНО:
25,Какие задачи у отдела геологии?,79,0.4998,0.0,0.0,0.77,Приложение 4. Перечень программного обеспечения отдела
25,Какие задачи у отдела геологии?,80,0.4986,0.0,0.0,0.77,ПЛ-08-ПП
25,Какие задачи у отдела геологии?,81,0.4975,0.0,0.0,0.77,1 Общие положения
25,Какие задачи у отдела геологии?,82,0.4962,0.0,0.0,0.76,2 Структура
25,Какие задачи у отдела геологии?,83,0.495,0.0,0.0,0.76,1 ОБЩИЕ ПОЛОЖЕНИЯ
25,Какие задачи у отдела геологии?,84,0.4946,0.0,0.0,0.76,2 Структура
25,Какие задачи у отдела геологии?,85,0.4942,0.0,0.0,0.76,Общие положения
25,Какие задачи у отдела геологии?,86,0.4935,0.0,0.0,0.76,ПЛ-12-УИСМ
25,Какие задачи у отдела геологии?,87,0.4935,0.0,0.0,0.76,ПОЛОЖЕНИЕ тельства скважин
27,Какие бывают виды рисков,1,0.7424,0.8,0.0,0.77,"4 Термины, обозначения, сокращения"
27,Какие бывают виды рисков,2,0.7337,0.79,0.0,0.76,7 Реестр рисков
27,Какие бывают виды рисков,3,0.7265,0.79,0.0,0.75,7 Реестр рисков
27,Какие бывают виды рисков,4,0.7374,0.79,0.0,0.77,7 Реестр рисков
27,Какие бывают виды рисков,5,0.7271,0.77,0.0,0.76,6 Идентификация и оценка рисков
27,Какие бывают виды рисков,6,0.7512,0.77,0.0,0.8,7 Реестр рисков
27,Какие бывают виды рисков,7,0.7307,0.76,0.0,0.77,1 Назначение
27,Какие бывают виды рисков,8,0.7097,0.74,0.0,0.75,Приложение А
27,Какие бывают виды рисков,9,0.71,0.74,0.0,0.75,ИНСТРУКЦИЯ Управление рисками «ИН-01-УР»
27,Какие бывают виды рисков,10,0.7058,0.74,0.0,0.74,Методы идентификации рисков
27,Какие бывают виды рисков,11,0.2219,0.74,0.0,0.0,5 Ответственность.
27,Какие бывают виды рисков,12,0.7202,0.74,0.5,0.73,5 Правила работы с файлами
27,Какие бывают виды рисков,13,0.7164,0.74,0.0,0.76,6 Идентификация и оценка рисков
27,Какие бывают виды рисков,14,0.7089,0.74,0.0,0.75,ИН-01-УР
27,Какие бывают виды рисков,15,0.6954,0.74,0.0,0.73,СОГЛАСОВАНО:
27,Какие бывают виды рисков,16,0.2207,0.74,0.0,0.0,5 Ответственность
27,Какие бывают виды рисков,17,0.2187,0.73,0.0,0.0,Назначение и область применения
27,Какие бывают виды рисков,18,0.2187,0.73,0.0,0.0,Назначение и область применения
27,Какие бывают виды рисков,19,0.6953,0.73,0.0,0.73,12 Ответственность за разглашение коммерческой тайны
27,Какие бывают виды рисков,20,0.7038,0.73,0.0,0.75,6 Ответственность
27,Какие бывают виды рисков,21,0.2179,0.73,0.0,0.0,6 Ответственность
27,Какие бывают виды рисков,22,0.2178,0.73,0.0,0.0,12 Ответственность
27,Какие бывают виды рисков,23,0.6923,0.73,0.0,0.73,"4 Термины, обозначения, сокращения"
27,Какие бывают виды рисков,24,0.7106,0.72,0.0,0.76,10 Безопасное обращение с отходами
27,Какие бывают виды рисков,25,0.2161,0.72,0.0,0.0,5 Ответственности
27,Какие бывают виды рисков,26,0.7022,0.72,0.0,0.75,Отдел несет ответственность за:
27,Какие бывают виды рисков,27,0.2154,0.72,0.0,0.0,6 Определение существенного воздействия экологических аспектов на ОС
27,Какие бывают виды рисков,28,0.2153,0.72,0.0,0.0,5 Идентификация всех возможных экологических аспектов
27,Какие бывают виды рисков,29,0.7327,0.72,0.57,0.75,"7 Ответственность за разглашение конфиденциальной информации, связанной с персональными данными"
27,Какие бывают виды рисков,30,0.2142,0.71,0.0,0.0,Приложение Г
27,Какие бывают виды рисков,31,0.2126,0.71,0.0,0.0,3 Задачи
27,Какие бывают виды рисков,32,0.2126,0.71,0.0,0.0,3 Задачи
27,Какие бывают виды рисков,33,0.2126,0.71,0.0,0.0,3 Задачи
27,Какие бывают виды рисков,34,0.2126,0.71,0.0,0.0,3 Задачи
27,Какие бывают виды рисков,35,0.2126,0.71,0.0,0.0,3 Задачи
27,Какие бывают виды рисков,36,0.2126,0.71,0.0,0.0,3 Задачи
27,Какие бывают виды рисков,37,0.2126,0.71,0.0,0.0,3 Задачи
27,Какие бывают виды рисков,38,0.2126,0.71,0.0,0.0,3 Задачи
27,Какие бывают виды рисков,39,0.212,0.71,0.0,0.0,3 Задачи
27,Какие бывают виды рисков,40,0.2118,0.71,0.0,0.0,Приложение 3. Перечень программного обеспечения
27,Какие бывают виды рисков,41,0.0309,0.0,0.62,0.0,Приложение 6. Формы журналов отдела
27,Какие бывают виды рисков,42,0.0306,0.0,0.61,0.0,1 Назначение
27,Какие бывают виды рисков,43,0.0295,0.0,0.59,0.0,5 Идентификация всех возможных экологических аспектов
27,Какие бывают виды рисков,44,0.0289,0.0,0.58,0.0,4 Полномочия и права
27,Какие бывают виды рисков,45,0.0285,0.0,0.57,0.0,7 Последовательность формирования реестров экологических аспектов
27,Какие бывают виды рисков,46,0.0276,0.0,0.55,0.0,4 Система оплаты труда
27,Какие бывают виды рисков,47,0.0273,0.0,0.55,0.0,"4 Термины, обозначения"
27,Какие бывают виды рисков,48,0.0268,0.0,0.54,0.0,1 Назначение
27,Какие бывают виды рисков,49,0.0267,0.0,0.53,0.0,12 Перечень нормативных документов по контролю качества выпускаемой продукции
27,Какие бывают виды рисков,50,0.0267,0.0,0.53,0.0,7 Материальная помощь
27,Какие бывают виды рисков,51,0.0266,0.0,0.53,0.0,3 Метрологическое обеспечение
27,Какие бывают виды рисков,52,0.0265,0.0,0.53,0.0,7 Организация и стадии выполнения проектных работ
27,Какие бывают виды рисков,53,0.0265,0.0,0.53,0.0,Техническая информация
27,Какие бывают виды рисков,54,0.0259,0.0,0.52,0.0,13 Заключительное положение
27,Какие бывают виды рисков,55,0.0258,0.0,0.52,0.0,Определения и сокращения
27,Какие бывают виды рисков,56,0.0256,0.0,0.51,0.0,1 Общие положения. Контроль качества приемки работ
27,Какие бывают виды рисков,57,0.0254,0.0,0.51,0.0,8 Начисление и выплата заработной платы
27,Какие бывают виды рисков,58,0.0253,0.0,0.51,0.0,3 Общие положения
27,Какие бывают виды рисков,59,0.0251,0.0,0.5,0.0,"2 ОСНОВНЫЕ ОБЯЗАННОСТИ, ПРИНЦИПЫ И ПРАВИЛА СЛУЖЕБНОГО ПОВЕДЕНИЯ РАБОТНИКОВ"
27,Какие бывают виды рисков,60,0.4997,0.0,0.0,0.77,Приложение В
27,Какие бывают виды рисков,61,0.4996,0.0,0.0,0.77,5 Защита персональных данных
27,Какие бывают виды рисков,62,0.4984,0.0,0.0,0.77,Приложение Б
27,Какие бывают виды рисков,63,0.4972,0.0,0.0,0.76,5 Основные положения
27,Какие бывают виды рисков,64,0.4905,0.0,0.0,0.75,"2 ОСНОВНЫЕ ОБЯЗАННОСТИ, ПРИНЦИПЫ И ПРАВИЛА СЛУЖЕБНОГО ПОВЕДЕНИЯ РАБОТНИКОВ"
27,Какие бывают виды рисков,65,0.4875,0.0,0.0,0.75,"2 ОСНОВНЫЕ ОБЯЗАННОСТИ, ПРИНЦИПЫ И ПРАВИЛА СЛУЖЕБНОГО ПОВЕДЕНИЯ РАБОТНИКОВ"
27,Какие бывают виды рисков,66,0.4842,0.0,0.0,0.74,"8 Иные положения, связанные с организацией труда дистанционных работников"
27,Какие бывают виды рисков,67,0.4809,0.0,0.0,0.74,Внутреннего трудового распорядка АО «ВолгоградНИПИнефть»
27,Какие бывают виды рисков,68,0.4805,0.0,0.0,0.74,5 Основные положения
27,Какие бывают виды рисков,69,0.4801,0.0,0.0,0.74,9 Обязательства работника
27,Какие бывают виды рисков,70,0.4791,0.0,0.0,0.74,3 Обработка персональных данных
27,Какие бывают виды рисков,71,0.479,0.0,0.0,0.74,6 Порядок накопления отходов
27,Какие бывают виды рисков,72,0.4746,0.0,0.0,0.73,Внутреннего трудового распорядка АО «ВолгоградНИПИнефть»
27,Какие бывают виды рисков,73,0.474,0.0,0.0,0.73,6 Ответственность
27,Какие бывают виды рисков,74,0.4739,0.0,0.0,0.73,Итоговый реестр существенных экологических аспектов
27,Какие бывают виды рисков,75,0.4732,0.0,0.0,0.73,8 Требования к транспортированию отходов
27,Какие бывают виды рисков,76,0.4703,0.0,0.0,0.72,4 Персонал
27,Какие бывают виды рисков,77,0.4702,0.0,0.0,0.72,Приложение В
27,Какие бывают виды рисков,78,0.4694,0.0,0.0,0.72,6 Ответственность
27,Какие бывают виды рисков,79,0.4694,0.0,0.0,0.72,6 Понятие коммерческой тайны
35,Какие задачи у финансового отдела?,1,0.2399,0.8,0.0,0.0,Приложение 1. Структура отдела
35,Какие задачи у финансового отдела?,2,0.2399,0.8,0.0,0.0,Приложение 1. Структура отдела
35,Какие задачи у финансового отдела?,3,0.7377,0.8,0.0,0.77,Приложение 1. Структура отдела
35,Какие задачи у финансового отдела?,4,0.2399,0.8,0.0,0.0,Приложение 1. Структура отдела
35,Какие задачи у финансового отдела?,5,0.7437,0.79,0.0,0.78,ПОЛОЖЕНИЕ Об учетно-финансовом отделе «ПЛ-13»
35,Какие задачи у финансового отдела?,6,0.2354,0.78,0.0,0.0,Приложение 5. Перечень программного обеспечения отдела
35,Какие задачи у финансового отдела?,7,0.2354,0.78,0.0,0.0,Приложение 5. Перечень программного обеспечения отдела
35,Какие задачи у финансового отдела?,8,0.2348,0.78,0.0,0.0,Приложение 3. Перечень программного обеспечения отдела
35,Какие задачи у финансового отдела?,9,0.7343,0.78,0.0,0.77,Приложение 4. График документооборота АО «ВолгоградНИПИнефть»
35,Какие задачи у финансового отдела?,10,0.2323,0.77,0.0,0.0,Отдел имеет право:
35,Какие задачи у финансового отдела?,11,0.2323,0.77,0.0,0.0,Отдел имеет право:
35,Какие задачи у финансового отдела?,12,0.2323,0.77,0.0,0.0,Отдел имеет право:
35,Какие задачи у финансового отдела?,13,0.7142,0.77,0.0,0.74,Отдел имеет право:
35,Какие задачи у финансового отдела?,14,0.7273,0.77,0.0,0.76,Приложение 2. Перечень внутренней документации ИСМ отдела
35,Какие задачи у финансового отдела?,15,0.2305,0.77,0.0,0.0,Приложение 4. Перечень документированной информации отдела
35,Какие задачи у финансового отдела?,16,0.7268,0.77,0.0,0.76,Приложение 6. Формы журналов отдела
35,Какие задачи у финансового отдела?,17,0.23,0.77,0.0,0.0,Приложение 3. Перечень регламентированных бизнес-процессов отдела
35,Какие задачи у финансового отдела?,18,0.2299,0.77,0.0,0.0,5 Бюджет командировки
35,Какие задачи у финансового отдела?,19,0.7345,0.76,0.0,0.78,2 Структура
35,Какие задачи у финансового отдела?,20,0.2289,0.76,0.0,0.0,ПОЛОЖЕНИЕ о договорном отделе «ПЛ-05»
35,Какие задачи у финансового отдела?,21,0.7137,0.76,0.0,0.75,Приложение 1. Структура отдела.
35,Какие задачи у финансового отдела?,22,0.2274,0.76,0.0,0.0,Приложение 3. Перечень регламентированных процессов договорного отдела.
35,Какие задачи у финансового отдела?,23,0.7345,0.76,0.0,0.78,ПЛ-13
35,Какие задачи у финансового отдела?,24,0.2266,0.76,0.0,0.0,Отдел несет ответственность за:
35,Какие задачи у финансового отдела?,25,0.2266,0.76,0.0,0.0,Отдел несет ответственность за:
35,Какие задачи у финансового отдела?,26,0.2263,0.75,0.0,0.0,Приложение 6. Формы журналов отдела:
35,Какие задачи у финансового отдела?,27,0.2263,0.75,0.0,0.0,Приложение 6. Формы журналов отдела:
35,Какие задачи у финансового отдела?,28,0.2262,0.75,0.0,0.0,Размер материальной помощи
35,Какие задачи у финансового отдела?,29,0.226,0.75,0.0,0.0,Приложение 4 Перечень специализированного программного обеспечения отдела
35,Какие задачи у финансового отдела?,30,0.2256,0.75,0.0,0.0,3 Задачи
35,Какие задачи у финансового отдела?,31,0.7151,0.75,0.0,0.75,Финансово-учетная документация:
35,Какие задачи у финансового отдела?,32,0.2249,0.75,0.0,0.0,Организация договорной работы
35,Какие задачи у финансового отдела?,33,0.2249,0.75,0.0,0.0,Организация договорной работы
35,Какие задачи у финансового отдела?,34,0.2249,0.75,0.0,0.0,Организация договорной работы
35,Какие задачи у финансового отдела?,35,0.715,0.75,0.0,0.75,Отдел несет ответственность за:
35,Какие задачи у финансового отдела?,36,0.2247,0.75,0.0,0.0,СОГЛАСОВАНО:
35,Какие задачи у финансового отдела?,37,0.2244,0.75,0.0,0.0,Приложение 3. Перечень документированной информации информационно-технического отдела.
35,Какие задачи у финансового отдела?,38,0.2237,0.75,0.0,0.0,Приложение 2. Перечень регламентированных процессов информационно-технического отдела.
35,Какие задачи у финансового отдела?,39,0.2233,0.74,0.0,0.0,8 Управление исходящей документацией
35,Какие задачи у финансового отдела?,40,0.2232,0.74,0.0,0.0,Приложение 2. Перечень внутренней документации ИСМ отдела
35,Какие задачи у финансового отдела?,41,0.5245,0.0,0.0,0.81,1 Общие положения
35,Какие задачи у финансового отдела?,42,0.5139,0.0,0.0,0.79,4 Функции
35,Какие задачи у финансового отдела?,43,0.512,0.0,0.0,0.79,2 Структура
35,Какие задачи у финансового отдела?,44,0.5048,0.0,0.0,0.78,2 Структура
35,Какие задачи у финансового отдела?,45,0.4964,0.0,0.0,0.76,СОГЛАСОВАНО:
35,Какие задачи у финансового отдела?,46,0.4952,0.0,0.0,0.76,2 Структура
35,Какие задачи у финансового отдела?,47,0.4943,0.0,0.0,0.76,3 Задачи
35,Какие задачи у финансового отдела?,48,0.4933,0.0,0.0,0.76,2 Структура
35,Какие задачи у финансового отдела?,49,0.4932,0.0,0.0,0.76,1 Общие положения
35,Какие задачи у финансового отдела?,50,0.4925,0.0,0.0,0.76,2 Структура
35,Какие задачи у финансового отдела?,51,0.4925,0.0,0.0,0.76,4 Функции
35,Какие задачи у финансового отдела?,52,0.491,0.0,0.0,0.76,4 Функции
35,Какие задачи у финансового отдела?,53,0.4907,0.0,0.0,0.75,2 Структура
35,Какие задачи у финансового отдела?,54,0.4904,0.0,0.0,0.75,4 Функции
35,Какие задачи у финансового отдела?,55,0.4898,0.0,0.0,0.75,1 Общие положения
35,Какие задачи у финансового отдела?,56,0.4889,0.0,0.0,0.75,ПОЛОЖЕНИЕ Об оплате и стимулировании труда персонала «ПЛ-13-ОСТП»
35,Какие задачи у финансового отдела?,57,0.4889,0.0,0.0,0.75,ПЛ-13-ОСТП
35,Какие задачи у финансового отдела?,58,0.4882,0.0,0.0,0.75,СОГЛАСОВАНО:
35,Какие задачи у финансового отдела?,59,0.4878,0.0,0.0,0.75,"Приложение 7. Выпуск продукции на 20__ г. на основании заключенных договоров, с НДС."
35,Какие задачи у финансового отдела?,60,0.4868,0.0,0.0,0.75,СОГЛАСОВАНО:
35,Какие задачи у финансового отдела?,61,0.4862,0.0,0.0,0.75,6 Ответственность
35,Какие задачи у финансового отдела?,62,0.4844,0.0,0.0,0.75,2 Область применения
35,Какие задачи у финансового отдела?,63,0.4844,0.0,0.0,0.75,СОГЛАСОВАНО:
35,Какие задачи у финансового отдела?,64,0.4842,0.0,0.0,0.74,7 Организация и стадии выполнения проектных работ
35,Какие задачи у финансового отдела?,65,0.4828,0.0,0.0,0.74,9 Окончание работ. Отчет о командировке
35,Какие задачи у финансового отдела?,66,0.4825,0.0,0.0,0.74,6 Ответственность
35,Какие задачи у финансового отдела?,67,0.482,0.0,0.0,0.74,6 Ответственность
35,Какие задачи у финансового отдела?,68,0.4818,0.0,0.0,0.74,С отделом бурения Общества
35,Какие задачи у финансового отдела?,69,0.4815,0.0,0.0,0.74,СОГЛАСОВАНО:
36,Куда нужно класть файлы при регистрации архивов?,1,0.2213,0.74,0.0,0.0,решений
36,Куда нужно класть файлы при регистрации архивов?,2,0.2199,0.73,0.0,0.0,4 Права доступа к каталогам
36,Куда нужно класть файлы при регистрации архивов?,3,0.6816,0.73,0.0,0.71,"Порядок приемки, регистрации и архивирования источников информации."
36,Куда нужно класть файлы при регистрации архивов?,4,0.2162,0.72,0.0,0.0,Лист регистрации изменений
36,Куда нужно класть файлы при регистрации архивов?,5,0.2162,0.72,0.0,0.0,Лист регистрации изменений
36,Куда нужно класть файлы при регистрации архивов?,6,0.2162,0.72,0.0,0.0,Лист регистрации изменений
36,Куда нужно класть файлы при регистрации архивов?,7,0.2162,0.72,0.0,0.0,Лист регистрации изменений
36,Куда нужно класть файлы при регистрации архивов?,8,0.2162,0.72,0.0,0.0,Лист регистрации изменений
36,Куда нужно класть файлы при регистрации архивов?,9,0.2162,0.72,0.0,0.0,Лист регистрации изменений
36,Куда нужно класть файлы при регистрации архивов?,10,0.2162,0.72,0.0,0.0,Лист регистрации изменений
36,Куда нужно класть файлы при регистрации архивов?,11,0.2162,0.72,0.0,0.0,Лист регистрации изменений
36,Куда нужно класть файлы при регистрации архивов?,12,0.2162,0.72,0.0,0.0,Лист регистрации изменений
36,Куда нужно класть файлы при регистрации архивов?,13,0.2162,0.72,0.0,0.0,Лист регистрации изменений
36,Куда нужно класть файлы при регистрации архивов?,14,0.2162,0.72,0.0,0.0,Лист регистрации изменений
36,Куда нужно класть файлы при регистрации архивов?,15,0.2162,0.72,0.0,0.0,Лист регистрации изменений
36,Куда нужно класть файлы при регистрации архивов?,16,0.2162,0.72,0.0,0.0,Лист регистрации изменений
36,Куда нужно класть файлы при регистрации архивов?,17,0.2162,0.72,0.0,0.0,Лист регистрации изменений
36,Куда нужно класть файлы при регистрации архивов?,18,0.66,0.72,0.0,0.68,P:\\\\Информация…
36,Куда нужно класть файлы при регистрации архивов?,19,0.6542,0.71,0.0,0.68,6 Порядок накопления отходов
36,Куда нужно класть файлы при регистрации архивов?,20,0.6548,0.71,0.0,0.68,6 Порядок накопления отходов
36,Куда нужно класть файлы при регистрации архивов?,21,0.6604,0.7,0.0,0.69,Определения и сокращения
36,Куда нужно класть файлы при регистрации архивов?,22,0.2113,0.7,0.0,0.0,6 Управление внутренними документами
36,Куда нужно класть файлы при регистрации архивов?,23,0.2109,0.7,0.0,0.0,5 ПРАВА
36,Куда нужно класть файлы при регистрации архивов?,24,0.2104,0.7,0.0,0.0,5 Права
36,Куда нужно класть файлы при регистрации архивов?,25,0.2104,0.7,0.0,0.0,5 Права
36,Куда нужно класть файлы при регистрации архивов?,26,0.2102,0.7,0.0,0.0,4 Права
36,Куда нужно класть файлы при регистрации архивов?,27,0.21,0.7,0.0,0.0,Таблица 1
36,Куда нужно класть файлы при регистрации архивов?,28,0.2099,0.7,0.0,0.0,7 Реестр рисков
36,Куда нужно класть файлы при регистрации архивов?,29,0.2099,0.7,0.0,0.0,7 Реестр рисков
36,Куда нужно класть файлы при регистрации архивов?,30,0.2099,0.7,0.0,0.0,7 Реестр рисков
36,Куда нужно класть файлы при регистрации архивов?,31,0.2098,0.7,0.0,0.0,3 Обработка персональных данных
36,Куда нужно класть файлы при регистрации архивов?,32,0.6619,0.7,0.0,0.7,ИНСТРУКЦИЯ Регистрация и архивирование источников информации «ИН-15-РегАрх»
36,Куда нужно класть файлы при регистрации архивов?,33,0.2094,0.7,0.0,0.0,Приложение В
36,Куда нужно класть файлы при регистрации архивов?,34,0.2094,0.7,0.0,0.0,Приложение В
36,Куда нужно класть файлы при регистрации архивов?,35,0.2094,0.7,0.0,0.0,Приложение В
36,Куда нужно класть файлы при регистрации архивов?,36,0.2092,0.7,0.0,0.0,7 Порядок учета отходов
36,Куда нужно класть файлы при регистрации архивов?,37,0.2072,0.69,0.0,0.0,5 Защита персональных данных
36,Куда нужно класть файлы при регистрации архивов?,38,0.2072,0.69,0.0,0.0,5 Защита персональных данных
36,Куда нужно класть файлы при регистрации архивов?,39,0.6433,0.69,0.0,0.67,"4 Термины, обозначения, сокращения"
36,Куда нужно класть файлы при регистрации архивов?,40,0.2069,0.69,0.0,0.0,Приложение Д
36,Куда нужно класть файлы при регистрации архивов?,41,0.4525,0.0,0.0,0.7,ИН-15-РегАрх
36,Куда нужно класть файлы при регистрации архивов?,42,0.4522,0.0,0.0,0.7,Нормативные ссылки
36,Куда нужно класть файлы при регистрации архивов?,43,0.4502,0.0,0.0,0.69,F:\\\\ !Шаблоны документов\\\\Бланки регистрации
36,Куда нужно класть файлы при регистрации архивов?,44,0.4493,0.0,0.0,0.69,Приложение 4. Перечень документированной информации отдела
36,Куда нужно класть файлы при регистрации архивов?,45,0.4471,0.0,0.0,0.69,Приложение 3. Перечень документированной информации информационно-технического отдела.
36,Куда нужно класть файлы при регистрации архивов?,46,0.4451,0.0,0.0,0.68,Приложение 1 Перечень документированной информации
36,Куда нужно класть файлы при регистрации архивов?,47,0.4441,0.0,0.0,0.68,10 Завершающая стадия
36,Куда нужно класть файлы при регистрации архивов?,48,0.4432,0.0,0.0,0.68,Техническая информация
36,Куда нужно класть файлы при регистрации архивов?,49,0.4431,0.0,0.0,0.68,5 Правила работы с файлами
36,Куда нужно класть файлы при регистрации архивов?,50,0.4412,0.0,0.0,0.68,2 Определения и сокращения
36,Куда нужно класть файлы при регистрации архивов?,51,0.4411,0.0,0.0,0.68,3 Нормативные ссылки
36,Куда нужно класть файлы при регистрации архивов?,52,0.4401,0.0,0.0,0.68,2 Основная часть
36,Куда нужно класть файлы при регистрации архивов?,53,0.4401,0.0,0.0,0.68,3 Задачи
36,Куда нужно класть файлы при регистрации архивов?,54,0.4399,0.0,0.0,0.68,6 Ответственность
36,Куда нужно класть файлы при регистрации архивов?,55,0.4392,0.0,0.0,0.68,Приложение 5. Шаблоны бланков документированной информации отдела.
36,Куда нужно класть файлы при регистрации архивов?,56,0.4389,0.0,0.0,0.68,Отдел несет ответственность за:
36,Куда нужно класть файлы при регистрации архивов?,57,0.4387,0.0,0.0,0.67,Приложение Б. Информационный лист проекта
36,Куда нужно класть файлы при регистрации архивов?,58,0.4378,0.0,0.0,0.67,4 Определения и сокращения
36,Куда нужно класть файлы при регистрации архивов?,59,0.4371,0.0,0.0,0.67,Производственная информация
36,Куда нужно класть файлы при регистрации архивов?,60,0.4371,0.0,0.0,0.67,С производственными службами Заказчика по строительству и обустройству месторождений:
36,Куда нужно класть файлы при регистрации архивов?,61,0.4369,0.0,0.0,0.67,Приложение 6. Формы журналов отдела:
36,Куда нужно класть файлы при регистрации архивов?,62,0.4358,0.0,0.0,0.67,4 Функции
36,Куда нужно класть файлы при регистрации архивов?,63,0.4354,0.0,0.0,0.67,Приложение 3. Кадровая документация отдела
36,Куда нужно класть файлы при регистрации архивов?,64,0.4352,0.0,0.0,0.67,3 Задачи
36,Куда нужно класть файлы при регистрации архивов?,65,0.434,0.0,0.0,0.67,3 Нормативные ссылки
36,Куда нужно класть файлы при регистрации архивов?,66,0.4338,0.0,0.0,0.67,ИН-05-ДР
36,Куда нужно класть файлы при регистрации архивов?,67,0.4338,0.0,0.0,0.67,ИНСТРУКЦИЯ Организация договорной работы «ИН-05-ДР»
36,Куда нужно класть файлы при регистрации архивов?,68,0.4333,0.0,0.0,0.67,3 Нормативные ссылки
36,Куда нужно класть файлы при регистрации архивов?,69,0.433,0.0,0.0,0.67,3 Нормативные ссылки
36,Куда нужно класть файлы при регистрации архивов?,70,0.4328,0.0,0.0,0.67,Приложение 2. Перечень регламентированных процессов информационно-технического отдела.
36,Куда нужно класть файлы при регистрации архивов?,71,0.4325,0.0,0.0,0.67,3 Нормативные ссылки
36,Куда нужно класть файлы при регистрации архивов?,72,0.4324,0.0,0.0,0.67,12 Ответственность
36,Куда нужно класть файлы при регистрации архивов?,73,0.4323,0.0,0.0,0.67,Финансово-учетная документация:
40,В каком документе описан порядок внешних поставок?,1,0.7352,0.77,0.0,0.77,1 Назначение
40,В каком документе описан порядок внешних поставок?,2,0.2307,0.77,0.0,0.0,Порядок работы
40,В каком документе описан порядок внешних поставок?,3,0.7387,0.77,0.0,0.78,3 Нормативные ссылки
40,В каком документе описан порядок внешних поставок?,4,0.758,0.77,0.0,0.81,"7 Порядок действий при внешних поставках для осуществления работ по договорам в офисе Института и внешних поставках, связанных с развитием инфраструктуры и материальных ресурсов Института"
40,В каком документе описан порядок внешних поставок?,5,0.7074,0.76,0.0,0.74,"6 Оценка, выбор и переоценка поставщиков."
40,В каком документе описан порядок внешних поставок?,6,0.2254,0.75,0.0,0.0,Порядок приема и увольнения работников
40,В каком документе описан порядок внешних поставок?,7,0.7065,0.75,0.0,0.74,Примечания
40,В каком документе описан порядок внешних поставок?,8,0.2244,0.75,0.0,0.0,10 Порядок допуска к коммерческой тайне
40,В каком документе описан порядок внешних поставок?,9,0.7153,0.75,0.0,0.76,Приложение 2. Перечень регламентирующих документов
40,В каком документе описан порядок внешних поставок?,10,0.7027,0.74,0.0,0.74,8 Управление исходящей документацией
40,В каком документе описан порядок внешних поставок?,11,0.2232,0.74,0.0,0.0,"Порядок приемки, регистрации и архивирования источников информации."
40,В каком документе описан порядок внешних поставок?,12,0.7005,0.74,0.0,0.74,3 Нормативные ссылки
40,В каком документе описан порядок внешних поставок?,13,0.2221,0.74,0.0,0.0,9 Требования к передаче отходов сторонним специализированным организациям
40,В каком документе описан порядок внешних поставок?,14,0.222,0.74,0.0,0.0,6 Порядок обеспечения дистанционных работников необходимым оборудованием и иными средствами
40,В каком документе описан порядок внешних поставок?,15,0.2208,0.74,0.0,0.0,7 Порядок отнесения сведений к коммерческой тайне
40,В каком документе описан порядок внешних поставок?,16,0.6939,0.74,0.0,0.73,3 Нормативные ссылки
40,В каком документе описан порядок внешних поставок?,17,0.6939,0.73,0.0,0.73,1 Назначение
40,В каком документе описан порядок внешних поставок?,18,0.2192,0.73,0.0,0.0,Приложение 2. Перечень внутренней документации ИСМ отдела
40,В каком документе описан порядок внешних поставок?,19,0.6973,0.73,0.0,0.74,3 Нормативные ссылки
40,В каком документе описан порядок внешних поставок?,20,0.2185,0.73,0.0,0.0,3 Нормативные ссылки
40,В каком документе описан порядок внешних поставок?,21,0.2434,0.73,0.5,0.0,12 Перечень нормативных документов по контролю качества выпускаемой продукции
40,В каком документе описан порядок внешних поставок?,22,0.6942,0.73,0.0,0.73,Приложение 2. Перечень внутренней документации ИСМ отдела
40,В каком документе описан порядок внешних поставок?,23,0.2172,0.72,0.0,0.0,Приложение Б
40,В каком документе описан порядок внешних поставок?,24,0.217,0.72,0.0,0.0,7 Порядок учета отходов
40,В каком документе описан порядок внешних поставок?,25,0.2169,0.72,0.0,0.0,Приложение 2. Перечень внутренней документации
40,В каком документе описан порядок внешних поставок?,26,0.2167,0.72,0.0,0.0,5 Порядок проведения нормоконтроля
40,В каком документе описан порядок внешних поставок?,27,0.2166,0.72,0.0,0.0,8 Срок и режим командировки
40,В каком документе описан порядок внешних поставок?,28,0.2162,0.72,0.0,0.0,Приложение Г
40,В каком документе описан порядок внешних поставок?,29,0.6885,0.72,0.0,0.73,"ПОЛОЖЕНИЕ По организации внутреннего контроля качества и приемки топографо-геодезических, картографических и проектно-изыскательских работ «ПЛ-08-ОВКК»"
40,В каком документе описан порядок внешних поставок?,30,0.6905,0.72,0.0,0.73,3 Нормативные ссылки
40,В каком документе описан порядок внешних поставок?,31,0.2154,0.72,0.0,0.0,6 Порядок накопления отходов
40,В каком документе описан порядок внешних поставок?,32,0.2154,0.72,0.0,0.0,6 Порядок накопления отходов
40,В каком документе описан порядок внешних поставок?,33,0.2153,0.72,0.0,0.0,7 Порядок организации труда дистанционных работников
40,В каком документе описан порядок внешних поставок?,34,0.2153,0.72,0.0,0.0,7 Порядок организации труда дистанционных работников
40,В каком документе описан порядок внешних поставок?,35,0.2152,0.72,0.0,0.0,"8 Верификация поставленной продукции, работ (услуг)"
40,В каком документе описан порядок внешних поставок?,36,0.6948,0.72,0.0,0.74,ЛИСТ СОГЛАСОВАНИЯ ДОГОВОРА
40,В каком документе описан порядок внешних поставок?,37,0.7484,0.72,0.0,0.82,ИНСТРУКЦИЯ Внешние поставки «ИН-01-ВП»
40,В каком документе описан порядок внешних поставок?,38,0.215,0.72,0.0,0.0,3 Задачи
40,В каком документе описан порядок внешних поставок?,39,0.24,0.72,0.5,0.0,3 Нормативные ссылки
40,В каком документе описан порядок внешних поставок?,40,0.2146,0.72,0.0,0.0,8 Требования к транспортированию отходов
40,В каком документе описан порядок внешних поставок?,41,0.0269,0.0,0.54,0.0,"8 Мониторинг, измерения, анализ и оценивание"
40,В каком документе описан порядок внешних поставок?,42,0.0262,0.0,0.52,0.0,Приложение 4. График документооборота АО «ВолгоградНИПИнефть»
40,В каком документе описан порядок внешних поставок?,43,0.0255,0.0,0.51,0.0,6 Нормы и порядок возмещения перерасхода лимита корпоративной мобильной связи
40,В каком документе описан порядок внешних поставок?,44,0.0255,0.0,0.51,0.0,Внутреннего трудового распорядка АО «ВолгоградНИПИнефть»
40,В каком документе описан порядок внешних поставок?,45,0.025,0.0,0.5,0.0,СОГЛАСОВАНО:
40,В каком документе описан порядок внешних поставок?,46,0.025,0.0,0.5,0.0,1 Назначение
40,В каком документе описан порядок внешних поставок?,47,0.025,0.0,0.5,0.0,1 Общие положения
40,В каком документе описан порядок внешних поставок?,48,0.025,0.0,0.5,0.0,Определения и сокращения
40,В каком документе описан порядок внешних поставок?,49,0.025,0.0,0.5,0.0,ПЛ-08-УИСМ
40,В каком документе описан порядок внешних поставок?,50,0.025,0.0,0.5,0.0,Согласовано:
40,В каком документе описан порядок внешних поставок?,51,0.025,0.0,0.5,0.0,3 Общие положения
40,В каком документе описан порядок внешних поставок?,52,0.025,0.0,0.5,0.0,Приложение 2. Перечень внутренней документации договорного отдела
40,В каком документе описан порядок внешних поставок?,53,0.025,0.0,0.5,0.0,4 Система оплаты труда
40,В каком документе описан порядок внешних поставок?,54,0.025,0.0,0.5,0.0,ПОЛОЖЕНИЕ о договорном отделе «ПЛ-05»
40,В каком документе описан порядок внешних поставок?,55,0.025,0.0,0.5,0.0,Приложение Д
40,В каком документе описан порядок внешних поставок?,56,0.025,0.0,0.5,0.0,1 Общие положения
40,В каком документе описан порядок внешних поставок?,57,0.025,0.0,0.5,0.0,Приложение 6. Формы журналов отдела
40,В каком документе описан порядок внешних поставок?,58,0.025,0.0,0.5,0.0,7 Последовательность формирования реестров экологических аспектов
40,В каком документе описан порядок внешних поставок?,59,0.025,0.0,0.5,0.0,2 Определения и сокращения
40,В каком документе описан порядок внешних поставок?,60,0.025,0.0,0.5,0.0,ПЛ-05
40,В каком документе описан порядок внешних поставок?,61,0.025,0.0,0.5,0.0,5 Идентификация всех возможных экологических аспектов
40,В каком документе описан порядок внешних поставок?,62,0.025,0.0,0.5,0.0,ПОЛОЖЕНИЕ Об отделе геологии «ПЛ-07»
40,В каком документе описан порядок внешних поставок?,63,0.025,0.0,0.5,0.0,1 Общие положения
40,В каком документе описан порядок внешних поставок?,64,0.025,0.0,0.5,0.0,ПОЛОЖЕНИЕ Об уполномоченном по интегрированной системе менеджмента в отделе инженерных изысканий «ПЛ-08-УИСМ»
40,В каком документе описан порядок внешних поставок?,65,0.025,0.0,0.5,0.0,Приложение 2 Перечень внутренней документации ИСМ отдела
40,В каком документе описан порядок внешних поставок?,66,0.4974,0.0,0.5,0.73,1 Общие положения
40,В каком документе описан порядок внешних поставок?,67,0.025,0.0,0.5,0.0,ПЛ-07
40,В каком документе описан порядок внешних поставок?,68,0.025,0.0,0.5,0.0,3 Метрологическое обеспечение
40,В каком документе описан порядок внешних поставок?,69,0.025,0.0,0.5,0.0,КОДЕКС этики и служебного поведения работников АО «ВолгоградНИПИнефть» «К-01-ЭСПР»
40,В каком документе описан порядок внешних поставок?,70,0.025,0.0,0.5,0.0,8 Начисление и выплата заработной платы
40,В каком документе описан порядок внешних поставок?,71,0.025,0.0,0.5,0.0,2 Нормативные ссылки
40,В каком документе описан порядок внешних поставок?,72,0.025,0.0,0.5,0.0,При этом проверяются:
40,В каком документе описан порядок внешних поставок?,73,0.025,0.0,0.5,0.0,7 Организация и стадии выполнения проектных работ
40,В каком документе описан порядок внешних поставок?,74,0.025,0.0,0.5,0.0,6 Ответственность
40,В каком документе описан порядок внешних поставок?,75,0.025,0.0,0.5,0.0,Он обязан:
40,В каком документе описан порядок внешних поставок?,76,0.025,0.0,0.5,0.0,Приложение 4. График документооборота АО «ВолгоградНИПИнефть»
40,В каком документе описан порядок внешних поставок?,77,0.5121,0.0,0.5,0.75,Общие положения
40,В каком документе описан порядок внешних поставок?,78,0.025,0.0,0.5,0.0,Согласовано:
40,В каком документе описан порядок внешних поставок?,79,0.5333,0.0,0.0,0.82,ИН-01-ВП
40,В каком документе описан порядок внешних поставок?,80,0.5321,0.0,0.0,0.82,1 Назначение
40,В каком документе описан порядок внешних поставок?,81,0.517,0.0,0.0,0.8,Приложение Д
40,В каком документе описан порядок внешних поставок?,82,0.508,0.0,0.0,0.78,5 Основные положения
40,В каком документе описан порядок внешних поставок?,83,0.5058,0.0,0.0,0.78,2 Область применения
40,В каком документе описан порядок внешних поставок?,84,0.4953,0.0,0.0,0.76,2 Нормативные ссылки
40,В каком документе описан порядок внешних поставок?,85,0.4856,0.0,0.0,0.75,"4 Термины, обозначения, сокращения"
40,В каком документе описан порядок внешних поставок?,86,0.4829,0.0,0.0,0.74,3 Задачи
40,В каком документе описан порядок внешних поставок?,87,0.4796,0.0,0.0,0.74,ПОЛОЖЕНИЕ об отделе делопроизводства и менеджмента качества «ПЛ-20»
40,В каком документе описан порядок внешних поставок?,88,0.4796,0.0,0.0,0.74,ПЛ-20
40,В каком документе описан порядок внешних поставок?,89,0.4764,0.0,0.0,0.73,Организация договорной работы
40,В каком документе описан порядок внешних поставок?,90,0.4763,0.0,0.0,0.73,1 Общие положения
40,В каком документе описан порядок внешних поставок?,91,0.4759,0.0,0.0,0.73,Организация договорной работы
40,В каком документе описан порядок внешних поставок?,92,0.4758,0.0,0.0,0.73,2 Область применения
40,В каком документе описан порядок внешних поставок?,93,0.4755,0.0,0.0,0.73,"7 Выполнение работ, оказание услуг"
40,В каком документе описан порядок внешних поставок?,94,0.4754,0.0,0.0,0.73,АО «ВолгоградНИПИнефть»
40,В каком документе описан порядок внешних поставок?,95,0.4741,0.0,0.0,0.73,ИНСТРУКЦИЯ По подготовке тендерного предложения «ИН-01-ПТП»
40,В каком документе описан порядок внешних поставок?,96,0.4741,0.0,0.0,0.73,ИН-01-ПТП
40,В каком документе описан порядок внешних поставок?,97,0.4729,0.0,0.0,0.73,ПЛ-08-ОВКК
40,В каком документе описан порядок внешних поставок?,98,0.4725,0.0,0.0,0.73,Организация договорной работы
40,В каком документе описан порядок внешних поставок?,99,0.4723,0.0,0.0,0.73,1 Общие положения
40,В каком документе описан порядок внешних поставок?,100,0.472,0.0,0.0,0.73,1 Назначение
41,Где прописаны правила командировок?,1,0.7525,0.79,0.0,0.79,8 Срок и режим командировки
41,Где прописаны правила командировок?,2,0.7457,0.78,0.0,0.79,7 Организация работы командированного сотрудника
41,Где прописаны правила командировок?,3,0.7478,0.78,0.0,0.79,Приложение А
41,Где прописаны правила командировок?,4,0.7307,0.77,0.0,0.77,5 Бюджет командировки
41,Где прописаны правила командировок?,5,0.7215,0.76,0.0,0.76,1 Назначение
41,Где прописаны правила командировок?,6,0.729,0.75,0.0,0.77,9 Окончание работ. Отчет о командировке
41,Где прописаны правила командировок?,7,0.2262,0.75,0.0,0.0,Порядок приема и увольнения работников
41,Где прописаны правила командировок?,8,0.719,0.75,0.0,0.76,10 Отмена командировки
41,Где прописаны правила командировок?,9,0.7507,0.75,0.0,0.81,Приложение Г
41,Где прописаны правила командировок?,10,0.7237,0.75,0.0,0.77,ПОЛОЖЕНИЕ О командировках в АО «ВолгоградНИПИнефть» «ПЛ-13-К»
41,Где прописаны правила командировок?,11,0.7297,0.74,0.0,0.78,4 Командировки
41,Где прописаны правила командировок?,12,0.6884,0.74,0.0,0.72,Порядок работы
41,Где прописаны правила командировок?,13,0.2188,0.73,0.0,0.0,Организация договорной работы
41,Где прописаны правила командировок?,14,0.2188,0.73,0.0,0.0,Организация договорной работы
41,Где прописаны правила командировок?,15,0.2188,0.73,0.0,0.0,Организация договорной работы
41,Где прописаны правила командировок?,16,0.2168,0.72,0.0,0.0,Заключительные положения
41,Где прописаны правила командировок?,17,0.2164,0.72,0.0,0.0,8 Требования к транспортированию отходов
41,Где прописаны правила командировок?,18,0.2162,0.72,0.0,0.0,"Порядок приемки, регистрации и архивирования источников информации."
41,Где прописаны правила командировок?,19,0.216,0.72,0.0,0.0,3 Нормативные ссылки
41,Где прописаны правила командировок?,20,0.6851,0.72,0.0,0.72,Приложение 2. Перечень внутренней документации ИСМ отдела
41,Где прописаны правила командировок?,21,0.7322,0.72,0.0,0.8,6 Организация командировки
41,Где прописаны правила командировок?,22,0.7135,0.72,0.0,0.77,ПЛ-13-К
41,Где прописаны правила командировок?,23,0.2148,0.72,0.0,0.0,3 Нормативные ссылки
41,Где прописаны правила командировок?,24,0.2147,0.72,0.0,0.0,Приложение 2 Исходные данные для составления смет.
41,Где прописаны правила командировок?,25,0.2145,0.72,0.0,0.0,"4 Термины, обозначения, сокращения"
41,Где прописаны правила командировок?,26,0.2141,0.71,0.0,0.0,3 Нормативные ссылки
41,Где прописаны правила командировок?,27,0.2141,0.71,0.0,0.0,Ответственность работников за нарушение трудовой дисциплины
41,Где прописаны правила командировок?,28,0.2138,0.71,0.0,0.0,2 Нормативные ссылки
41,Где прописаны правила командировок?,29,0.6807,0.71,0.0,0.72,1 Назначение
41,Где прописаны правила командировок?,30,0.2133,0.71,0.0,0.0,3 Нормативные ссылки
41,Где прописаны правила командировок?,31,0.6816,0.71,0.0,0.72,Приложение Б
41,Где прописаны правила командировок?,32,0.213,0.71,0.0,0.0,"2 ОСНОВНЫЕ ОБЯЗАННОСТИ, ПРИНЦИПЫ И ПРАВИЛА СЛУЖЕБНОГО ПОВЕДЕНИЯ РАБОТНИКОВ"
41,Где прописаны правила командировок?,33,0.213,0.71,0.0,0.0,1 Назначение
41,Где прописаны правила командировок?,34,0.2129,0.71,0.0,0.0,Приложение 3. Кадровая документация отдела
41,Где прописаны правила командировок?,35,0.2128,0.71,0.0,0.0,Нормативные ссылки
41,Где прописаны правила командировок?,36,0.2128,0.71,0.0,0.0,3 Нормативные ссылки
41,Где прописаны правила командировок?,37,0.6791,0.71,0.0,0.72,1 Назначение
41,Где прописаны правила командировок?,38,0.2126,0.71,0.0,0.0,3 Нормативные ссылки
41,Где прописаны правила командировок?,39,0.2124,0.71,0.0,0.0,1 Назначение
41,Где прописаны правила командировок?,40,0.6864,0.71,0.0,0.73,8 Управление исходящей документацией
41,Где прописаны правила командировок?,41,0.5257,0.0,0.0,0.81,2 Нормативные ссылки
41,Где прописаны правила командировок?,42,0.5171,0.0,0.0,0.8,1 Общие положения
41,Где прописаны правила командировок?,43,0.5113,0.0,0.0,0.79,3 Термины и определения
41,Где прописаны правила командировок?,44,0.5019,0.0,0.0,0.77,Приложение Б
41,Где прописаны правила командировок?,45,0.4967,0.0,0.0,0.76,СОГЛАСОВАНО:
41,Где прописаны правила командировок?,46,0.4896,0.0,0.0,0.75,Приложение В
41,Где прописаны правила командировок?,47,0.4816,0.0,0.0,0.74,Общие положения
41,Где прописаны правила командировок?,48,0.476,0.0,0.0,0.73,Назначение и область применения
41,Где прописаны правила командировок?,49,0.4758,0.0,0.0,0.73,1 Общие положения
41,Где прописаны правила командировок?,50,0.4735,0.0,0.0,0.73,2 Область применения
41,Где прописаны правила командировок?,51,0.4723,0.0,0.0,0.73,ИНСТРУКЦИЯ Внешние поставки «ИН-01-ВП»
41,Где прописаны правила командировок?,52,0.4723,0.0,0.0,0.73,ИН-01-ВП
41,Где прописаны правила командировок?,53,0.4698,0.0,0.0,0.72,6 Управление внутренними документами
41,Где прописаны правила командировок?,54,0.4697,0.0,0.0,0.72,Приложение 1 Перечень должностных инструкций полевой партии
41,Где прописаны правила командировок?,55,0.4684,0.0,0.0,0.72,2 Область применения
41,Где прописаны правила командировок?,56,0.4683,0.0,0.0,0.72,5 Правила работы с файлами
41,Где прописаны правила командировок?,57,0.4681,0.0,0.0,0.72,1 Общие положения
41,Где прописаны правила командировок?,58,0.4679,0.0,0.0,0.72,2 Область применения
41,Где прописаны правила командировок?,59,0.4672,0.0,0.0,0.72,2 Область применения
41,Где прописаны правила командировок?,60,0.4661,0.0,0.0,0.72,1 Назначение
41,Где прописаны правила командировок?,61,0.466,0.0,0.0,0.72,Приложение 6. Формы журналов отдела:
41,Где прописаны правила командировок?,62,0.4657,0.0,0.0,0.72,1 Общие положения
45,Какие задачи у финансового отдела?,1,0.2399,0.8,0.0,0.0,Приложение 1. Структура отдела
45,Какие задачи у финансового отдела?,2,0.2399,0.8,0.0,0.0,Приложение 1. Структура отдела
45,Какие задачи у финансового отдела?,3,0.7377,0.8,0.0,0.77,Приложение 1. Структура отдела
45,Какие задачи у финансового отдела?,4,0.2399,0.8,0.0,0.0,Приложение 1. Структура отдела
45,Какие задачи у финансового отдела?,5,0.7437,0.79,0.0,0.78,ПОЛОЖЕНИЕ Об учетно-финансовом отделе «ПЛ-13»
45,Какие задачи у финансового отдела?,6,0.2354,0.78,0.0,0.0,Приложение 5. Перечень программного обеспечения отдела
45,Какие задачи у финансового отдела?,7,0.2354,0.78,0.0,0.0,Приложение 5. Перечень программного обеспечения отдела
45,Какие задачи у финансового отдела?,8,0.2348,0.78,0.0,0.0,Приложение 3. Перечень программного обеспечения отдела
45,Какие задачи у финансового отдела?,9,0.7343,0.78,0.0,0.77,Приложение 4. График документооборота АО «ВолгоградНИПИнефть»
45,Какие задачи у финансового отдела?,10,0.2323,0.77,0.0,0.0,Отдел имеет право:
45,Какие задачи у финансового отдела?,11,0.2323,0.77,0.0,0.0,Отдел имеет право:
45,Какие задачи у финансового отдела?,12,0.2323,0.77,0.0,0.0,Отдел имеет право:
45,Какие задачи у финансового отдела?,13,0.7142,0.77,0.0,0.74,Отдел имеет право:
45,Какие задачи у финансового отдела?,14,0.7273,0.77,0.0,0.76,Приложение 2. Перечень внутренней документации ИСМ отдела
45,Какие задачи у финансового отдела?,15,0.2305,0.77,0.0,0.0,Приложение 4. Перечень документированной информации отдела
45,Какие задачи у финансового отдела?,16,0.7268,0.77,0.0,0.76,Приложение 6. Формы журналов отдела
45,Какие задачи у финансового отдела?,17,0.23,0.77,0.0,0.0,Приложение 3. Перечень регламентированных бизнес-процессов отдела
45,Какие задачи у финансового отдела?,18,0.2299,0.77,0.0,0.0,5 Бюджет командировки
45,Какие задачи у финансового отдела?,19,0.7345,0.76,0.0,0.78,2 Структура
45,Какие задачи у финансового отдела?,20,0.2289,0.76,0.0,0.0,ПОЛОЖЕНИЕ о договорном отделе «ПЛ-05»
45,Какие задачи у финансового отдела?,21,0.7137,0.76,0.0,0.75,Приложение 1. Структура отдела.
45,Какие задачи у финансового отдела?,22,0.2274,0.76,0.0,0.0,Приложение 3. Перечень регламентированных процессов договорного отдела.
45,Какие задачи у финансового отдела?,23,0.7345,0.76,0.0,0.78,ПЛ-13
45,Какие задачи у финансового отдела?,24,0.2266,0.76,0.0,0.0,Отдел несет ответственность за:
45,Какие задачи у финансового отдела?,25,0.2266,0.76,0.0,0.0,Отдел несет ответственность за:
45,Какие задачи у финансового отдела?,26,0.2263,0.75,0.0,0.0,Приложение 6. Формы журналов отдела:
45,Какие задачи у финансового отдела?,27,0.2263,0.75,0.0,0.0,Приложение 6. Формы журналов отдела:
45,Какие задачи у финансового отдела?,28,0.2262,0.75,0.0,0.0,Размер материальной помощи
45,Какие задачи у финансового отдела?,29,0.226,0.75,0.0,0.0,Приложение 4 Перечень специализированного программного обеспечения отдела
45,Какие задачи у финансового отдела?,30,0.2256,0.75,0.0,0.0,3 Задачи
45,Какие задачи у финансового отдела?,31,0.7151,0.75,0.0,0.75,Финансово-учетная документация:
45,Какие задачи у финансового отдела?,32,0.2249,0.75,0.0,0.0,Организация договорной работы
45,Какие задачи у финансового отдела?,33,0.2249,0.75,0.0,0.0,Организация договорной работы
45,Какие задачи у финансового отдела?,34,0.2249,0.75,0.0,0.0,Организация договорной работы
45,Какие задачи у финансового отдела?,35,0.715,0.75,0.0,0.75,Отдел несет ответственность за:
45,Какие задачи у финансового отдела?,36,0.2247,0.75,0.0,0.0,СОГЛАСОВАНО:
45,Какие задачи у финансового отдела?,37,0.2244,0.75,0.0,0.0,Приложение 3. Перечень документированной информации информационно-технического отдела.
45,Какие задачи у финансового отдела?,38,0.2237,0.75,0.0,0.0,Приложение 2. Перечень регламентированных процессов информационно-технического отдела.
45,Какие задачи у финансового отдела?,39,0.2233,0.74,0.0,0.0,8 Управление исходящей документацией
45,Какие задачи у финансового отдела?,40,0.2232,0.74,0.0,0.0,Приложение 2. Перечень внутренней документации ИСМ отдела
45,Какие задачи у финансового отдела?,41,0.5245,0.0,0.0,0.81,1 Общие положения
45,Какие задачи у финансового отдела?,42,0.5139,0.0,0.0,0.79,4 Функции
45,Какие задачи у финансового отдела?,43,0.512,0.0,0.0,0.79,2 Структура
45,Какие задачи у финансового отдела?,44,0.5048,0.0,0.0,0.78,2 Структура
45,Какие задачи у финансового отдела?,45,0.4964,0.0,0.0,0.76,СОГЛАСОВАНО:
45,Какие задачи у финансового отдела?,46,0.4952,0.0,0.0,0.76,2 Структура
45,Какие задачи у финансового отдела?,47,0.4943,0.0,0.0,0.76,3 Задачи
45,Какие задачи у финансового отдела?,48,0.4933,0.0,0.0,0.76,2 Структура
45,Какие задачи у финансового отдела?,49,0.4932,0.0,0.0,0.76,1 Общие положения
45,Какие задачи у финансового отдела?,50,0.4925,0.0,0.0,0.76,2 Структура
45,Какие задачи у финансового отдела?,51,0.4925,0.0,0.0,0.76,4 Функции
45,Какие задачи у финансового отдела?,52,0.491,0.0,0.0,0.76,4 Функции
45,Какие задачи у финансового отдела?,53,0.4907,0.0,0.0,0.75,2 Структура
45,Какие задачи у финансового отдела?,54,0.4904,0.0,0.0,0.75,4 Функции
45,Какие задачи у финансового отдела?,55,0.4898,0.0,0.0,0.75,1 Общие положения
45,Какие задачи у финансового отдела?,56,0.4889,0.0,0.0,0.75,ПОЛОЖЕНИЕ Об оплате и стимулировании труда персонала «ПЛ-13-ОСТП»
45,Какие задачи у финансового отдела?,57,0.4889,0.0,0.0,0.75,ПЛ-13-ОСТП
45,Какие задачи у финансового отдела?,58,0.4882,0.0,0.0,0.75,СОГЛАСОВАНО:
45,Какие задачи у финансового отдела?,59,0.4878,0.0,0.0,0.75,"Приложение 7. Выпуск продукции на 20__ г. на основании заключенных договоров, с НДС."
45,Какие задачи у финансового отдела?,60,0.4868,0.0,0.0,0.75,СОГЛАСОВАНО:
45,Какие задачи у финансового отдела?,61,0.4862,0.0,0.0,0.75,6 Ответственность
45,Какие задачи у финансового отдела?,62,0.4844,0.0,0.0,0.75,2 Область применения
45,Какие задачи у финансового отдела?,63,0.4844,0.0,0.0,0.75,СОГЛАСОВАНО:
45,Какие задачи у финансового отдела?,64,0.4842,0.0,0.0,0.74,7 Организация и стадии выполнения проектных работ
45,Какие задачи у финансового отдела?,65,0.4828,0.0,0.0,0.74,9 Окончание работ. Отчет о командировке
45,Какие задачи у финансового отдела?,66,0.4825,0.0,0.0,0.74,6 Ответственность
45,Какие задачи у финансового отдела?,67,0.482,0.0,0.0,0.74,6 Ответственность
45,Какие задачи у финансового отдела?,68,0.4818,0.0,0.0,0.74,С отделом бурения Общества
45,Какие задачи у финансового отдела?,69,0.4815,0.0,0.0,0.74,СОГЛАСОВАНО:
46,Куда нужно класть файлы при регистрации архивов?,1,0.2213,0.74,0.0,0.0,решений
46,Куда нужно класть файлы при регистрации архивов?,2,0.2199,0.73,0.0,0.0,4 Права доступа к каталогам
46,Куда нужно класть файлы при регистрации архивов?,3,0.6816,0.73,0.0,0.71,"Порядок приемки, регистрации и архивирования источников информации."
46,Куда нужно класть файлы при регистрации архивов?,4,0.2162,0.72,0.0,0.0,Лист регистрации изменений
46,Куда нужно класть файлы при регистрации архивов?,5,0.2162,0.72,0.0,0.0,Лист регистрации изменений
46,Куда нужно класть файлы при регистрации архивов?,6,0.2162,0.72,0.0,0.0,Лист регистрации изменений
46,Куда нужно класть файлы при регистрации архивов?,7,0.2162,0.72,0.0,0.0,Лист регистрации изменений
46,Куда нужно класть файлы при регистрации архивов?,8,0.2162,0.72,0.0,0.0,Лист регистрации изменений
46,Куда нужно класть файлы при регистрации архивов?,9,0.2162,0.72,0.0,0.0,Лист регистрации изменений
46,Куда нужно класть файлы при регистрации архивов?,10,0.2162,0.72,0.0,0.0,Лист регистрации изменений
46,Куда нужно класть файлы при регистрации архивов?,11,0.2162,0.72,0.0,0.0,Лист регистрации изменений
46,Куда нужно класть файлы при регистрации архивов?,12,0.2162,0.72,0.0,0.0,Лист регистрации изменений
46,Куда нужно класть файлы при регистрации архивов?,13,0.2162,0.72,0.0,0.0,Лист регистрации изменений
46,Куда нужно класть файлы при регистрации архивов?,14,0.2162,0.72,0.0,0.0,Лист регистрации изменений
46,Куда нужно класть файлы при регистрации архивов?,15,0.2162,0.72,0.0,0.0,Лист регистрации изменений
46,Куда нужно класть файлы при регистрации архивов?,16,0.2162,0.72,0.0,0.0,Лист регистрации изменений
46,Куда нужно класть файлы при регистрации архивов?,17,0.2162,0.72,0.0,0.0,Лист регистрации изменений
46,Куда нужно класть файлы при регистрации архивов?,18,0.66,0.72,0.0,0.68,P:\\\\Информация…
46,Куда нужно класть файлы при регистрации архивов?,19,0.6542,0.71,0.0,0.68,6 Порядок накопления отходов
46,Куда нужно класть файлы при регистрации архивов?,20,0.6548,0.71,0.0,0.68,6 Порядок накопления отходов
46,Куда нужно класть файлы при регистрации архивов?,21,0.6604,0.7,0.0,0.69,Определения и сокращения
46,Куда нужно класть файлы при регистрации архивов?,22,0.2113,0.7,0.0,0.0,6 Управление внутренними документами
46,Куда нужно класть файлы при регистрации архивов?,23,0.2109,0.7,0.0,0.0,5 ПРАВА
46,Куда нужно класть файлы при регистрации архивов?,24,0.2104,0.7,0.0,0.0,5 Права
46,Куда нужно класть файлы при регистрации архивов?,25,0.2104,0.7,0.0,0.0,5 Права
46,Куда нужно класть файлы при регистрации архивов?,26,0.2102,0.7,0.0,0.0,4 Права
46,Куда нужно класть файлы при регистрации архивов?,27,0.21,0.7,0.0,0.0,Таблица 1
46,Куда нужно класть файлы при регистрации архивов?,28,0.2099,0.7,0.0,0.0,7 Реестр рисков
46,Куда нужно класть файлы при регистрации архивов?,29,0.2099,0.7,0.0,0.0,7 Реестр рисков
46,Куда нужно класть файлы при регистрации архивов?,30,0.2099,0.7,0.0,0.0,7 Реестр рисков
46,Куда нужно класть файлы при регистрации архивов?,31,0.2098,0.7,0.0,0.0,3 Обработка персональных данных
46,Куда нужно класть файлы при регистрации архивов?,32,0.6619,0.7,0.0,0.7,ИНСТРУКЦИЯ Регистрация и архивирование источников информации «ИН-15-РегАрх»
46,Куда нужно класть файлы при регистрации архивов?,33,0.2094,0.7,0.0,0.0,Приложение В
46,Куда нужно класть файлы при регистрации архивов?,34,0.2094,0.7,0.0,0.0,Приложение В
46,Куда нужно класть файлы при регистрации архивов?,35,0.2094,0.7,0.0,0.0,Приложение В
46,Куда нужно класть файлы при регистрации архивов?,36,0.2092,0.7,0.0,0.0,7 Порядок учета отходов
46,Куда нужно класть файлы при регистрации архивов?,37,0.2072,0.69,0.0,0.0,5 Защита персональных данных
46,Куда нужно класть файлы при регистрации архивов?,38,0.2072,0.69,0.0,0.0,5 Защита персональных данных
46,Куда нужно класть файлы при регистрации архивов?,39,0.6433,0.69,0.0,0.67,"4 Термины, обозначения, сокращения"
46,Куда нужно класть файлы при регистрации архивов?,40,0.2069,0.69,0.0,0.0,Приложение Д
46,Куда нужно класть файлы при регистрации архивов?,41,0.4525,0.0,0.0,0.7,ИН-15-РегАрх
46,Куда нужно класть файлы при регистрации архивов?,42,0.4522,0.0,0.0,0.7,Нормативные ссылки
46,Куда нужно класть файлы при регистрации архивов?,43,0.4502,0.0,0.0,0.69,F:\\\\ !Шаблоны документов\\\\Бланки регистрации
46,Куда нужно класть файлы при регистрации архивов?,44,0.4493,0.0,0.0,0.69,Приложение 4. Перечень документированной информации отдела
46,Куда нужно класть файлы при регистрации архивов?,45,0.4471,0.0,0.0,0.69,Приложение 3. Перечень документированной информации информационно-технического отдела.
46,Куда нужно класть файлы при регистрации архивов?,46,0.4451,0.0,0.0,0.68,Приложение 1 Перечень документированной информации
46,Куда нужно класть файлы при регистрации архивов?,47,0.4441,0.0,0.0,0.68,10 Завершающая стадия
46,Куда нужно класть файлы при регистрации архивов?,48,0.4432,0.0,0.0,0.68,Техническая информация
46,Куда нужно класть файлы при регистрации архивов?,49,0.4431,0.0,0.0,0.68,5 Правила работы с файлами
46,Куда нужно класть файлы при регистрации архивов?,50,0.4412,0.0,0.0,0.68,2 Определения и сокращения
46,Куда нужно класть файлы при регистрации архивов?,51,0.4411,0.0,0.0,0.68,3 Нормативные ссылки
46,Куда нужно класть файлы при регистрации архивов?,52,0.4401,0.0,0.0,0.68,2 Основная часть
46,Куда нужно класть файлы при регистрации архивов?,53,0.4401,0.0,0.0,0.68,3 Задачи
46,Куда нужно класть файлы при регистрации архивов?,54,0.4399,0.0,0.0,0.68,6 Ответственность
46,Куда нужно класть файлы при регистрации архивов?,55,0.4392,0.0,0.0,0.68,Приложение 5. Шаблоны бланков документированной информации отдела.
46,Куда нужно класть файлы при регистрации архивов?,56,0.4389,0.0,0.0,0.68,Отдел несет ответственность за:
46,Куда нужно класть файлы при регистрации архивов?,57,0.4387,0.0,0.0,0.67,Приложение Б. Информационный лист проекта
46,Куда нужно класть файлы при регистрации архивов?,58,0.4378,0.0,0.0,0.67,4 Определения и сокращения
46,Куда нужно класть файлы при регистрации архивов?,59,0.4371,0.0,0.0,0.67,Производственная информация
46,Куда нужно класть файлы при регистрации архивов?,60,0.4371,0.0,0.0,0.67,С производственными службами Заказчика по строительству и обустройству месторождений:
46,Куда нужно класть файлы при регистрации архивов?,61,0.4369,0.0,0.0,0.67,Приложение 6. Формы журналов отдела:
46,Куда нужно класть файлы при регистрации архивов?,62,0.4358,0.0,0.0,0.67,4 Функции
46,Куда нужно класть файлы при регистрации архивов?,63,0.4354,0.0,0.0,0.67,Приложение 3. Кадровая документация отдела
46,Куда нужно класть файлы при регистрации архивов?,64,0.4352,0.0,0.0,0.67,3 Задачи
46,Куда нужно класть файлы при регистрации архивов?,65,0.434,0.0,0.0,0.67,3 Нормативные ссылки
46,Куда нужно класть файлы при регистрации архивов?,66,0.4338,0.0,0.0,0.67,ИН-05-ДР
46,Куда нужно класть файлы при регистрации архивов?,67,0.4338,0.0,0.0,0.67,ИНСТРУКЦИЯ Организация договорной работы «ИН-05-ДР»
46,Куда нужно класть файлы при регистрации архивов?,68,0.4333,0.0,0.0,0.67,3 Нормативные ссылки
46,Куда нужно класть файлы при регистрации архивов?,69,0.433,0.0,0.0,0.67,3 Нормативные ссылки
46,Куда нужно класть файлы при регистрации архивов?,70,0.4328,0.0,0.0,0.67,Приложение 2. Перечень регламентированных процессов информационно-технического отдела.
46,Куда нужно класть файлы при регистрации архивов?,71,0.4325,0.0,0.0,0.67,3 Нормативные ссылки
46,Куда нужно класть файлы при регистрации архивов?,72,0.4324,0.0,0.0,0.67,12 Ответственность
46,Куда нужно класть файлы при регистрации архивов?,73,0.4323,0.0,0.0,0.67,Финансово-учетная документация:
50,В каком документе описан порядок внешних поставок?,1,0.7352,0.77,0.0,0.77,1 Назначение
50,В каком документе описан порядок внешних поставок?,2,0.2307,0.77,0.0,0.0,Порядок работы
50,В каком документе описан порядок внешних поставок?,3,0.7387,0.77,0.0,0.78,3 Нормативные ссылки
50,В каком документе описан порядок внешних поставок?,4,0.758,0.77,0.0,0.81,"7 Порядок действий при внешних поставках для осуществления работ по договорам в офисе Института и внешних поставках, связанных с развитием инфраструктуры и материальных ресурсов Института"
50,В каком документе описан порядок внешних поставок?,5,0.7074,0.76,0.0,0.74,"6 Оценка, выбор и переоценка поставщиков."
50,В каком документе описан порядок внешних поставок?,6,0.2254,0.75,0.0,0.0,Порядок приема и увольнения работников
50,В каком документе описан порядок внешних поставок?,7,0.7065,0.75,0.0,0.74,Примечания
50,В каком документе описан порядок внешних поставок?,8,0.2244,0.75,0.0,0.0,10 Порядок допуска к коммерческой тайне
50,В каком документе описан порядок внешних поставок?,9,0.7153,0.75,0.0,0.76,Приложение 2. Перечень регламентирующих документов
50,В каком документе описан порядок внешних поставок?,10,0.7027,0.74,0.0,0.74,8 Управление исходящей документацией
50,В каком документе описан порядок внешних поставок?,11,0.2232,0.74,0.0,0.0,"Порядок приемки, регистрации и архивирования источников информации."
50,В каком документе описан порядок внешних поставок?,12,0.7005,0.74,0.0,0.74,3 Нормативные ссылки
50,В каком документе описан порядок внешних поставок?,13,0.2221,0.74,0.0,0.0,9 Требования к передаче отходов сторонним специализированным организациям
50,В каком документе описан порядок внешних поставок?,14,0.222,0.74,0.0,0.0,6 Порядок обеспечения дистанционных работников необходимым оборудованием и иными средствами
50,В каком документе описан порядок внешних поставок?,15,0.2208,0.74,0.0,0.0,7 Порядок отнесения сведений к коммерческой тайне
50,В каком документе описан порядок внешних поставок?,16,0.6939,0.74,0.0,0.73,3 Нормативные ссылки
50,В каком документе описан порядок внешних поставок?,17,0.6939,0.73,0.0,0.73,1 Назначение
50,В каком документе описан порядок внешних поставок?,18,0.2192,0.73,0.0,0.0,Приложение 2. Перечень внутренней документации ИСМ отдела
50,В каком документе описан порядок внешних поставок?,19,0.6973,0.73,0.0,0.74,3 Нормативные ссылки
50,В каком документе описан порядок внешних поставок?,20,0.2185,0.73,0.0,0.0,3 Нормативные ссылки
50,В каком документе описан порядок внешних поставок?,21,0.2434,0.73,0.5,0.0,12 Перечень нормативных документов по контролю качества выпускаемой продукции
50,В каком документе описан порядок внешних поставок?,22,0.6942,0.73,0.0,0.73,Приложение 2. Перечень внутренней документации ИСМ отдела
50,В каком документе описан порядок внешних поставок?,23,0.2172,0.72,0.0,0.0,Приложение Б
50,В каком документе описан порядок внешних поставок?,24,0.217,0.72,0.0,0.0,7 Порядок учета отходов
50,В каком документе описан порядок внешних поставок?,25,0.2169,0.72,0.0,0.0,Приложение 2. Перечень внутренней документации
50,В каком документе описан порядок внешних поставок?,26,0.2167,0.72,0.0,0.0,5 Порядок проведения нормоконтроля
50,В каком документе описан порядок внешних поставок?,27,0.2166,0.72,0.0,0.0,8 Срок и режим командировки
50,В каком документе описан порядок внешних поставок?,28,0.2162,0.72,0.0,0.0,Приложение Г
50,В каком документе описан порядок внешних поставок?,29,0.6885,0.72,0.0,0.73,"ПОЛОЖЕНИЕ По организации внутреннего контроля качества и приемки топографо-геодезических, картографических и проектно-изыскательских работ «ПЛ-08-ОВКК»"
50,В каком документе описан порядок внешних поставок?,30,0.6905,0.72,0.0,0.73,3 Нормативные ссылки
50,В каком документе описан порядок внешних поставок?,31,0.2154,0.72,0.0,0.0,6 Порядок накопления отходов
50,В каком документе описан порядок внешних поставок?,32,0.2154,0.72,0.0,0.0,6 Порядок накопления отходов
50,В каком документе описан порядок внешних поставок?,33,0.2153,0.72,0.0,0.0,7 Порядок организации труда дистанционных работников
50,В каком документе описан порядок внешних поставок?,34,0.2153,0.72,0.0,0.0,7 Порядок организации труда дистанционных работников
50,В каком документе описан порядок внешних поставок?,35,0.2152,0.72,0.0,0.0,"8 Верификация поставленной продукции, работ (услуг)"
50,В каком документе описан порядок внешних поставок?,36,0.6948,0.72,0.0,0.74,ЛИСТ СОГЛАСОВАНИЯ ДОГОВОРА
50,В каком документе описан порядок внешних поставок?,37,0.7484,0.72,0.0,0.82,ИНСТРУКЦИЯ Внешние поставки «ИН-01-ВП»
50,В каком документе описан порядок внешних поставок?,38,0.215,0.72,0.0,0.0,3 Задачи
50,В каком документе описан порядок внешних поставок?,39,0.24,0.72,0.5,0.0,3 Нормативные ссылки
50,В каком документе описан порядок внешних поставок?,40,0.2146,0.72,0.0,0.0,8 Требования к транспортированию отходов
50,В каком документе описан порядок внешних поставок?,41,0.0269,0.0,0.54,0.0,"8 Мониторинг, измерения, анализ и оценивание"
50,В каком документе описан порядок внешних поставок?,42,0.0262,0.0,0.52,0.0,Приложение 4. График документооборота АО «ВолгоградНИПИнефть»
50,В каком документе описан порядок внешних поставок?,43,0.0255,0.0,0.51,0.0,6 Нормы и порядок возмещения перерасхода лимита корпоративной мобильной связи
50,В каком документе описан порядок внешних поставок?,44,0.0255,0.0,0.51,0.0,Внутреннего трудового распорядка АО «ВолгоградНИПИнефть»
50,В каком документе описан порядок внешних поставок?,45,0.025,0.0,0.5,0.0,СОГЛАСОВАНО:
50,В каком документе описан порядок внешних поставок?,46,0.025,0.0,0.5,0.0,1 Назначение
50,В каком документе описан порядок внешних поставок?,47,0.025,0.0,0.5,0.0,1 Общие положения
50,В каком документе описан порядок внешних поставок?,48,0.025,0.0,0.5,0.0,Определения и сокращения
50,В каком документе описан порядок внешних поставок?,49,0.025,0.0,0.5,0.0,ПЛ-08-УИСМ
50,В каком документе описан порядок внешних поставок?,50,0.025,0.0,0.5,0.0,Согласовано:
50,В каком документе описан порядок внешних поставок?,51,0.025,0.0,0.5,0.0,3 Общие положения
50,В каком документе описан порядок внешних поставок?,52,0.025,0.0,0.5,0.0,Приложение 2. Перечень внутренней документации договорного отдела
50,В каком документе описан порядок внешних поставок?,53,0.025,0.0,0.5,0.0,4 Система оплаты труда
50,В каком документе описан порядок внешних поставок?,54,0.025,0.0,0.5,0.0,ПОЛОЖЕНИЕ о договорном отделе «ПЛ-05»
50,В каком документе описан порядок внешних поставок?,55,0.025,0.0,0.5,0.0,Приложение Д
50,В каком документе описан порядок внешних поставок?,56,0.025,0.0,0.5,0.0,1 Общие положения
50,В каком документе описан порядок внешних поставок?,57,0.025,0.0,0.5,0.0,Приложение 6. Формы журналов отдела
50,В каком документе описан порядок внешних поставок?,58,0.025,0.0,0.5,0.0,7 Последовательность формирования реестров экологических аспектов
50,В каком документе описан порядок внешних поставок?,59,0.025,0.0,0.5,0.0,2 Определения и сокращения
50,В каком документе описан порядок внешних поставок?,60,0.025,0.0,0.5,0.0,ПЛ-05
50,В каком документе описан порядок внешних поставок?,61,0.025,0.0,0.5,0.0,5 Идентификация всех возможных экологических аспектов
50,В каком документе описан порядок внешних поставок?,62,0.025,0.0,0.5,0.0,ПОЛОЖЕНИЕ Об отделе геологии «ПЛ-07»
50,В каком документе описан порядок внешних поставок?,63,0.025,0.0,0.5,0.0,1 Общие положения
50,В каком документе описан порядок внешних поставок?,64,0.025,0.0,0.5,0.0,ПОЛОЖЕНИЕ Об уполномоченном по интегрированной системе менеджмента в отделе инженерных изысканий «ПЛ-08-УИСМ»
50,В каком документе описан порядок внешних поставок?,65,0.025,0.0,0.5,0.0,Приложение 2 Перечень внутренней документации ИСМ отдела
50,В каком документе описан порядок внешних поставок?,66,0.4974,0.0,0.5,0.73,1 Общие положения
50,В каком документе описан порядок внешних поставок?,67,0.025,0.0,0.5,0.0,ПЛ-07
50,В каком документе описан порядок внешних поставок?,68,0.025,0.0,0.5,0.0,3 Метрологическое обеспечение
50,В каком документе описан порядок внешних поставок?,69,0.025,0.0,0.5,0.0,КОДЕКС этики и служебного поведения работников АО «ВолгоградНИПИнефть» «К-01-ЭСПР»
50,В каком документе описан порядок внешних поставок?,70,0.025,0.0,0.5,0.0,8 Начисление и выплата заработной платы
50,В каком документе описан порядок внешних поставок?,71,0.025,0.0,0.5,0.0,2 Нормативные ссылки
50,В каком документе описан порядок внешних поставок?,72,0.025,0.0,0.5,0.0,При этом проверяются:
50,В каком документе описан порядок внешних поставок?,73,0.025,0.0,0.5,0.0,7 Организация и стадии выполнения проектных работ
50,В каком документе описан порядок внешних поставок?,74,0.025,0.0,0.5,0.0,6 Ответственность
50,В каком документе описан порядок внешних поставок?,75,0.025,0.0,0.5,0.0,Он обязан:
50,В каком документе описан порядок внешних поставок?,76,0.025,0.0,0.5,0.0,Приложение 4. График документооборота АО «ВолгоградНИПИнефть»
50,В каком документе описан порядок внешних поставок?,77,0.5121,0.0,0.5,0.75,Общие положения
50,В каком документе описан порядок внешних поставок?,78,0.025,0.0,0.5,0.0,Согласовано:
50,В каком документе описан порядок внешних поставок?,79,0.5333,0.0,0.0,0.82,ИН-01-ВП
50,В каком документе описан порядок внешних поставок?,80,0.5321,0.0,0.0,0.82,1 Назначение
50,В каком документе описан порядок внешних поставок?,81,0.517,0.0,0.0,0.8,Приложение Д
50,В каком документе описан порядок внешних поставок?,82,0.508,0.0,0.0,0.78,5 Основные положения
50,В каком документе описан порядок внешних поставок?,83,0.5058,0.0,0.0,0.78,2 Область применения
50,В каком документе описан порядок внешних поставок?,84,0.4953,0.0,0.0,0.76,2 Нормативные ссылки
50,В каком документе описан порядок внешних поставок?,85,0.4856,0.0,0.0,0.75,"4 Термины, обозначения, сокращения"
50,В каком документе описан порядок внешних поставок?,86,0.4829,0.0,0.0,0.74,3 Задачи
50,В каком документе описан порядок внешних поставок?,87,0.4796,0.0,0.0,0.74,ПОЛОЖЕНИЕ об отделе делопроизводства и менеджмента качества «ПЛ-20»
50,В каком документе описан порядок внешних поставок?,88,0.4796,0.0,0.0,0.74,ПЛ-20
50,В каком документе описан порядок внешних поставок?,89,0.4764,0.0,0.0,0.73,Организация договорной работы
50,В каком документе описан порядок внешних поставок?,90,0.4763,0.0,0.0,0.73,1 Общие положения
50,В каком документе описан порядок внешних поставок?,91,0.4759,0.0,0.0,0.73,Организация договорной работы
50,В каком документе описан порядок внешних поставок?,92,0.4758,0.0,0.0,0.73,2 Область применения
50,В каком документе описан порядок внешних поставок?,93,0.4755,0.0,0.0,0.73,"7 Выполнение работ, оказание услуг"
50,В каком документе описан порядок внешних поставок?,94,0.4754,0.0,0.0,0.73,АО «ВолгоградНИПИнефть»
50,В каком документе описан порядок внешних поставок?,95,0.4741,0.0,0.0,0.73,ИНСТРУКЦИЯ По подготовке тендерного предложения «ИН-01-ПТП»
50,В каком документе описан порядок внешних поставок?,96,0.4741,0.0,0.0,0.73,ИН-01-ПТП
50,В каком документе описан порядок внешних поставок?,97,0.4729,0.0,0.0,0.73,ПЛ-08-ОВКК
50,В каком документе описан порядок внешних поставок?,98,0.4725,0.0,0.0,0.73,Организация договорной работы
50,В каком документе описан порядок внешних поставок?,99,0.4723,0.0,0.0,0.73,1 Общие положения
50,В каком документе описан порядок внешних поставок?,100,0.472,0.0,0.0,0.73,1 Назначение
51,Где прописаны правила командировок?,1,0.7525,0.79,0.0,0.79,8 Срок и режим командировки
51,Где прописаны правила командировок?,2,0.7457,0.78,0.0,0.79,7 Организация работы командированного сотрудника
51,Где прописаны правила командировок?,3,0.7478,0.78,0.0,0.79,Приложение А
51,Где прописаны правила командировок?,4,0.7307,0.77,0.0,0.77,5 Бюджет командировки
51,Где прописаны правила командировок?,5,0.7215,0.76,0.0,0.76,1 Назначение
51,Где прописаны правила командировок?,6,0.729,0.75,0.0,0.77,9 Окончание работ. Отчет о командировке
51,Где прописаны правила командировок?,7,0.2262,0.75,0.0,0.0,Порядок приема и увольнения работников
51,Где прописаны правила командировок?,8,0.719,0.75,0.0,0.76,10 Отмена командировки
51,Где прописаны правила командировок?,9,0.7507,0.75,0.0,0.81,Приложение Г
51,Где прописаны правила командировок?,10,0.7237,0.75,0.0,0.77,ПОЛОЖЕНИЕ О командировках в АО «ВолгоградНИПИнефть» «ПЛ-13-К»
51,Где прописаны правила командировок?,11,0.7297,0.74,0.0,0.78,4 Командировки
51,Где прописаны правила командировок?,12,0.6884,0.74,0.0,0.72,Порядок работы
51,Где прописаны правила командировок?,13,0.2188,0.73,0.0,0.0,Организация договорной работы
51,Где прописаны правила командировок?,14,0.2188,0.73,0.0,0.0,Организация договорной работы
51,Где прописаны правила командировок?,15,0.2188,0.73,0.0,0.0,Организация договорной работы
51,Где прописаны правила командировок?,16,0.2168,0.72,0.0,0.0,Заключительные положения
51,Где прописаны правила командировок?,17,0.2164,0.72,0.0,0.0,8 Требования к транспортированию отходов
51,Где прописаны правила командировок?,18,0.2162,0.72,0.0,0.0,"Порядок приемки, регистрации и архивирования источников информации."
51,Где прописаны правила командировок?,19,0.216,0.72,0.0,0.0,3 Нормативные ссылки
51,Где прописаны правила командировок?,20,0.6851,0.72,0.0,0.72,Приложение 2. Перечень внутренней документации ИСМ отдела
51,Где прописаны правила командировок?,21,0.7322,0.72,0.0,0.8,6 Организация командировки
51,Где прописаны правила командировок?,22,0.7135,0.72,0.0,0.77,ПЛ-13-К
51,Где прописаны правила командировок?,23,0.2148,0.72,0.0,0.0,3 Нормативные ссылки
51,Где прописаны правила командировок?,24,0.2147,0.72,0.0,0.0,Приложение 2 Исходные данные для составления смет.
51,Где прописаны правила командировок?,25,0.2145,0.72,0.0,0.0,"4 Термины, обозначения, сокращения"
51,Где прописаны правила командировок?,26,0.2141,0.71,0.0,0.0,3 Нормативные ссылки
51,Где прописаны правила командировок?,27,0.2141,0.71,0.0,0.0,Ответственность работников за нарушение трудовой дисциплины
51,Где прописаны правила командировок?,28,0.2138,0.71,0.0,0.0,2 Нормативные ссылки
51,Где прописаны правила командировок?,29,0.6807,0.71,0.0,0.72,1 Назначение
51,Где прописаны правила командировок?,30,0.2133,0.71,0.0,0.0,3 Нормативные ссылки
51,Где прописаны правила командировок?,31,0.6816,0.71,0.0,0.72,Приложение Б
51,Где прописаны правила командировок?,32,0.213,0.71,0.0,0.0,"2 ОСНОВНЫЕ ОБЯЗАННОСТИ, ПРИНЦИПЫ И ПРАВИЛА СЛУЖЕБНОГО ПОВЕДЕНИЯ РАБОТНИКОВ"
51,Где прописаны правила командировок?,33,0.213,0.71,0.0,0.0,1 Назначение
51,Где прописаны правила командировок?,34,0.2129,0.71,0.0,0.0,Приложение 3. Кадровая документация отдела
51,Где прописаны правила командировок?,35,0.2128,0.71,0.0,0.0,Нормативные ссылки
51,Где прописаны правила командировок?,36,0.2128,0.71,0.0,0.0,3 Нормативные ссылки
51,Где прописаны правила командировок?,37,0.6791,0.71,0.0,0.72,1 Назначение
51,Где прописаны правила командировок?,38,0.2126,0.71,0.0,0.0,3 Нормативные ссылки
51,Где прописаны правила командировок?,39,0.2124,0.71,0.0,0.0,1 Назначение
51,Где прописаны правила командировок?,40,0.6864,0.71,0.0,0.73,8 Управление исходящей документацией
51,Где прописаны правила командировок?,41,0.5257,0.0,0.0,0.81,2 Нормативные ссылки
51,Где прописаны правила командировок?,42,0.5171,0.0,0.0,0.8,1 Общие положения
51,Где прописаны правила командировок?,43,0.5113,0.0,0.0,0.79,3 Термины и определения
51,Где прописаны правила командировок?,44,0.5019,0.0,0.0,0.77,Приложение Б
51,Где прописаны правила командировок?,45,0.4967,0.0,0.0,0.76,СОГЛАСОВАНО:
51,Где прописаны правила командировок?,46,0.4896,0.0,0.0,0.75,Приложение В
51,Где прописаны правила командировок?,47,0.4816,0.0,0.0,0.74,Общие положения
51,Где прописаны правила командировок?,48,0.476,0.0,0.0,0.73,Назначение и область применения
51,Где прописаны правила командировок?,49,0.4758,0.0,0.0,0.73,1 Общие положения
51,Где прописаны правила командировок?,50,0.4735,0.0,0.0,0.73,2 Область применения
51,Где прописаны правила командировок?,51,0.4723,0.0,0.0,0.73,ИНСТРУКЦИЯ Внешние поставки «ИН-01-ВП»
51,Где прописаны правила командировок?,52,0.4723,0.0,0.0,0.73,ИН-01-ВП
51,Где прописаны правила командировок?,53,0.4698,0.0,0.0,0.72,6 Управление внутренними документами
51,Где прописаны правила командировок?,54,0.4697,0.0,0.0,0.72,Приложение 1 Перечень должностных инструкций полевой партии
51,Где прописаны правила командировок?,55,0.4684,0.0,0.0,0.72,2 Область применения
51,Где прописаны правила командировок?,56,0.4683,0.0,0.0,0.72,5 Правила работы с файлами
51,Где прописаны правила командировок?,57,0.4681,0.0,0.0,0.72,1 Общие положения
51,Где прописаны правила командировок?,58,0.4679,0.0,0.0,0.72,2 Область применения
51,Где прописаны правила командировок?,59,0.4672,0.0,0.0,0.72,2 Область применения
51,Где прописаны правила командировок?,60,0.4661,0.0,0.0,0.72,1 Назначение
51,Где прописаны правила командировок?,61,0.466,0.0,0.0,0.72,Приложение 6. Формы журналов отдела:
51,Где прописаны правила командировок?,62,0.4657,0.0,0.0,0.72,1 Общие положения
53,В каком документе описана защита персональных данных сотрудников?,1,0.7783,0.79,0.0,0.83,ПОЛОЖЕНИЕ О защите персональных данных работников «ПЛ-2-ЗПДР»
53,В каком документе описана защита персональных данных сотрудников?,2,0.7409,0.79,0.0,0.78,Приложение 2. Перечень внутренней документации ИСМ отдела
53,В каком документе описана защита персональных данных сотрудников?,3,0.7516,0.78,0.0,0.8,5 Защита персональных данных
53,В каком документе описана защита персональных данных сотрудников?,4,0.7544,0.78,0.0,0.8,5 Защита персональных данных
53,В каком документе описана защита персональных данных сотрудников?,5,0.7365,0.78,0.0,0.77,Приложение 3. Кадровая документация отдела
53,В каком документе описана защита персональных данных сотрудников?,6,0.7546,0.77,0.0,0.8,2 Понятие и состав персональных данных
53,В каком документе описана защита персональных данных сотрудников?,7,0.2311,0.77,0.0,0.0,Порядок приема и увольнения работников
53,В каком документе описана защита персональных данных сотрудников?,8,0.2309,0.77,0.0,0.0,Ответственность работников за нарушение трудовой дисциплины
53,В каком документе описана защита персональных данных сотрудников?,9,0.771,0.77,0.0,0.83,ПЛ-20-ЗПДР
53,В каком документе описана защита персональных данных сотрудников?,10,0.7314,0.77,0.0,0.77,3 Нормативные ссылки
53,В каком документе описана защита персональных данных сотрудников?,11,0.7284,0.76,0.0,0.77,Приложение 2. Перечень внутренней документации ИСМ отдела
53,В каком документе описана защита персональных данных сотрудников?,12,0.2279,0.76,0.0,0.0,Приложение Г
53,В каком документе описана защита персональных данных сотрудников?,13,0.2279,0.76,0.0,0.0,6 Управление внутренними документами
53,В каком документе описана защита персональных данных сотрудников?,14,0.2271,0.76,0.0,0.0,Приложение 4. Перечень внутренней документации ИСМ отдела
53,В каком документе описана защита персональных данных сотрудников?,15,0.7447,0.76,0.0,0.8,5 Защита персональных данных
53,В каком документе описана защита персональных данных сотрудников?,16,0.2268,0.76,0.0,0.0,"4 Термины, обозначения, сокращения"
53,В каком документе описана защита персональных данных сотрудников?,17,0.2267,0.76,0.0,0.0,"2 ОСНОВНЫЕ ОБЯЗАННОСТИ, ПРИНЦИПЫ И ПРАВИЛА СЛУЖЕБНОГО ПОВЕДЕНИЯ РАБОТНИКОВ"
53,В каком документе описана защита персональных данных сотрудников?,18,0.7235,0.75,0.0,0.76,3 Нормативные ссылки
53,В каком документе описана защита персональных данных сотрудников?,19,0.226,0.75,0.0,0.0,3 Нормативные ссылки
53,В каком документе описана защита персональных данных сотрудников?,20,0.2254,0.75,0.0,0.0,Приложение 2. Перечень внутренней документации
53,В каком документе описана защита персональных данных сотрудников?,21,0.225,0.75,0.0,0.0,"Порядок приемки, регистрации и архивирования источников информации."
53,В каком документе описана защита персональных данных сотрудников?,22,0.7236,0.75,0.0,0.77,3 Обработка персональных данных
53,В каком документе описана защита персональных данных сотрудников?,23,0.721,0.75,0.0,0.76,1 Назначение
53,В каком документе описана защита персональных данных сотрудников?,24,0.2247,0.75,0.0,0.0,Нормативные ссылки
53,В каком документе описана защита персональных данных сотрудников?,25,0.2247,0.75,0.0,0.0,Приложение 5. Шаблоны бланков документированной информации отдела.
53,В каком документе описана защита персональных данных сотрудников?,26,0.2247,0.75,0.0,0.0,8 Управление исходящей документацией
53,В каком документе описана защита персональных данных сотрудников?,27,0.7208,0.75,0.0,0.76,Приложение 2. Перечень внутренней документации договорного отдела
53,В каком документе описана защита персональных данных сотрудников?,28,0.224,0.75,0.0,0.0,9 Обязательства работника
53,В каком документе описана защита персональных данных сотрудников?,29,0.2238,0.75,0.0,0.0,5 Правила работы с файлами
53,В каком документе описана защита персональных данных сотрудников?,30,0.7365,0.75,0.0,0.79,"7 Ответственность за разглашение конфиденциальной информации, связанной с персональными данными"
53,В каком документе описана защита персональных данных сотрудников?,31,0.2231,0.74,0.0,0.0,Заключительные положения
53,В каком документе описана защита персональных данных сотрудников?,32,0.2228,0.74,0.0,0.0,8 Список приложений
53,В каком документе описана защита персональных данных сотрудников?,33,0.2226,0.74,0.0,0.0,3 Нормативные ссылки
53,В каком документе описана защита персональных данных сотрудников?,34,0.7232,0.74,0.0,0.77,3 Обработка персональных данных
53,В каком документе описана защита персональных данных сотрудников?,35,0.2224,0.74,0.0,0.0,1 Назначение
53,В каком документе описана защита персональных данных сотрудников?,36,0.7232,0.74,0.0,0.77,3 Нормативные ссылки
53,В каком документе описана защита персональных данных сотрудников?,37,0.7262,0.74,0.0,0.78,КОДЕКС этики и служебного поведения работников АО «ВолгоградНИПИнефть» «К-01-ЭСПР»
53,В каком документе описана защита персональных данных сотрудников?,38,0.724,0.74,0.0,0.77,2 Нормативные ссылки
53,В каком документе описана защита персональных данных сотрудников?,39,0.2219,0.74,0.0,0.0,3 Нормативные ссылки
53,В каком документе описана защита персональных данных сотрудников?,40,0.2219,0.74,0.0,0.0,"4 Термины, обозначения, сокращения"
53,В каком документе описана защита персональных данных сотрудников?,41,0.0251,0.0,0.5,0.0,Идентификация экологических аспектов
53,В каком документе описана защита персональных данных сотрудников?,42,0.5392,0.0,0.0,0.83,1 Общие положения
53,В каком документе описана защита персональных данных сотрудников?,43,0.5229,0.0,0.0,0.8,СОГЛАСОВАНО:
53,В каком документе описана защита персональных данных сотрудников?,44,0.516,0.0,0.0,0.79,6 Права и обязанности работника
53,В каком документе описана защита персональных данных сотрудников?,45,0.5072,0.0,0.0,0.78,ИН-15-РегАрх
53,В каком документе описана защита персональных данных сотрудников?,46,0.5072,0.0,0.0,0.78,ИНСТРУКЦИЯ Регистрация и архивирование источников информации «ИН-15-РегАрх»
53,В каком документе описана защита персональных данных сотрудников?,47,0.5068,0.0,0.0,0.78,Приложение 3. Перечень документированной информации информационно-технического отдела.
53,В каком документе описана защита персональных данных сотрудников?,48,0.5067,0.0,0.0,0.78,ИН-20-ДО
53,В каком документе описана защита персональных данных сотрудников?,49,0.5067,0.0,0.0,0.78,ИНСТРУКЦИЯ Организация работ по документообороту «ИН-20-ДО»
53,В каком документе описана защита персональных данных сотрудников?,50,0.5048,0.0,0.0,0.78,4 Доступ к персональным данным
53,В каком документе описана защита персональных данных сотрудников?,51,0.5039,0.0,0.0,0.78,К-01-ЭСПР
53,В каком документе описана защита персональных данных сотрудников?,52,0.5027,0.0,0.0,0.77,Правила внутреннего трудового распорядка АО «ВолгоградНИПИнефть» «ПР-20-ВТР»
53,В каком документе описана защита персональных данных сотрудников?,53,0.5027,0.0,0.0,0.77,ПР-20-ВТР
53,В каком документе описана защита персональных данных сотрудников?,54,0.5022,0.0,0.0,0.77,ПОЛОЖЕНИЕ об отделе делопроизводства и менеджмента качества «ПЛ-20»
53,В каком документе описана защита персональных данных сотрудников?,55,0.5022,0.0,0.0,0.77,ПЛ-20
53,В каком документе описана защита персональных данных сотрудников?,56,0.5013,0.0,0.0,0.77,Порядок работы
53,В каком документе описана защита персональных данных сотрудников?,57,0.4991,0.0,0.0,0.77,ПЛ-01-КТ
53,В каком документе описана защита персональных данных сотрудников?,58,0.4991,0.0,0.0,0.77,ПОЛОЖЕНИЕ О коммерческой тайне «ПЛ-01-КТ»
53,В каком документе описана защита персональных данных сотрудников?,59,0.4973,0.0,0.0,0.77,Приложение А
53,В каком документе описана защита персональных данных сотрудников?,60,0.4968,0.0,0.0,0.76,ПОЛОЖЕНИЕ Об оплате и стимулировании труда персонала «ПЛ-13-ОСТП»
53,В каком документе описана защита персональных данных сотрудников?,61,0.4968,0.0,0.0,0.76,ПЛ-13-ОСТП
53,В каком документе описана защита персональных данных сотрудников?,62,0.4964,0.0,0.0,0.76,Приложение Б
54,Где описываются правила по обращению с отходами,1,0.7868,0.83,0.0,0.83,3 Нормативные ссылки
54,Где описываются правила по обращению с отходами,2,0.7546,0.82,0.0,0.78,7 Порядок учета отходов
54,Где описываются правила по обращению с отходами,3,0.7436,0.82,0.0,0.77,8 Требования к транспортированию отходов
54,Где описываются правила по обращению с отходами,4,0.7766,0.82,0.0,0.82,1 Назначение
54,Где описываются правила по обращению с отходами,5,0.762,0.81,0.0,0.8,6 Порядок накопления отходов
54,Где описываются правила по обращению с отходами,6,0.7342,0.81,0.0,0.76,6 Порядок накопления отходов
54,Где описываются правила по обращению с отходами,7,0.7546,0.8,0.0,0.79,10 Безопасное обращение с отходами
54,Где описываются правила по обращению с отходами,8,0.2391,0.8,0.0,0.0,"4 Термины, обозначения, сокращения"
54,Где описываются правила по обращению с отходами,9,0.7331,0.79,0.0,0.76,9 Требования к передаче отходов сторонним специализированным организациям
54,Где описываются правила по обращению с отходами,10,0.7635,0.78,0.0,0.81,Инструкция о порядке обращения с отходами производства и потребления АО «ВолгоградНИПИнефть» «ИН-01-ПОО»
54,Где описываются правила по обращению с отходами,11,0.2333,0.78,0.0,0.0,"Порядок приемки, регистрации и архивирования источников информации."
54,Где описываются правила по обращению с отходами,12,0.232,0.77,0.0,0.0,Порядок приема и увольнения работников
54,Где описываются правила по обращению с отходами,13,0.7592,0.77,0.0,0.81,ИН-01-ПОО
54,Где описываются правила по обращению с отходами,14,0.7448,0.77,0.0,0.79,3 Нормативные ссылки
54,Где описываются правила по обращению с отходами,15,0.7353,0.76,0.0,0.78,1 Назначение
54,Где описываются правила по обращению с отходами,16,0.725,0.75,0.0,0.77,3 Нормативные ссылки
54,Где описываются правила по обращению с отходами,17,0.7226,0.75,0.0,0.76,3 Нормативные ссылки
54,Где описываются правила по обращению с отходами,18,0.7189,0.75,0.0,0.76,8 Управление исходящей документацией
54,Где описываются правила по обращению с отходами,19,0.725,0.75,0.0,0.77,3 Нормативные ссылки
54,Где описываются правила по обращению с отходами,20,0.7143,0.75,0.0,0.75,Нормативные ссылки
54,Где описываются правила по обращению с отходами,21,0.223,0.74,0.0,0.0,1 Назначение
54,Где описываются правила по обращению с отходами,22,0.7116,0.74,0.0,0.75,5 Правила работы с файлами
54,Где описываются правила по обращению с отходами,23,0.2223,0.74,0.0,0.0,Приложение 2. Перечень регламентирующих документов
54,Где описываются правила по обращению с отходами,24,0.7114,0.74,0.0,0.75,3 Нормативные ссылки
54,Где описываются правила по обращению с отходами,25,0.7165,0.74,0.0,0.76,Приложение 3. Перечень программного обеспечения
54,Где описываются правила по обращению с отходами,26,0.2216,0.74,0.0,0.0,7 Последовательность формирования реестров экологических аспектов
54,Где описываются правила по обращению с отходами,27,0.7197,0.74,0.0,0.77,4 Нормативные ссылки
54,Где описываются правила по обращению с отходами,28,0.7158,0.74,0.0,0.76,Порядок работы
54,Где описываются правила по обращению с отходами,29,0.2208,0.74,0.0,0.0,Определения и сокращения
54,Где описываются правила по обращению с отходами,30,0.2207,0.74,0.0,0.0,3 ЭТИЧЕСКИЕ ПРАВИЛА СЛУЖЕБНОГО ПОВЕДЕНИЯ РАБОТНИКОВ
54,Где описываются правила по обращению с отходами,31,0.2205,0.74,0.0,0.0,12 Перечень нормативных документов по контролю качества выпускаемой продукции
54,Где описываются правила по обращению с отходами,32,0.2205,0.73,0.0,0.0,"2 ОСНОВНЫЕ ОБЯЗАННОСТИ, ПРИНЦИПЫ И ПРАВИЛА СЛУЖЕБНОГО ПОВЕДЕНИЯ РАБОТНИКОВ"
54,Где описываются правила по обращению с отходами,33,0.7083,0.73,0.0,0.75,6 Управление внутренними документами
54,Где описываются правила по обращению с отходами,34,0.2198,0.73,0.0,0.0,3 Правила работы с каталогами текущих проектов:
54,Где описываются правила по обращению с отходами,35,0.2197,0.73,0.0,0.0,Приложение 2. Перечень внутренней документации ИСМ отдела
54,Где описываются правила по обращению с отходами,36,0.2194,0.73,0.0,0.0,9 Обязательства работника
54,Где описываются правила по обращению с отходами,37,0.7116,0.73,0.0,0.76,3 Нормативные ссылки
54,Где описываются правила по обращению с отходами,38,0.219,0.73,0.0,0.0,Приложение 4. Перечень рабочих инструкций
54,Где описываются правила по обращению с отходами,39,0.219,0.73,0.0,0.0,"4 Термины, обозначения, сокращения"
54,Где описываются правила по обращению с отходами,40,0.2188,0.73,0.0,0.0,Приложение 3. Кадровая документация отдела
54,Где описываются правила по обращению с отходами,41,0.5102,0.0,0.0,0.78,Общие положения
54,Где описываются правила по обращению с отходами,42,0.5058,0.0,0.0,0.78,11 Контроль
54,Где описываются правила по обращению с отходами,43,0.4998,0.0,0.0,0.77,ИН-15-РегАрх
54,Где описываются правила по обращению с отходами,44,0.4998,0.0,0.0,0.77,ИНСТРУКЦИЯ Регистрация и архивирование источников информации «ИН-15-РегАрх»
54,Где описываются правила по обращению с отходами,45,0.496,0.0,0.0,0.76,Приложение 4. Перечень документированной информации отдела
54,Где описываются правила по обращению с отходами,46,0.4958,0.0,0.0,0.76,3 Задачи
54,Где описываются правила по обращению с отходами,47,0.4946,0.0,0.0,0.76,5 Основные положения
54,Где описываются правила по обращению с отходами,48,0.4932,0.0,0.0,0.76,Приложение Б Шаблон информационного листа проекта.
54,Где описываются правила по обращению с отходами,49,0.4932,0.0,0.0,0.76,Положения:
54,Где описываются правила по обращению с отходами,50,0.4912,0.0,0.0,0.76,ИН-20-ДО
54,Где описываются правила по обращению с отходами,51,0.4912,0.0,0.0,0.76,ИНСТРУКЦИЯ Организация работ по документообороту «ИН-20-ДО»
54,Где описываются правила по обращению с отходами,52,0.491,0.0,0.0,0.76,1 ОБЩИЕ ПОЛОЖЕНИЯ
54,Где описываются правила по обращению с отходами,53,0.4909,0.0,0.0,0.76,"Приложение 4 Образец оформления документа, содержащего более одной страницы."
54,Где описываются правила по обращению с отходами,54,0.4898,0.0,0.0,0.75,Приложение Г
54,Где описываются правила по обращению с отходами,55,0.4896,0.0,0.0,0.75,12 Ответственность
54,Где описываются правила по обращению с отходами,56,0.4887,0.0,0.0,0.75,5 Идентификация всех возможных экологических аспектов
55,Какой документ регулирует корпоративную мобильную связь?,1,0.7503,0.82,0.0,0.77,5 Правила пользования корпоративной мобильной связью
55,Какой документ регулирует корпоративную мобильную связь?,2,0.7443,0.82,0.0,0.77,4 Порядок предоставления корпоративной мобильной связи
55,Какой документ регулирует корпоративную мобильную связь?,3,0.7748,0.79,0.0,0.83,2 Нормативные ссылки
55,Какой документ регулирует корпоративную мобильную связь?,4,0.727,0.79,0.0,0.76,"7 Материальная ответственность работника, использующего корпоративную SIM-карту и корпоративный мобильный аппарат"
55,Какой документ регулирует корпоративную мобильную связь?,5,0.7267,0.78,0.0,0.76,6 Нормы и порядок возмещения перерасхода лимита корпоративной мобильной связи
55,Какой документ регулирует корпоративную мобильную связь?,6,0.7252,0.77,0.0,0.76,Приложение Е
55,Какой документ регулирует корпоративную мобильную связь?,7,0.7535,0.76,0.0,0.81,ПОЛОЖЕНИЕ О корпоративной мобильной связи в АО «ВолгоградНИПИнефть» «ПЛ-13-КМС»
55,Какой документ регулирует корпоративную мобильную связь?,8,0.7452,0.76,0.0,0.8,Приложение Д
55,Какой документ регулирует корпоративную мобильную связь?,9,0.6996,0.74,0.0,0.73,3 Нормативные ссылки
55,Какой документ регулирует корпоративную мобильную связь?,10,0.6879,0.74,0.0,0.72,Приложение 2. Перечень внутренней документации ИСМ отдела
55,Какой документ регулирует корпоративную мобильную связь?,11,0.2213,0.74,0.0,0.0,Ответственность работников за нарушение трудовой дисциплины
55,Какой документ регулирует корпоративную мобильную связь?,12,0.6938,0.74,0.0,0.73,3 Нормативные ссылки
55,Какой документ регулирует корпоративную мобильную связь?,13,0.7475,0.74,0.0,0.81,ПЛ-13-КМС
55,Какой документ регулирует корпоративную мобильную связь?,14,0.2207,0.74,0.0,0.0,12 Перечень нормативных документов по контролю качества выпускаемой продукции
55,Какой документ регулирует корпоративную мобильную связь?,15,0.2206,0.74,0.0,0.0,3 Нормативные ссылки
55,Какой документ регулирует корпоративную мобильную связь?,16,0.22,0.73,0.0,0.0,Организация договорной работы
55,Какой документ регулирует корпоративную мобильную связь?,17,0.22,0.73,0.0,0.0,Организация договорной работы
55,Какой документ регулирует корпоративную мобильную связь?,18,0.22,0.73,0.0,0.0,Организация договорной работы
55,Какой документ регулирует корпоративную мобильную связь?,19,0.7304,0.73,0.0,0.79,Приложение А
55,Какой документ регулирует корпоративную мобильную связь?,20,0.2185,0.73,0.0,0.0,Приложение 2. Перечень внутренней документации ИСМ отдела
55,Какой документ регулирует корпоративную мобильную связь?,21,0.2182,0.73,0.0,0.0,Порядок приема и увольнения работников
55,Какой документ регулирует корпоративную мобильную связь?,22,0.2176,0.73,0.0,0.0,Приложение Г
55,Какой документ регулирует корпоративную мобильную связь?,23,0.6981,0.72,0.0,0.74,1 Назначение
55,Какой документ регулирует корпоративную мобильную связь?,24,0.2166,0.72,0.0,0.0,3 Нормативные ссылки
55,Какой документ регулирует корпоративную мобильную связь?,25,0.2158,0.72,0.0,0.0,8 Управление исходящей документацией
55,Какой документ регулирует корпоративную мобильную связь?,26,0.2158,0.72,0.0,0.0,Приложение Б
55,Какой документ регулирует корпоративную мобильную связь?,27,0.2155,0.72,0.0,0.0,3 Нормативные ссылки
55,Какой документ регулирует корпоративную мобильную связь?,28,0.6861,0.72,0.0,0.72,1 Назначение
55,Какой документ регулирует корпоративную мобильную связь?,29,0.2153,0.72,0.0,0.0,Приложение 3. Кадровая документация отдела
55,Какой документ регулирует корпоративную мобильную связь?,30,0.2152,0.72,0.0,0.0,ПОЛОЖЕНИЕ о договорном отделе «ПЛ-05»
55,Какой документ регулирует корпоративную мобильную связь?,31,0.2148,0.72,0.0,0.0,12 Ответственность за разглашение коммерческой тайны
55,Какой документ регулирует корпоративную мобильную связь?,32,0.2143,0.71,0.0,0.0,10 Порядок допуска к коммерческой тайне
55,Какой документ регулирует корпоративную мобильную связь?,33,0.2138,0.71,0.0,0.0,7 Порядок отнесения сведений к коммерческой тайне
55,Какой документ регулирует корпоративную мобильную связь?,34,0.2137,0.71,0.0,0.0,"2 ОСНОВНЫЕ ОБЯЗАННОСТИ, ПРИНЦИПЫ И ПРАВИЛА СЛУЖЕБНОГО ПОВЕДЕНИЯ РАБОТНИКОВ"
55,Какой документ регулирует корпоративную мобильную связь?,35,0.6838,0.71,0.0,0.72,ПОЛОЖЕНИЕ О коммерческой тайне «ПЛ-01-КТ»
55,Какой документ регулирует корпоративную мобильную связь?,36,0.6888,0.71,0.0,0.73,"8 Иные положения, связанные с организацией труда дистанционных работников"
55,Какой документ регулирует корпоративную мобильную связь?,37,0.213,0.71,0.0,0.0,"4 Термины, обозначения, сокращения"
55,Какой документ регулирует корпоративную мобильную связь?,38,0.213,0.71,0.0,0.0,3 Нормативные ссылки
55,Какой документ регулирует корпоративную мобильную связь?,39,0.213,0.71,0.0,0.0,3 Нормативные ссылки
55,Какой документ регулирует корпоративную мобильную связь?,40,0.2127,0.71,0.0,0.0,1 Назначение
55,Какой документ регулирует корпоративную мобильную связь?,41,0.5288,0.0,0.0,0.81,1 Общие положения
55,Какой документ регулирует корпоративную мобильную связь?,42,0.5239,0.0,0.0,0.81,3 Термины и определения
55,Какой документ регулирует корпоративную мобильную связь?,43,0.5199,0.0,0.0,0.8,СОГЛАСОВАНО:
55,Какой документ регулирует корпоративную мобильную связь?,44,0.5041,0.0,0.0,0.78,Приложение Г
55,Какой документ регулирует корпоративную мобильную связь?,45,0.4882,0.0,0.0,0.75,Приложение В
55,Какой документ регулирует корпоративную мобильную связь?,46,0.4812,0.0,0.0,0.74,1 Общие положения
55,Какой документ регулирует корпоративную мобильную связь?,47,0.4748,0.0,0.0,0.73,Приложение 2. Перечень регламентированных процессов информационно-технического отдела.
55,Какой документ регулирует корпоративную мобильную связь?,48,0.4746,0.0,0.0,0.73,2 Нормативные ссылки
55,Какой документ регулирует корпоративную мобильную связь?,49,0.4724,0.0,0.0,0.73,ЛИСТ СОГЛАСОВАНИЯ ДОГОВОРА
55,Какой документ регулирует корпоративную мобильную связь?,50,0.4706,0.0,0.0,0.72,ПЛ-01-КТ
55,Какой документ регулирует корпоративную мобильную связь?,51,0.4694,0.0,0.0,0.72,Нормативные ссылки
55,Какой документ регулирует корпоративную мобильную связь?,52,0.4693,0.0,0.0,0.72,СОГЛАСОВАНО:
55,Какой документ регулирует корпоративную мобильную связь?,53,0.4691,0.0,0.0,0.72,решений
55,Какой документ регулирует корпоративную мобильную связь?,54,0.469,0.0,0.0,0.72,"2 ОСНОВНЫЕ ОБЯЗАННОСТИ, ПРИНЦИПЫ И ПРАВИЛА СЛУЖЕБНОГО ПОВЕДЕНИЯ РАБОТНИКОВ"
55,Какой документ регулирует корпоративную мобильную связь?,55,0.4682,0.0,0.0,0.72,Приложение А
55,Какой документ регулирует корпоративную мобильную связь?,56,0.4677,0.0,0.0,0.72,СОГЛАСОВАНО:
55,Какой документ регулирует корпоративную мобильную связь?,57,0.4675,0.0,0.0,0.72,Приложение Б
55,Какой документ регулирует корпоративную мобильную связь?,58,0.4673,0.0,0.0,0.72,Правила внутреннего трудового распорядка АО «ВолгоградНИПИнефть» «ПР-20-ВТР»
55,Какой документ регулирует корпоративную мобильную связь?,59,0.4673,0.0,0.0,0.72,ПР-20-ВТР
55,Какой документ регулирует корпоративную мобильную связь?,60,0.4665,0.0,0.0,0.72,Назначение и область применения
55,Какой документ регулирует корпоративную мобильную связь?,61,0.4661,0.0,0.0,0.72,"Приложение 3 Образец документа, заверенного генеральным директором."
55,Какой документ регулирует корпоративную мобильную связь?,62,0.4659,0.0,0.0,0.72,"8 Сведения, составляющие коммерческую тайну"
55,Какой документ регулирует корпоративную мобильную связь?,63,0.4656,0.0,0.0,0.72,СОГЛАСОВАНО:
56,В каком документе найти сруткуру каталогов,1,0.7662,0.79,0.0,0.81,4 Права доступа к каталогам
56,В каком документе найти сруткуру каталогов,2,0.7508,0.79,0.0,0.79,РАБОЧАЯ ИНСТРУКЦИЯ Структура каталогов «РИ-10-СтруктКат»
56,В каком документе найти сруткуру каталогов,3,0.7597,0.79,0.0,0.81,Нормативные ссылки
56,В каком документе найти сруткуру каталогов,4,0.7397,0.77,0.0,0.78,3 Нормативные ссылки
56,В каком документе найти сруткуру каталогов,5,0.7451,0.77,0.0,0.79,РИ-10-СтруктКат
56,В каком документе найти сруткуру каталогов,6,0.7356,0.76,0.0,0.78,7 Список приложений
56,В каком документе найти сруткуру каталогов,7,0.7331,0.76,0.0,0.78,3 Правила работы с каталогами текущих проектов:
56,В каком документе найти сруткуру каталогов,8,0.2267,0.76,0.0,0.0,2 Структура
56,В каком документе найти сруткуру каталогов,9,0.7273,0.75,0.0,0.77,3 Нормативные ссылки
56,В каком документе найти сруткуру каталогов,10,0.7402,0.75,0.0,0.79,8 Список приложений
56,В каком документе найти сруткуру каталогов,11,0.2243,0.75,0.0,0.0,Приложение 5. Шаблоны бланков документированной информации отдела.
56,В каком документе найти сруткуру каталогов,12,0.7361,0.74,0.0,0.79,Приложение 2. Перечень регламентирующих документов
56,В каком документе найти сруткуру каталогов,13,0.2233,0.74,0.0,0.0,Приложение 1. Структура отдела
56,В каком документе найти сруткуру каталогов,14,0.7148,0.74,0.0,0.76,Приложение 1. Структура отдела
56,В каком документе найти сруткуру каталогов,15,0.2233,0.74,0.0,0.0,Приложение 1. Структура отдела
56,В каком документе найти сруткуру каталогов,16,0.7135,0.74,0.0,0.75,Приложение 1. Структура отдела
56,В каком документе найти сруткуру каталогов,17,0.2223,0.74,0.0,0.0,2 Структура
56,В каком документе найти сруткуру каталогов,18,0.2223,0.74,0.0,0.0,2 Структура
56,В каком документе найти сруткуру каталогов,19,0.2223,0.74,0.0,0.0,2 Структура
56,В каком документе найти сруткуру каталогов,20,0.2223,0.74,0.0,0.0,2 Структура
56,В каком документе найти сруткуру каталогов,21,0.2223,0.74,0.0,0.0,2 Структура
56,В каком документе найти сруткуру каталогов,22,0.2223,0.74,0.0,0.0,2 Структура
56,В каком документе найти сруткуру каталогов,23,0.2223,0.74,0.0,0.0,2 Структура
56,В каком документе найти сруткуру каталогов,24,0.7182,0.74,0.0,0.76,Приложение 2. Перечень внутренней документации ИСМ отдела
56,В каком документе найти сруткуру каталогов,25,0.7161,0.74,0.0,0.76,3 Нормативные ссылки
56,В каком документе найти сруткуру каталогов,26,0.7235,0.74,0.0,0.77,3 Нормативные ссылки
56,В каком документе найти сруткуру каталогов,27,0.2202,0.73,0.0,0.0,"Порядок приемки, регистрации и архивирования источников информации."
56,В каком документе найти сруткуру каталогов,28,0.2196,0.73,0.0,0.0,8 Управление исходящей документацией
56,В каком документе найти сруткуру каталогов,29,0.7117,0.73,0.0,0.76,4 Нормативные ссылки
56,В каком документе найти сруткуру каталогов,30,0.2194,0.73,0.0,0.0,Приложение 4. Перечень внутренней документации ИСМ отдела
56,В каком документе найти сруткуру каталогов,31,0.2193,0.73,0.0,0.0,6 Управление внутренними документами
56,В каком документе найти сруткуру каталогов,32,0.7094,0.73,0.0,0.75,"4 Термины, обозначения, сокращения"
56,В каком документе найти сруткуру каталогов,33,0.7242,0.73,0.0,0.78,2 Основная часть
56,В каком документе найти сруткуру каталогов,34,0.2188,0.73,0.0,0.0,P:\\\\Информация…
56,В каком документе найти сруткуру каталогов,35,0.2178,0.73,0.0,0.0,Приложение 2. Перечень внутренней документации ИСМ отдела
56,В каком документе найти сруткуру каталогов,36,0.2176,0.73,0.0,0.0,3 Нормативные ссылки
56,В каком документе найти сруткуру каталогов,37,0.2176,0.73,0.0,0.0,Приложение 2. Перечень внутренней документации
56,В каком документе найти сруткуру каталогов,38,0.2174,0.72,0.0,0.0,F:\\\\ !Шаблоны документов\\\\Бланки регистрации
56,В каком документе найти сруткуру каталогов,39,0.2173,0.72,0.0,0.0,Приложение 3. Перечень программного обеспечения
56,В каком документе найти сруткуру каталогов,40,0.2171,0.72,0.0,0.0,1 Назначение
56,В каком документе найти сруткуру каталогов,41,0.0263,0.0,0.53,0.0,Приложение 6. Формы журналов отдела
56,В каком документе найти сруткуру каталогов,42,0.0263,0.0,0.53,0.0,6 Определение существенного воздействия экологических аспектов на ОС
56,В каком документе найти сруткуру каталогов,43,0.0261,0.0,0.52,0.0,Итоговый реестр существенных экологических аспектов
56,В каком документе найти сруткуру каталогов,44,0.026,0.0,0.52,0.0,Процедура Идентификация экологических аспектов ПР-6.1.2-ИЭА
56,В каком документе найти сруткуру каталогов,45,0.0259,0.0,0.52,0.0,ПР-6.1.2-ИЭА
56,В каком документе найти сруткуру каталогов,46,0.0259,0.0,0.52,0.0,1 Назначение
56,В каком документе найти сруткуру каталогов,47,0.0258,0.0,0.52,0.0,"Приложение 7. Выпуск продукции на 20__ г. на основании заключенных договоров, с НДС."
56,В каком документе найти сруткуру каталогов,48,0.0258,0.0,0.52,0.0,5 Идентификация всех возможных экологических аспектов
56,В каком документе найти сруткуру каталогов,49,0.0257,0.0,0.51,0.0,Идентификация экологических аспектов
56,В каком документе найти сруткуру каталогов,50,0.0257,0.0,0.51,0.0,7 Последовательность формирования реестров экологических аспектов
56,В каком документе найти сруткуру каталогов,51,0.0257,0.0,0.51,0.0,Сводный реестр экологических аспектов
56,В каком документе найти сруткуру каталогов,52,0.0256,0.0,0.51,0.0,СОГЛАСОВАНО:
56,В каком документе найти сруткуру каталогов,53,0.0254,0.0,0.51,0.0,"4 Термины, обозначения"
56,В каком документе найти сруткуру каталогов,54,0.0254,0.0,0.51,0.0,4 Система оплаты труда
56,В каком документе найти сруткуру каталогов,55,0.0254,0.0,0.51,0.0,1 Назначение
56,В каком документе найти сруткуру каталогов,56,0.0254,0.0,0.51,0.0,Приложение В
56,В каком документе найти сруткуру каталогов,57,0.0253,0.0,0.51,0.0,12 Перечень нормативных документов по контролю качества выпускаемой продукции
56,В каком документе найти сруткуру каталогов,58,0.0253,0.0,0.51,0.0,3 Метрологическое обеспечение
56,В каком документе найти сруткуру каталогов,59,0.0253,0.0,0.51,0.0,Приложение 3. Кадровая документация отдела
56,В каком документе найти сруткуру каталогов,60,0.0253,0.0,0.51,0.0,5 Должностной оклад и доплаты
56,В каком документе найти сруткуру каталогов,61,0.0253,0.0,0.51,0.0,При этом проверяются:
56,В каком документе найти сруткуру каталогов,62,0.0252,0.0,0.5,0.0,С Геологическим отделом Общества:
56,В каком документе найти сруткуру каталогов,63,0.0252,0.0,0.5,0.0,5 Идентификация всех возможных экологических аспектов
56,В каком документе найти сруткуру каталогов,64,0.0252,0.0,0.5,0.0,Он обязан:
56,В каком документе найти сруткуру каталогов,65,0.0252,0.0,0.5,0.0,Приложение 2 Исходные данные для составления смет.
56,В каком документе найти сруткуру каталогов,66,0.0252,0.0,0.5,0.0,"10 Функциональные обязанности должностных лиц по контролю качества геодезических, инженерно-изыскательских и картографических работ"
56,В каком документе найти сруткуру каталогов,67,0.0251,0.0,0.5,0.0,2 Оборудование
56,В каком документе найти сруткуру каталогов,68,0.0251,0.0,0.5,0.0,Определения и сокращения
56,В каком документе найти сруткуру каталогов,69,0.0251,0.0,0.5,0.0,1 Общие положения. Контроль качества приемки работ
56,В каком документе найти сруткуру каталогов,70,0.0251,0.0,0.5,0.0,8 Начисление и выплата заработной платы
56,В каком документе найти сруткуру каталогов,71,0.025,0.0,0.5,0.0,4 Персонал
56,В каком документе найти сруткуру каталогов,72,0.5016,0.0,0.0,0.77,Приложение 4. Перечень рабочих инструкций
56,В каком документе найти сруткуру каталогов,73,0.5006,0.0,0.0,0.77,ИН-20-ДО
56,В каком документе найти сруткуру каталогов,74,0.5006,0.0,0.0,0.77,ИНСТРУКЦИЯ Организация работ по документообороту «ИН-20-ДО»
56,В каком документе найти сруткуру каталогов,75,0.5004,0.0,0.0,0.77,1 Назначение
56,В каком документе найти сруткуру каталогов,76,0.4999,0.0,0.0,0.77,7 Список приложений
56,В каком документе найти сруткуру каталогов,77,0.4969,0.0,0.0,0.76,Приложение 4. График документооборота АО «ВолгоградНИПИнефть»
56,В каком документе найти сруткуру каталогов,78,0.4945,0.0,0.0,0.76,Приложение 1 Перечень документированной информации
56,В каком документе найти сруткуру каталогов,79,0.4919,0.0,0.0,0.76,ИН-15-РегАрх
56,В каком документе найти сруткуру каталогов,80,0.4919,0.0,0.0,0.76,ИНСТРУКЦИЯ Регистрация и архивирование источников информации «ИН-15-РегАрх»
56,В каком документе найти сруткуру каталогов,81,0.4918,0.0,0.0,0.76,Финансово-учетная документация:
56,В каком документе найти сруткуру каталогов,82,0.4911,0.0,0.0,0.76,Приложение 4. Перечень документированной информации отдела
56,В каком документе найти сруткуру каталогов,83,0.4909,0.0,0.0,0.76,ПОЛОЖЕНИЕ Об отделе геологии «ПЛ-07»
56,В каком документе найти сруткуру каталогов,84,0.4909,0.0,0.0,0.76,ПЛ-07
56,В каком документе найти сруткуру каталогов,85,0.4906,0.0,0.0,0.75,ПЛ-01-НК
56,В каком документе найти сруткуру каталогов,86,0.4906,0.0,0.0,0.75,ПОЛОЖЕНИЕ О нормоконтроле проектно-сметной и отчетной документации «ПЛ-01-НК»
56,В каком документе найти сруткуру каталогов,87,0.4904,0.0,0.0,0.75,Приложение 2 Перечень внутренней документации ИСМ отдела
56,В каком документе найти сруткуру каталогов,88,0.4901,0.0,0.0,0.75,Приложение 2. Перечень внутренней документации ИСМ отдела
56,В каком документе найти сруткуру каталогов,89,0.4894,0.0,0.0,0.75,Приложение 2. Перечень внутренней документации договорного отдела
56,В каком документе найти сруткуру каталогов,90,0.4885,0.0,0.0,0.75,ПОЛОЖЕНИЕ об отделе делопроизводства и менеджмента качества «ПЛ-20»
56,В каком документе найти сруткуру каталогов,91,0.4885,0.0,0.0,0.75,ПЛ-20
56,В каком документе найти сруткуру каталогов,92,0.4877,0.0,0.0,0.75,2 Определения и сокращения
56,В каком документе найти сруткуру каталогов,93,0.4876,0.0,0.0,0.75,Определения и сокращения
57,Есть ли регламент по идентификации экологических аспектов?,1,0.8004,0.85,0.0,0.84,5 Идентификация всех возможных экологических аспектов
57,Есть ли регламент по идентификации экологических аспектов?,2,0.7681,0.83,0.0,0.8,7 Последовательность формирования реестров экологических аспектов
57,Есть ли регламент по идентификации экологических аспектов?,3,0.7859,0.83,0.0,0.83,Сводный реестр экологических аспектов
57,Есть ли регламент по идентификации экологических аспектов?,4,0.7563,0.82,0.0,0.78,5 Идентификация всех возможных экологических аспектов
57,Есть ли регламент по идентификации экологических аспектов?,5,0.7861,0.82,0.0,0.83,Идентификация экологических аспектов
57,Есть ли регламент по идентификации экологических аспектов?,6,0.7821,0.82,0.0,0.83,Итоговый реестр существенных экологических аспектов
57,Есть ли регламент по идентификации экологических аспектов?,7,0.7749,0.82,0.0,0.81,Процедура Идентификация экологических аспектов ПР-6.1.2-ИЭА
57,Есть ли регламент по идентификации экологических аспектов?,8,0.7559,0.8,0.0,0.8,1 Назначение
57,Есть ли регламент по идентификации экологических аспектов?,9,0.7637,0.8,0.0,0.81,3 Нормативные ссылки
57,Есть ли регламент по идентификации экологических аспектов?,10,0.7489,0.79,0.0,0.79,3 Нормативные ссылки
57,Есть ли регламент по идентификации экологических аспектов?,11,0.7815,0.79,0.0,0.84,6 Определение существенного воздействия экологических аспектов на ОС
57,Есть ли регламент по идентификации экологических аспектов?,12,0.7485,0.79,0.0,0.79,Приложение 3. Перечень программного обеспечения
57,Есть ли регламент по идентификации экологических аспектов?,13,0.7506,0.79,0.0,0.79,3 Нормативные ссылки
57,Есть ли регламент по идентификации экологических аспектов?,14,0.7657,0.79,0.0,0.81,ПР-6.1.2-ИЭА
57,Есть ли регламент по идентификации экологических аспектов?,15,0.738,0.78,0.0,0.77,"8 Мониторинг, измерения, анализ и оценивание"
57,Есть ли регламент по идентификации экологических аспектов?,16,0.2327,0.78,0.0,0.0,3 Нормативные ссылки
57,Есть ли регламент по идентификации экологических аспектов?,17,0.7233,0.76,0.0,0.76,7 Порядок учета отходов
57,Есть ли регламент по идентификации экологических аспектов?,18,0.227,0.76,0.0,0.0,Приложение 2. Перечень регламентирующих документов
57,Есть ли регламент по идентификации экологических аспектов?,19,0.7702,0.76,0.0,0.84,СОГЛАСОВАНО:
57,Есть ли регламент по идентификации экологических аспектов?,20,0.7134,0.75,0.0,0.75,3 Задачи
57,Есть ли регламент по идентификации экологических аспектов?,21,0.2251,0.75,0.0,0.0,9 Требования к передаче отходов сторонним специализированным организациям
57,Есть ли регламент по идентификации экологических аспектов?,22,0.2249,0.75,0.0,0.0,Приложение 2 Перечень внутренней документации ИСМ отдела
57,Есть ли регламент по идентификации экологических аспектов?,23,0.2236,0.75,0.0,0.0,12 Перечень нормативных документов по контролю качества выпускаемой продукции
57,Есть ли регламент по идентификации экологических аспектов?,24,0.2231,0.74,0.0,0.0,8 Требования к транспортированию отходов
57,Есть ли регламент по идентификации экологических аспектов?,25,0.7064,0.74,0.0,0.74,6 Идентификация и оценка рисков
57,Есть ли регламент по идентификации экологических аспектов?,26,0.2225,0.74,0.0,0.0,3 Нормативные ссылки
57,Есть ли регламент по идентификации экологических аспектов?,27,0.2218,0.74,0.0,0.0,1 Назначение
57,Есть ли регламент по идентификации экологических аспектов?,28,0.7132,0.74,0.0,0.76,1 Назначение
57,Есть ли регламент по идентификации экологических аспектов?,29,0.2209,0.74,0.0,0.0,"ПОЛОЖЕНИЕ По организации внутреннего контроля качества и приемки топографо-геодезических, картографических и проектно-изыскательских работ «ПЛ-08-ОВКК»"
57,Есть ли регламент по идентификации экологических аспектов?,30,0.2199,0.73,0.0,0.0,"Порядок приемки, регистрации и архивирования источников информации."
57,Есть ли регламент по идентификации экологических аспектов?,31,0.2199,0.73,0.0,0.0,ИНСТРУКЦИЯ Регистрация и архивирование источников информации «ИН-15-РегАрх»
57,Есть ли регламент по идентификации экологических аспектов?,32,0.7089,0.73,0.0,0.75,Приложение 4. Перечень регламентированных процессов
57,Есть ли регламент по идентификации экологических аспектов?,33,0.2198,0.73,0.0,0.0,6 Порядок накопления отходов
57,Есть ли регламент по идентификации экологических аспектов?,34,0.2198,0.73,0.0,0.0,6 Порядок накопления отходов
57,Есть ли регламент по идентификации экологических аспектов?,35,0.2196,0.73,0.0,0.0,1 Назначение
57,Есть ли регламент по идентификации экологических аспектов?,36,0.2193,0.73,0.0,0.0,5 Порядок проведения нормоконтроля
57,Есть ли регламент по идентификации экологических аспектов?,37,0.2185,0.73,0.0,0.0,3 Метрологическое обеспечение
57,Есть ли регламент по идентификации экологических аспектов?,38,0.7135,0.73,0.0,0.76,Положения:
57,Есть ли регламент по идентификации экологических аспектов?,39,0.2181,0.73,0.0,0.0,"9 Стадия экспертиз, защит и согласований"
57,Есть ли регламент по идентификации экологических аспектов?,40,0.717,0.73,0.0,0.77,Приложение 3. Перечень регламентированных бизнес-процессов
57,Есть ли регламент по идентификации экологических аспектов?,41,0.5321,0.0,0.0,0.82,4 Термины и сокращения
57,Есть ли регламент по идентификации экологических аспектов?,42,0.5192,0.0,0.0,0.8,6 Идентификация и оценка рисков
57,Есть ли регламент по идентификации экологических аспектов?,43,0.5058,0.0,0.0,0.78,4 Функции
57,Есть ли регламент по идентификации экологических аспектов?,44,0.5051,0.0,0.0,0.78,3 Задачи
57,Есть ли регламент по идентификации экологических аспектов?,45,0.4961,0.0,0.0,0.76,Приложение 3 Перечень регламентированных бизнеспроцессов
57,Есть ли регламент по идентификации экологических аспектов?,46,0.4913,0.0,0.0,0.76,О группе охраны окружающей среды отдела бурения и «ПЛ-12-ГООС»
57,Есть ли регламент по идентификации экологических аспектов?,47,0.4913,0.0,0.0,0.76,ПЛ-12 -ГООС
57,Есть ли регламент по идентификации экологических аспектов?,48,0.4906,0.0,0.0,0.75,5 Основные положения
57,Есть ли регламент по идентификации экологических аспектов?,49,0.4904,0.0,0.0,0.75,СОГЛАСОВАНО:
57,Есть ли регламент по идентификации экологических аспектов?,50,0.4887,0.0,0.0,0.75,4 Функции
57,Есть ли регламент по идентификации экологических аспектов?,51,0.486,0.0,0.0,0.75,5 Права
57,Есть ли регламент по идентификации экологических аспектов?,52,0.4856,0.0,0.0,0.75,2 Область применения
57,Есть ли регламент по идентификации экологических аспектов?,53,0.4851,0.0,0.0,0.75,10 Безопасное обращение с отходами
57,Есть ли регламент по идентификации экологических аспектов?,54,0.4849,0.0,0.0,0.75,ПЛ-07-УИСМ
57,Есть ли регламент по идентификации экологических аспектов?,55,0.4849,0.0,0.0,0.75,ПОЛОЖЕНИЕ об уполномоченном по интегрированной системе менеджмента в отделе геологии «ПЛ-07-УИСМ»
57,Есть ли регламент по идентификации экологических аспектов?,56,0.4847,0.0,0.0,0.75,2 Структура
57,Есть ли регламент по идентификации экологических аспектов?,57,0.4846,0.0,0.0,0.75,3 Задачи
58,Какие задачи у отдела бурения и проектирования строительства скважин?,1,0.7975,0.86,0.0,0.83,ПОЛОЖЕНИЕ Об отделе бурения и проектирования строительства скважин «ПЛ-12»
58,Какие задачи у отдела бурения и проектирования строительства скважин?,2,0.83,0.85,0.0,0.88,1 Общие положения
58,Какие задачи у отдела бурения и проектирования строительства скважин?,3,0.791,0.84,0.0,0.83,ПЛ-12
58,Какие задачи у отдела бурения и проектирования строительства скважин?,4,0.7845,0.83,0.0,0.82,О группе охраны окружающей среды отдела бурения и «ПЛ-12-ГООС»
58,Какие задачи у отдела бурения и проектирования строительства скважин?,5,0.8035,0.83,0.0,0.85,С отделом бурения Общества
58,Какие задачи у отдела бурения и проектирования строительства скважин?,6,0.7762,0.82,0.0,0.81,4 Функции
58,Какие задачи у отдела бурения и проектирования строительства скважин?,7,0.7594,0.8,0.0,0.8,С отделом проектирования разработки нефтяных и газовых месторождений Общества:
58,Какие задачи у отдела бурения и проектирования строительства скважин?,8,0.7728,0.79,0.0,0.82,ПЛ-12 -ГООС
58,Какие задачи у отдела бурения и проектирования строительства скважин?,9,0.7298,0.78,0.0,0.76,ПОЛОЖЕНИЕ Об отделе инженерных изысканий «ПЛ-08»
58,Какие задачи у отдела бурения и проектирования строительства скважин?,10,0.7569,0.78,0.0,0.8,ПЛ-12-УИСМ
58,Какие задачи у отдела бурения и проектирования строительства скважин?,11,0.7236,0.78,0.0,0.75,ПОЛОЖЕНИЕ Об отделе геологии «ПЛ-07»
58,Какие задачи у отдела бурения и проектирования строительства скважин?,12,0.7459,0.78,0.0,0.79,Приложение 2. Перечень внутренней документации ИСМ отдела
58,Какие задачи у отдела бурения и проектирования строительства скважин?,13,0.2308,0.77,0.0,0.0,ПОЛОЖЕНИЕ О полевой партии отдела инженерных изысканий «ПЛ-08-ПП»
58,Какие задачи у отдела бурения и проектирования строительства скважин?,14,0.2305,0.77,0.0,0.0,4 Термины и сокращения
58,Какие задачи у отдела бурения и проектирования строительства скважин?,15,0.7521,0.77,0.0,0.8,ПОЛОЖЕНИЕ тельства скважин
58,Какие задачи у отдела бурения и проектирования строительства скважин?,16,0.2302,0.77,0.0,0.0,Приложение 2 Перечень внутренней документации ИСМ отдела
58,Какие задачи у отдела бурения и проектирования строительства скважин?,17,0.7216,0.76,0.0,0.76,6 Ответственность
58,Какие задачи у отдела бурения и проектирования строительства скважин?,18,0.2285,0.76,0.0,0.0,Приложение 1. Структура отдела.
58,Какие задачи у отдела бурения и проектирования строительства скважин?,19,0.2284,0.76,0.0,0.0,3 Нормативные ссылки
58,Какие задачи у отдела бурения и проектирования строительства скважин?,20,0.7327,0.76,0.0,0.78,4 Функции
58,Какие задачи у отдела бурения и проектирования строительства скважин?,21,0.7402,0.76,0.0,0.79,С Геологическим отделом Общества:
58,Какие задачи у отдела бурения и проектирования строительства скважин?,22,0.7215,0.76,0.0,0.76,ПЛ-08
58,Какие задачи у отдела бурения и проектирования строительства скважин?,23,0.227,0.76,0.0,0.0,ПОЛОЖЕНИЕ об уполномоченном по интегрированной системе менеджмента в отделе геологии «ПЛ-07-УИСМ»
58,Какие задачи у отдела бурения и проектирования строительства скважин?,24,0.7171,0.76,0.0,0.75,ПЛ-07
58,Какие задачи у отдела бурения и проектирования строительства скважин?,25,0.2266,0.76,0.0,0.0,ПОЛОЖЕНИЕ о договорном отделе «ПЛ-05»
58,Какие задачи у отдела бурения и проектирования строительства скважин?,26,0.2264,0.75,0.0,0.0,Приложение 1. Структура отдела
58,Какие задачи у отдела бурения и проектирования строительства скважин?,27,0.7736,0.75,0.0,0.84,Приложение 1. Структура отдела
58,Какие задачи у отдела бурения и проектирования строительства скважин?,28,0.2264,0.75,0.0,0.0,Приложение 1. Структура отдела
58,Какие задачи у отдела бурения и проектирования строительства скважин?,29,0.2264,0.75,0.0,0.0,Приложение 1. Структура отдела
58,Какие задачи у отдела бурения и проектирования строительства скважин?,30,0.7158,0.75,0.0,0.75,Приложение Б. Информационный лист проекта
58,Какие задачи у отдела бурения и проектирования строительства скважин?,31,0.2251,0.75,0.0,0.0,Приложение 3. Перечень программного обеспечения отдела
58,Какие задачи у отдела бурения и проектирования строительства скважин?,32,0.72,0.75,0.0,0.76,Отдел имеет право:
58,Какие задачи у отдела бурения и проектирования строительства скважин?,33,0.2246,0.75,0.0,0.0,Отдел имеет право:
58,Какие задачи у отдела бурения и проектирования строительства скважин?,34,0.7149,0.75,0.0,0.75,Отдел имеет право:
58,Какие задачи у отдела бурения и проектирования строительства скважин?,35,0.2246,0.75,0.0,0.0,Отдел имеет право:
58,Какие задачи у отдела бурения и проектирования строительства скважин?,36,0.2245,0.75,0.0,0.0,ПОЛОЖЕНИЕ Об информационно - техническом отделе « ПЛ-10 »
58,Какие задачи у отдела бурения и проектирования строительства скважин?,37,0.2244,0.75,0.0,0.0,3 Задачи
58,Какие задачи у отдела бурения и проектирования строительства скважин?,38,0.2241,0.75,0.0,0.0,7 Организация и стадии выполнения проектных работ
58,Какие задачи у отдела бурения и проектирования строительства скважин?,39,0.7114,0.75,0.0,0.75,Приложение 5. Перечень программного обеспечения отдела
58,Какие задачи у отдела бурения и проектирования строительства скважин?,40,0.2241,0.75,0.0,0.0,Приложение 5. Перечень программного обеспечения отдела
58,Какие задачи у отдела бурения и проектирования строительства скважин?,41,0.5289,0.0,0.0,0.81,1 Общие положения
58,Какие задачи у отдела бурения и проектирования строительства скважин?,42,0.5276,0.0,0.0,0.81,Приложение 3. Перечень регламентированных бизнес-процессов отдела
58,Какие задачи у отдела бурения и проектирования строительства скважин?,43,0.5234,0.0,0.0,0.81,СОГЛАСОВАНО:
58,Какие задачи у отдела бурения и проектирования строительства скважин?,44,0.5119,0.0,0.0,0.79,5 Ответственности
58,Какие задачи у отдела бурения и проектирования строительства скважин?,45,0.511,0.0,0.0,0.79,1 Общие положения
58,Какие задачи у отдела бурения и проектирования строительства скважин?,46,0.5084,0.0,0.0,0.78,1 Общие положения
58,Какие задачи у отдела бурения и проектирования строительства скважин?,47,0.5084,0.0,0.0,0.78,1 Общие положения
58,Какие задачи у отдела бурения и проектирования строительства скважин?,48,0.5072,0.0,0.0,0.78,Приложение 4. Перечень программного обеспечения отдела
58,Какие задачи у отдела бурения и проектирования строительства скважин?,49,0.5063,0.0,0.0,0.78,4 Функции
58,Какие задачи у отдела бурения и проектирования строительства скважин?,50,0.4955,0.0,0.0,0.76,Приложение 1. Структура Группы
58,Какие задачи у отдела бурения и проектирования строительства скважин?,51,0.494,0.0,0.0,0.76,6 ОТВЕТСТВЕННОСТЬ
58,Какие задачи у отдела бурения и проектирования строительства скважин?,52,0.491,0.0,0.0,0.76,2 Структура
58,Какие задачи у отдела бурения и проектирования строительства скважин?,53,0.4906,0.0,0.0,0.75,2 Структура
58,Какие задачи у отдела бурения и проектирования строительства скважин?,54,0.4898,0.0,0.0,0.75,1 Общие положения
58,Какие задачи у отдела бурения и проектирования строительства скважин?,55,0.4889,0.0,0.0,0.75,3 ОСНОВНЫЕ ФУНКЦИИ МАРКШЕЙДЕРСКО-ГЕОДЕЗИЧЕСКОЙ СЛУЖБЫ
58,Какие задачи у отдела бурения и проектирования строительства скважин?,56,0.4856,0.0,0.0,0.75,Приложение 4. Перечень рабочих инструкций
58,Какие задачи у отдела бурения и проектирования строительства скважин?,57,0.485,0.0,0.0,0.75,2 Структура
59,Чем занимается полевая партия отдела инженерных изысканий?,1,0.7872,0.86,0.0,0.81,ПОЛОЖЕНИЕ О полевой партии отдела инженерных изысканий «ПЛ-08-ПП»
59,Чем занимается полевая партия отдела инженерных изысканий?,2,0.7765,0.83,0.0,0.81,ПЛ-08-ПП
59,Чем занимается полевая партия отдела инженерных изысканий?,3,0.7193,0.79,0.0,0.74,ПОЛОЖЕНИЕ Об отделе инженерных изысканий «ПЛ-08»
59,Чем занимается полевая партия отдела инженерных изысканий?,4,0.7229,0.78,0.0,0.75,Приложение 1 Перечень должностных инструкций полевой партии
59,Чем занимается полевая партия отдела инженерных изысканий?,5,0.7026,0.78,0.0,0.72,Приложение 2 Перечень внутренней документации ИСМ отдела
59,Чем занимается полевая партия отдела инженерных изысканий?,6,0.6907,0.76,0.0,0.71,О группе охраны окружающей среды отдела бурения и «ПЛ-12-ГООС»
59,Чем занимается полевая партия отдела инженерных изысканий?,7,0.225,0.75,0.0,0.0,Приложение 1. Структура отдела
59,Чем занимается полевая партия отдела инженерных изысканий?,8,0.225,0.75,0.0,0.0,Приложение 1. Структура отдела
59,Чем занимается полевая партия отдела инженерных изысканий?,9,0.225,0.75,0.0,0.0,Приложение 1. Структура отдела
59,Чем занимается полевая партия отдела инженерных изысканий?,10,0.225,0.75,0.0,0.0,Приложение 1. Структура отдела
59,Чем занимается полевая партия отдела инженерных изысканий?,11,0.7067,0.75,0.0,0.74,ПЛ-08
59,Чем занимается полевая партия отдела инженерных изысканий?,12,0.2235,0.75,0.0,0.0,ПОЛОЖЕНИЕ Об информационно - техническом отделе « ПЛ-10 »
59,Чем занимается полевая партия отдела инженерных изысканий?,13,0.6801,0.74,0.0,0.71,Процедура Идентификация экологических аспектов ПР-6.1.2-ИЭА
59,Чем занимается полевая партия отдела инженерных изысканий?,14,0.2218,0.74,0.0,0.0,ПОЛОЖЕНИЕ Об отделе геологии «ПЛ-07»
59,Чем занимается полевая партия отдела инженерных изысканий?,15,0.2217,0.74,0.0,0.0,Приложение 3. Перечень программного обеспечения отдела
59,Чем занимается полевая партия отдела инженерных изысканий?,16,0.6793,0.74,0.0,0.71,ПОЛОЖЕНИЕ Об отделе бурения и проектирования строительства скважин «ПЛ-12»
59,Чем занимается полевая партия отдела инженерных изысканий?,17,0.6812,0.74,0.0,0.71,Приложение 5. Перечень программного обеспечения отдела
59,Чем занимается полевая партия отдела инженерных изысканий?,18,0.221,0.74,0.0,0.0,Приложение 5. Перечень программного обеспечения отдела
59,Чем занимается полевая партия отдела инженерных изысканий?,19,0.2205,0.73,0.0,0.0,ПОЛОЖЕНИЕ о договорном отделе «ПЛ-05»
59,Чем занимается полевая партия отдела инженерных изысканий?,20,0.6872,0.73,0.0,0.72,ПОЛОЖЕНИЕ Об уполномоченном по интегрированной системе менеджмента в отделе инженерных изысканий «ПЛ-08-УИСМ»
59,Чем занимается полевая партия отдела инженерных изысканий?,21,0.6767,0.73,0.0,0.7,Приложение 1. Структура отдела.
59,Чем занимается полевая партия отдела инженерных изысканий?,22,0.686,0.73,0.0,0.72,6 Ответственность
59,Чем занимается полевая партия отдела инженерных изысканий?,23,0.6785,0.73,0.0,0.71,1 Общие положения
59,Чем занимается полевая партия отдела инженерных изысканий?,24,0.2185,0.73,0.0,0.0,Приложение 3. Перечень документированной информации информационно-технического отдела.
59,Чем занимается полевая партия отдела инженерных изысканий?,25,0.6754,0.73,0.0,0.7,6 Полевой контроль и приемка полевых работ
59,Чем занимается полевая партия отдела инженерных изысканий?,26,0.2184,0.73,0.0,0.0,Приложение 4. Перечень документированной информации отдела
59,Чем занимается полевая партия отдела инженерных изысканий?,27,0.6813,0.73,0.0,0.71,Приложение Б. Информационный лист проекта
59,Чем занимается полевая партия отдела инженерных изысканий?,28,0.2176,0.73,0.0,0.0,Приложение Б. Информационный лист проекта
59,Чем занимается полевая партия отдела инженерных изысканий?,29,0.2168,0.72,0.0,0.0,9 Окончание работ. Отчет о командировке
59,Чем занимается полевая партия отдела инженерных изысканий?,30,0.2158,0.72,0.0,0.0,Приложение 3. Перечень программного обеспечения
59,Чем занимается полевая партия отдела инженерных изысканий?,31,0.2158,0.72,0.0,0.0,Приложение 1. Структура Группы
59,Чем занимается полевая партия отдела инженерных изысканий?,32,0.2155,0.72,0.0,0.0,ПОЛОЖЕНИЕ тельства скважин
59,Чем занимается полевая партия отдела инженерных изысканий?,33,0.2149,0.72,0.0,0.0,6 ОТВЕТСТВЕННОСТЬ
59,Чем занимается полевая партия отдела инженерных изысканий?,34,0.2145,0.71,0.0,0.0,Приложение А. Стадии и этапы выполнения работ
59,Чем занимается полевая партия отдела инженерных изысканий?,35,0.6765,0.71,0.0,0.71,Приложение 4 Перечень специализированного программного обеспечения отдела
59,Чем занимается полевая партия отдела инженерных изысканий?,36,0.214,0.71,0.0,0.0,Главный маркшейдер - начальник отдела инженерных изысканий МГС соответственно обеспечивает:
59,Чем занимается полевая партия отдела инженерных изысканий?,37,0.214,0.71,0.0,0.0,ПОЛОЖЕНИЕ об уполномоченном по интегрированной системе менеджмента в отделе геологии «ПЛ-07-УИСМ»
59,Чем занимается полевая партия отдела инженерных изысканий?,38,0.214,0.71,0.0,0.0,6 Предпроектная проработка
59,Чем занимается полевая партия отдела инженерных изысканий?,39,0.2139,0.71,0.0,0.0,"ПОЛОЖЕНИЕ По организации внутреннего контроля качества и приемки топографо-геодезических, картографических и проектно-изыскательских работ «ПЛ-08-ОВКК»"
59,Чем занимается полевая партия отдела инженерных изысканий?,40,0.2139,0.71,0.0,0.0,Приложение 2. Перечень регламентированных процессов информационно-технического отдела.
59,Чем занимается полевая партия отдела инженерных изысканий?,41,0.5441,0.0,0.0,0.84,1 Общие положения
59,Чем занимается полевая партия отдела инженерных изысканий?,42,0.5162,0.0,0.0,0.79,2 Структура
59,Чем занимается полевая партия отдела инженерных изысканий?,43,0.5017,0.0,0.0,0.77,5 Права
59,Чем занимается полевая партия отдела инженерных изысканий?,44,0.4863,0.0,0.0,0.75,1 Общие положения
59,Чем занимается полевая партия отдела инженерных изысканий?,45,0.4833,0.0,0.0,0.74,6 Ответственность
59,Чем занимается полевая партия отдела инженерных изысканий?,46,0.4773,0.0,0.0,0.73,3 Задачи
59,Чем занимается полевая партия отдела инженерных изысканий?,47,0.4739,0.0,0.0,0.73,С отделом бурения Общества
59,Чем занимается полевая партия отдела инженерных изысканий?,48,0.4715,0.0,0.0,0.73,СОГЛАСОВАНО:
59,Чем занимается полевая партия отдела инженерных изысканий?,49,0.4674,0.0,0.0,0.72,Приложение 4. Перечень программного обеспечения отдела
59,Чем занимается полевая партия отдела инженерных изысканий?,50,0.4671,0.0,0.0,0.72,ПЛ-08-УИСМ
59,Чем занимается полевая партия отдела инженерных изысканий?,51,0.465,0.0,0.0,0.72,С отделом проектирования разработки нефтяных и газовых месторождений Общества:
59,Чем занимается полевая партия отдела инженерных изысканий?,52,0.4643,0.0,0.0,0.71,4 Функции
59,Чем занимается полевая партия отдела инженерных изысканий?,53,0.4634,0.0,0.0,0.71,1 Общие положения
59,Чем занимается полевая партия отдела инженерных изысканий?,54,0.4629,0.0,0.0,0.71,1 Общие положения
59,Чем занимается полевая партия отдела инженерных изысканий?,55,0.4625,0.0,0.0,0.71,ПЛ-12 -ГООС
59,Чем занимается полевая партия отдела инженерных изысканий?,56,0.4619,0.0,0.0,0.71,1 Общие положения
59,Чем занимается полевая партия отдела инженерных изысканий?,57,0.4601,0.0,0.0,0.71,4 Функции
59,Чем занимается полевая партия отдела инженерных изысканий?,58,0.4595,0.0,0.0,0.71,Приложение 2. Перечень внутренней документации ИСМ отдела
59,Чем занимается полевая партия отдела инженерных изысканий?,59,0.459,0.0,0.0,0.71,4 Функции
59,Чем занимается полевая партия отдела инженерных изысканий?,60,0.4584,0.0,0.0,0.71,ПР-6.1.2-ИЭА
59,Чем занимается полевая партия отдела инженерных изысканий?,61,0.4583,0.0,0.0,0.71,ПЛ-12
59,Чем занимается полевая партия отдела инженерных изысканий?,62,0.4559,0.0,0.0,0.7,1 Общие положения
59,Чем занимается полевая партия отдела инженерных изысканий?,63,0.4554,0.0,0.0,0.7,4 Функции
60,Какие функции у учетно-финансового отдела?,1,0.7877,0.78,0.51,0.81,Приложение 2. Перечень внутренней документации ИСМ отдела
60,Какие функции у учетно-финансового отдела?,2,0.7694,0.78,0.52,0.78,Приложение 4. График документооборота АО «ВолгоградНИПИнефть»
60,Какие функции у учетно-финансового отдела?,3,0.7234,0.77,0.0,0.76,Финансово-учетная документация:
60,Какие функции у учетно-финансового отдела?,4,0.788,0.76,0.5,0.82,ПОЛОЖЕНИЕ Об учетно-финансовом отделе «ПЛ-13»
60,Какие функции у учетно-финансового отдела?,5,0.7134,0.75,0.0,0.75,3 Задачи
60,Какие функции у учетно-финансового отдела?,6,0.7118,0.74,0.0,0.75,4 Функции
60,Какие функции у учетно-финансового отдела?,7,0.7068,0.74,0.0,0.75,Приложение 3. Кадровая документация отдела
60,Какие функции у учетно-финансового отдела?,8,0.2214,0.74,0.0,0.0,Приложение 1. Структура отдела
60,Какие функции у учетно-финансового отдела?,9,0.2214,0.74,0.0,0.0,Приложение 1. Структура отдела
60,Какие функции у учетно-финансового отдела?,10,0.7349,0.74,0.0,0.79,Приложение 1. Структура отдела
60,Какие функции у учетно-финансового отдела?,11,0.2214,0.74,0.0,0.0,Приложение 1. Структура отдела
60,Какие функции у учетно-финансового отдела?,12,0.7805,0.74,0.5,0.82,ПЛ-13
60,Какие функции у учетно-финансового отдела?,13,0.709,0.74,0.0,0.75,2 Структура
60,Какие функции у учетно-финансового отдела?,14,0.2208,0.74,0.0,0.0,1 Назначение
60,Какие функции у учетно-финансового отдела?,15,0.2199,0.73,0.0,0.0,Приложение 2. Перечень внутренней документации договорного отдела
60,Какие функции у учетно-финансового отдела?,16,0.7399,0.73,0.51,0.76,Приложение 4. График документооборота АО «ВолгоградНИПИнефть»
60,Какие функции у учетно-финансового отдела?,17,0.2193,0.73,0.0,0.0,Отдел несет ответственность за:
60,Какие функции у учетно-финансового отдела?,18,0.2193,0.73,0.0,0.0,Отдел несет ответственность за:
60,Какие функции у учетно-финансового отдела?,19,0.219,0.73,0.0,0.0,4 Определения и сокращения
60,Какие функции у учетно-финансового отдела?,20,0.7072,0.73,0.0,0.75,Приложение 1. Структура отдела.
60,Какие функции у учетно-финансового отдела?,21,0.2184,0.73,0.0,0.0,1 Назначение
60,Какие функции у учетно-финансового отдела?,22,0.2177,0.73,0.0,0.0,Приложение 5. Перечень программного обеспечения отдела
60,Какие функции у учетно-финансового отдела?,23,0.2177,0.73,0.0,0.0,Приложение 5. Перечень программного обеспечения отдела
60,Какие функции у учетно-финансового отдела?,24,0.2175,0.72,0.0,0.0,1 Назначение
60,Какие функции у учетно-финансового отдела?,25,0.2173,0.72,0.0,0.0,Приложение 3. Перечень регламентированных бизнес-процессов отдела
60,Какие функции у учетно-финансового отдела?,26,0.7029,0.72,0.0,0.75,Приложение 3. Перечень программного обеспечения отдела
60,Какие функции у учетно-финансового отдела?,27,0.2171,0.72,0.0,0.0,4 Функции
60,Какие функции у учетно-финансового отдела?,28,0.7069,0.72,0.0,0.75,8 Список приложений
60,Какие функции у учетно-финансового отдела?,29,0.217,0.72,0.0,0.0,Приложение 4. Перечень внутренней документации ИСМ отдела
60,Какие функции у учетно-финансового отдела?,30,0.217,0.72,0.0,0.0,8 Управление исходящей документацией
60,Какие функции у учетно-финансового отдела?,31,0.2168,0.72,0.0,0.0,Отдел несет ответственность за:
60,Какие функции у учетно-финансового отдела?,32,0.7036,0.72,0.0,0.75,Приложение 6. Формы журналов отдела
60,Какие функции у учетно-финансового отдела?,33,0.2164,0.72,0.0,0.0,8 Контроль и приемка камеральных работ
60,Какие функции у учетно-финансового отдела?,34,0.2162,0.72,0.0,0.0,7 Список приложений
60,Какие функции у учетно-финансового отдела?,35,0.2153,0.72,0.0,0.0,"4 Термины, обозначения, сокращения"
60,Какие функции у учетно-финансового отдела?,36,0.2423,0.72,0.54,0.0,2 Определения и сокращения
60,Какие функции у учетно-финансового отдела?,37,0.2149,0.72,0.0,0.0,3 Нормативные ссылки
60,Какие функции у учетно-финансового отдела?,38,0.2149,0.72,0.0,0.0,Определения и сокращения
60,Какие функции у учетно-финансового отдела?,39,0.2148,0.72,0.0,0.0,Приложение 2. Перечень внутренней документации ИСМ отдела
60,Какие функции у учетно-финансового отдела?,40,0.2145,0.71,0.0,0.0,Отдел имеет право:
60,Какие функции у учетно-финансового отдела?,41,0.5086,0.0,0.51,0.74,"Приложение 7. Выпуск продукции на 20__ г. на основании заключенных договоров, с НДС."
60,Какие функции у учетно-финансового отдела?,42,0.0255,0.0,0.51,0.0,Приложение 2 Перечень внутренней документации ИСМ отдела
60,Какие функции у учетно-финансового отдела?,43,0.0253,0.0,0.51,0.0,"4 Термины, обозначения"
60,Какие функции у учетно-финансового отдела?,44,0.0252,0.0,0.5,0.0,12 Перечень нормативных документов по контролю качества выпускаемой продукции
60,Какие функции у учетно-финансового отдела?,45,0.0252,0.0,0.5,0.0,3 Метрологическое обеспечение
60,Какие функции у учетно-финансового отдела?,46,0.0252,0.0,0.5,0.0,"ПОЛОЖЕНИЕ По организации внутреннего контроля качества и приемки топографо-геодезических, картографических и проектно-изыскательских работ «ПЛ-08-ОВКК»"
60,Какие функции у учетно-финансового отдела?,47,0.0251,0.0,0.5,0.0,"10 Функциональные обязанности должностных лиц по контролю качества геодезических, инженерно-изыскательских и картографических работ"
60,Какие функции у учетно-финансового отдела?,48,0.0251,0.0,0.5,0.0,ПЛ-08-ОВКК
60,Какие функции у учетно-финансового отдела?,49,0.0251,0.0,0.5,0.0,При этом проверяются:
60,Какие функции у учетно-финансового отдела?,50,0.0251,0.0,0.5,0.0,1 Общие положения. Контроль качества приемки работ
60,Какие функции у учетно-финансового отдела?,51,0.5369,0.0,0.0,0.83,1 Общие положения
60,Какие функции у учетно-финансового отдела?,52,0.5362,0.0,0.0,0.82,4 Функции
60,Какие функции у учетно-финансового отдела?,53,0.5358,0.0,0.0,0.82,4 Функции
60,Какие функции у учетно-финансового отдела?,54,0.5336,0.0,0.0,0.82,3 Задачи
60,Какие функции у учетно-финансового отдела?,55,0.5319,0.0,0.0,0.82,4 Функции
60,Какие функции у учетно-финансового отдела?,56,0.518,0.0,0.0,0.8,4 Функции
60,Какие функции у учетно-финансового отдела?,57,0.5049,0.0,0.0,0.78,4 Функции
60,Какие функции у учетно-финансового отдела?,58,0.503,0.0,0.0,0.77,2 Структура
60,Какие функции у учетно-финансового отдела?,59,0.5026,0.0,0.0,0.77,4 Функции
60,Какие функции у учетно-финансового отдела?,60,0.4967,0.0,0.0,0.76,ПОЛОЖЕНИЕ Об оплате и стимулировании труда персонала «ПЛ-13-ОСТП»
60,Какие функции у учетно-финансового отдела?,61,0.4967,0.0,0.0,0.76,ПЛ-13-ОСТП
60,Какие функции у учетно-финансового отдела?,62,0.4967,0.0,0.0,0.76,5 Права
60,Какие функции у учетно-финансового отдела?,63,0.494,0.0,0.0,0.76,3 Задачи
60,Какие функции у учетно-финансового отдела?,64,0.4911,0.0,0.0,0.76,АО «ВолгоградНИПИнефть»
60,Какие функции у учетно-финансового отдела?,65,0.4892,0.0,0.0,0.75,3 Задачи
60,Какие функции у учетно-финансового отдела?,66,0.487,0.0,0.0,0.75,Организация договорной работы
60,Какие функции у учетно-финансового отдела?,67,0.4868,0.0,0.0,0.75,6 Ответственность
60,Какие функции у учетно-финансового отдела?,68,0.4867,0.0,0.0,0.75,3 Задачи
60,Какие функции у учетно-финансового отдела?,69,0.4863,0.0,0.0,0.75,3 Задачи
60,Какие функции у учетно-финансового отдела?,70,0.4857,0.0,0.0,0.75,2 Структура
60,Какие функции у учетно-финансового отдела?,71,0.4856,0.0,0.0,0.75,6 Ответственность
60,Какие функции у учетно-финансового отдела?,72,0.4843,0.0,0.0,0.75,РИ-13-РД
60,Какие функции у учетно-финансового отдела?,73,0.4843,0.0,0.0,0.75,РАБОЧАЯ ИНСТРУКЦИЯ Организация работ по расходным договорам «РИ-13-РД»
60,Какие функции у учетно-финансового отдела?,74,0.4832,0.0,0.0,0.74,3 Задачи
61,Какие есть стадии выполнения проектных работ?,1,0.7468,0.82,0.0,0.77,6 Предпроектная проработка
61,Какие есть стадии выполнения проектных работ?,2,0.2419,0.81,0.0,0.0,"7 Выполнение работ, оказание услуг"
61,Какие есть стадии выполнения проектных работ?,3,0.7483,0.8,0.0,0.78,7 Стадия проектирования
61,Какие есть стадии выполнения проектных работ?,4,0.7442,0.8,0.0,0.77,7 Стадия проектирования
61,Какие есть стадии выполнения проектных работ?,5,0.7265,0.8,0.0,0.75,Организация договорной работы
61,Какие есть стадии выполнения проектных работ?,6,0.7255,0.8,0.0,0.75,Организация договорной работы
61,Какие есть стадии выполнения проектных работ?,7,0.2408,0.8,0.0,0.0,Организация договорной работы
61,Какие есть стадии выполнения проектных работ?,8,0.7319,0.8,0.0,0.76,Приложение А. Стадии и этапы выполнения работ
61,Какие есть стадии выполнения проектных работ?,9,0.2377,0.79,0.0,0.0,8 Стадия оформления работы
61,Какие есть стадии выполнения проектных работ?,10,0.7275,0.79,0.0,0.76,3 Задачи
61,Какие есть стадии выполнения проектных работ?,11,0.7309,0.79,0.0,0.76,3 Задачи
61,Какие есть стадии выполнения проектных работ?,12,0.2364,0.79,0.0,0.0,3 Задачи
61,Какие есть стадии выполнения проектных работ?,13,0.2364,0.79,0.0,0.0,3 Задачи
61,Какие есть стадии выполнения проектных работ?,14,0.2364,0.79,0.0,0.0,3 Задачи
61,Какие есть стадии выполнения проектных работ?,15,0.7358,0.79,0.0,0.77,3 Задачи
61,Какие есть стадии выполнения проектных работ?,16,0.7389,0.79,0.0,0.77,3 Задачи
61,Какие есть стадии выполнения проектных работ?,17,0.2364,0.79,0.0,0.0,3 Задачи
61,Какие есть стадии выполнения проектных работ?,18,0.2354,0.78,0.0,0.0,Рабочее время и его использование
61,Какие есть стадии выполнения проектных работ?,19,0.7248,0.78,0.0,0.75,6 Организация договорной работы
61,Какие есть стадии выполнения проектных работ?,20,0.7455,0.78,0.0,0.79,5 Стадии выполнения работ
61,Какие есть стадии выполнения проектных работ?,21,0.2334,0.78,0.0,0.0,9 Окончание работ. Отчет о командировке
61,Какие есть стадии выполнения проектных работ?,22,0.2333,0.78,0.0,0.0,ИНСТРУКЦИЯ Стадии выполнения работ «ИН-01-СВР»
61,Какие есть стадии выполнения проектных работ?,23,0.2318,0.77,0.0,0.0,Приложение Б. Информационный лист проекта
61,Какие есть стадии выполнения проектных работ?,24,0.7283,0.77,0.0,0.76,4 Функции
61,Какие есть стадии выполнения проектных работ?,25,0.7283,0.77,0.0,0.76,3 Правила работы с каталогами текущих проектов:
61,Какие есть стадии выполнения проектных работ?,26,0.2314,0.77,0.0,0.0,Порядок работы
61,Какие есть стадии выполнения проектных работ?,27,0.7235,0.77,0.0,0.76,4 Термины и сокращения
61,Какие есть стадии выполнения проектных работ?,28,0.7295,0.77,0.0,0.77,3 Задачи
61,Какие есть стадии выполнения проектных работ?,29,0.7168,0.77,0.0,0.75,Со структурными подразделениями Общества
61,Какие есть стадии выполнения проектных работ?,30,0.7215,0.77,0.0,0.76,Приложение Б Шаблон информационного листа проекта.
61,Какие есть стадии выполнения проектных работ?,31,0.7292,0.77,0.0,0.77,С отделом проектирования разработки нефтяных и газовых месторождений Общества:
61,Какие есть стадии выполнения проектных работ?,32,0.2294,0.76,0.0,0.0,2 При использовании программных средств для разработки проектной и рабочей документации объем проверок может быть сокращен.
61,Какие есть стадии выполнения проектных работ?,33,0.7542,0.76,0.56,0.77,4 Функции
61,Какие есть стадии выполнения проектных работ?,34,0.2288,0.76,0.0,0.0,8 Контроль и приемка камеральных работ
61,Какие есть стадии выполнения проектных работ?,35,0.2285,0.76,0.0,0.0,9 Обязательства работника
61,Какие есть стадии выполнения проектных работ?,36,0.258,0.76,0.59,0.0,7 Организация и стадии выполнения проектных работ
61,Какие есть стадии выполнения проектных работ?,37,0.228,0.76,0.0,0.0,7 Приемка материалов по окончании полевых работ
61,Какие есть стадии выполнения проектных работ?,38,0.2279,0.76,0.0,0.0,"8 Верификация поставленной продукции, работ (услуг)"
61,Какие есть стадии выполнения проектных работ?,39,0.2279,0.76,0.0,0.0,6 Полевой контроль и приемка полевых работ
61,Какие есть стадии выполнения проектных работ?,40,0.723,0.76,0.0,0.76,1 Назначение
61,Какие есть стадии выполнения проектных работ?,41,0.0357,0.0,0.71,0.0,5 Идентификация всех возможных экологических аспектов
61,Какие есть стадии выполнения проектных работ?,42,0.0343,0.0,0.69,0.0,3 Нормативные ссылки
61,Какие есть стадии выполнения проектных работ?,43,0.0321,0.0,0.64,0.0,"Приложение 7. Выпуск продукции на 20__ г. на основании заключенных договоров, с НДС."
61,Какие есть стадии выполнения проектных работ?,44,0.0319,0.0,0.64,0.0,"2 ОСНОВНЫЕ ОБЯЗАННОСТИ, ПРИНЦИПЫ И ПРАВИЛА СЛУЖЕБНОГО ПОВЕДЕНИЯ РАБОТНИКОВ"
61,Какие есть стадии выполнения проектных работ?,45,0.0313,0.0,0.63,0.0,Приложение 2 Перечень внутренней документации ИСМ отдела
61,Какие есть стадии выполнения проектных работ?,46,0.0309,0.0,0.62,0.0,Приложение 2. Перечень внутренней документации договорного отдела
61,Какие есть стадии выполнения проектных работ?,47,0.0308,0.0,0.62,0.0,3 Общие положения
61,Какие есть стадии выполнения проектных работ?,48,0.0306,0.0,0.61,0.0,7 Последовательность формирования реестров экологических аспектов
61,Какие есть стадии выполнения проектных работ?,49,0.0303,0.0,0.61,0.0,"4 Термины, обозначения"
61,Какие есть стадии выполнения проектных работ?,50,0.0298,0.0,0.6,0.0,6 Премирование
61,Какие есть стадии выполнения проектных работ?,51,0.0291,0.0,0.58,0.0,Приложение В
61,Какие есть стадии выполнения проектных работ?,52,0.029,0.0,0.58,0.0,"8 Иные положения, связанные с организацией труда дистанционных работников"
61,Какие есть стадии выполнения проектных работ?,53,0.0284,0.0,0.57,0.0,8 Начисление и выплата заработной платы
61,Какие есть стадии выполнения проектных работ?,54,0.0284,0.0,0.57,0.0,3 Порядок работы по РД представлен в таблице:
61,Какие есть стадии выполнения проектных работ?,55,0.028,0.0,0.56,0.0,3 Нормативные ссылки
61,Какие есть стадии выполнения проектных работ?,56,0.0278,0.0,0.56,0.0,12 Перечень нормативных документов по контролю качества выпускаемой продукции
61,Какие есть стадии выполнения проектных работ?,57,0.0276,0.0,0.55,0.0,2 Нормативные ссылки
61,Какие есть стадии выполнения проектных работ?,58,0.0276,0.0,0.55,0.0,3 Метрологическое обеспечение
61,Какие есть стадии выполнения проектных работ?,59,0.0272,0.0,0.54,0.0,1 Назначение
61,Какие есть стадии выполнения проектных работ?,60,0.0272,0.0,0.54,0.0,Определения и сокращения
61,Какие есть стадии выполнения проектных работ?,61,0.0267,0.0,0.53,0.0,Приложение 2. Перечень внутренней документации
61,Какие есть стадии выполнения проектных работ?,62,0.5096,0.0,0.53,0.74,Он обязан:
61,Какие есть стадии выполнения проектных работ?,63,0.0262,0.0,0.52,0.0,Исполнитель обязан:
61,Какие есть стадии выполнения проектных работ?,64,0.0259,0.0,0.52,0.0,7 Материальная помощь
61,Какие есть стадии выполнения проектных работ?,65,0.0256,0.0,0.51,0.0,5 Должностной оклад и доплаты
61,Какие есть стадии выполнения проектных работ?,66,0.0256,0.0,0.51,0.0,Техническая информация
61,Какие есть стадии выполнения проектных работ?,67,0.5009,0.0,0.0,0.77,2 Область применения
61,Какие есть стадии выполнения проектных работ?,68,0.4991,0.0,0.0,0.77,3 ОСНОВНЫЕ ФУНКЦИИ МАРКШЕЙДЕРСКО-ГЕОДЕЗИЧЕСКОЙ СЛУЖБЫ
61,Какие есть стадии выполнения проектных работ?,69,0.4967,0.0,0.0,0.76,Приложение 3. Перечень регламентированных бизнес-процессов отдела
61,Какие есть стадии выполнения проектных работ?,70,0.4952,0.0,0.0,0.76,4 Функции
61,Какие есть стадии выполнения проектных работ?,71,0.4942,0.0,0.0,0.76,4 Функции
61,Какие есть стадии выполнения проектных работ?,72,0.491,0.0,0.0,0.76,С производственными службами Заказчика по строительству и обустройству месторождений:
61,Какие есть стадии выполнения проектных работ?,73,0.4896,0.0,0.0,0.75,При этом проверяются:
61,Какие есть стадии выполнения проектных работ?,74,0.4868,0.0,0.0,0.75,3 ОСНОВНЫЕ ФУНКЦИИ МАРКШЕЙДЕРСКО-ГЕОДЕЗИЧЕСКОЙ СЛУЖБЫ
61,Какие есть стадии выполнения проектных работ?,75,0.4853,0.0,0.0,0.75,Приложение Б. Информационный лист проекта
61,Какие есть стадии выполнения проектных работ?,76,0.484,0.0,0.0,0.74,"10 Функциональные обязанности должностных лиц по контролю качества геодезических, инженерно-изыскательских и картографических работ"
61,Какие есть стадии выполнения проектных работ?,77,0.4839,0.0,0.0,0.74,10 Завершающая стадия
61,Какие есть стадии выполнения проектных работ?,78,0.4838,0.0,0.0,0.74,5 Порядок проведения нормоконтроля
61,Какие есть стадии выполнения проектных работ?,79,0.4827,0.0,0.0,0.74,ПЛ-01-НК
61,Какие есть стадии выполнения проектных работ?,80,0.4827,0.0,0.0,0.74,ПОЛОЖЕНИЕ О нормоконтроле проектно-сметной и отчетной документации «ПЛ-01-НК»
61,Какие есть стадии выполнения проектных работ?,81,0.4825,0.0,0.0,0.74,2 ГЛАВНЫЕ ЗАДАЧИ МАРКШЕЙДЕРСКО-ГЕОДЕЗИЧЕСКОЙ СЛУЖБЫ
61,Какие есть стадии выполнения проектных работ?,82,0.4821,0.0,0.0,0.74,"11 Требования, предъявляемые к субподрядным организациям."
61,Какие есть стадии выполнения проектных работ?,83,0.4818,0.0,0.0,0.74,5 Контроль подготовки к работам
61,Какие есть стадии выполнения проектных работ?,84,0.4816,0.0,0.0,0.74,1 Общие положения. Контроль качества приемки работ
62,Как транспортировать отходы IV класса опасности,1,0.7329,0.8,0.0,0.76,10 Безопасное обращение с отходами
62,Как транспортировать отходы IV класса опасности,2,0.7673,0.8,0.0,0.81,8 Требования к транспортированию отходов
62,Как транспортировать отходы IV класса опасности,3,0.7262,0.79,0.0,0.75,7 Порядок учета отходов
62,Как транспортировать отходы IV класса опасности,4,0.7716,0.78,0.0,0.83,9 Требования к передаче отходов сторонним специализированным организациям
62,Как транспортировать отходы IV класса опасности,5,0.7305,0.78,0.0,0.76,6 Порядок накопления отходов
62,Как транспортировать отходы IV класса опасности,6,0.7689,0.78,0.0,0.82,6 Порядок накопления отходов
62,Как транспортировать отходы IV класса опасности,7,0.7215,0.78,0.0,0.75,3 Нормативные ссылки
62,Как транспортировать отходы IV класса опасности,8,0.2298,0.77,0.0,0.0,Приложение 4. Перечень документированной информации отдела
62,Как транспортировать отходы IV класса опасности,9,0.2288,0.76,0.0,0.0,"4 Термины, обозначения, сокращения"
62,Как транспортировать отходы IV класса опасности,10,0.6959,0.76,0.0,0.72,Приложение 4. Перечень рабочих инструкций
62,Как транспортировать отходы IV класса опасности,11,0.6772,0.76,0.0,0.69,Приложение 3. Перечень программного обеспечения
62,Как транспортировать отходы IV класса опасности,12,0.2266,0.76,0.0,0.0,4 Общие требования
62,Как транспортировать отходы IV класса опасности,13,0.2259,0.75,0.0,0.0,Приложение 4. Перечень регламентированных процессов
62,Как транспортировать отходы IV класса опасности,14,0.7141,0.75,0.0,0.75,1 Назначение
62,Как транспортировать отходы IV класса опасности,15,0.2247,0.75,0.0,0.0,Приложение 4 Перечень специализированного программного обеспечения отдела
62,Как транспортировать отходы IV класса опасности,16,0.7125,0.75,0.0,0.75,Инструкция о порядке обращения с отходами производства и потребления АО «ВолгоградНИПИнефть» «ИН-01-ПОО»
62,Как транспортировать отходы IV класса опасности,17,0.2233,0.74,0.0,0.0,4 Права доступа к каталогам
62,Как транспортировать отходы IV класса опасности,18,0.7101,0.74,0.0,0.75,ИН-01-ПОО
62,Как транспортировать отходы IV класса опасности,19,0.6827,0.74,0.0,0.71,Итоговый реестр существенных экологических аспектов
62,Как транспортировать отходы IV класса опасности,20,0.673,0.73,0.0,0.7,7 Реестр рисков
62,Как транспортировать отходы IV класса опасности,21,0.2203,0.73,0.0,0.0,7 Реестр рисков
62,Как транспортировать отходы IV класса опасности,22,0.2203,0.73,0.0,0.0,7 Реестр рисков
62,Как транспортировать отходы IV класса опасности,23,0.6844,0.73,0.0,0.72,Приложение 4. Перечень программного обеспечения отдела
62,Как транспортировать отходы IV класса опасности,24,0.218,0.73,0.0,0.0,"Приложение 4 Образец оформления документа, содержащего более одной страницы."
62,Как транспортировать отходы IV класса опасности,25,0.218,0.73,0.0,0.0,4 Функции
62,Как транспортировать отходы IV класса опасности,26,0.218,0.73,0.0,0.0,4 Функции
62,Как транспортировать отходы IV класса опасности,27,0.2178,0.73,0.0,0.0,4 Порядок предоставления корпоративной мобильной связи
62,Как транспортировать отходы IV класса опасности,28,0.2176,0.73,0.0,0.0,Процедура Идентификация экологических аспектов ПР-6.1.2-ИЭА
62,Как транспортировать отходы IV класса опасности,29,0.2171,0.72,0.0,0.0,Приложение А. Стадии и этапы выполнения работ
62,Как транспортировать отходы IV класса опасности,30,0.2168,0.72,0.0,0.0,12 Перечень нормативных документов по контролю качества выпускаемой продукции
62,Как транспортировать отходы IV класса опасности,31,0.6722,0.72,0.0,0.7,6 Определение существенного воздействия экологических аспектов на ОС
62,Как транспортировать отходы IV класса опасности,32,0.6691,0.72,0.0,0.7,3 Нормативные ссылки
62,Как транспортировать отходы IV класса опасности,33,0.2164,0.72,0.0,0.0,4 Права
62,Как транспортировать отходы IV класса опасности,34,0.6828,0.72,0.0,0.72,О группе охраны окружающей среды отдела бурения и «ПЛ-12-ГООС»
62,Как транспортировать отходы IV класса опасности,35,0.6862,0.72,0.0,0.72,1 Назначение
62,Как транспортировать отходы IV класса опасности,36,0.6692,0.72,0.0,0.7,Сводный реестр экологических аспектов
62,Как транспортировать отходы IV класса опасности,37,0.2154,0.72,0.0,0.0,4 Термины и сокращения
62,Как транспортировать отходы IV класса опасности,38,0.6833,0.72,0.0,0.72,5 Идентификация всех возможных экологических аспектов
62,Как транспортировать отходы IV класса опасности,39,0.2147,0.72,0.0,0.0,4 Функции
62,Как транспортировать отходы IV класса опасности,40,0.2147,0.72,0.0,0.0,4 Функции
62,Как транспортировать отходы IV класса опасности,41,0.5144,0.0,0.0,0.79,5 Основные положения
62,Как транспортировать отходы IV класса опасности,42,0.4856,0.0,0.0,0.75,11 Контроль
62,Как транспортировать отходы IV класса опасности,43,0.471,0.0,0.0,0.72,12 Ответственность
62,Как транспортировать отходы IV класса опасности,44,0.4685,0.0,0.0,0.72,1 Общие положения
62,Как транспортировать отходы IV класса опасности,45,0.4666,0.0,0.0,0.72,5 Идентификация всех возможных экологических аспектов
62,Как транспортировать отходы IV класса опасности,46,0.4665,0.0,0.0,0.72,ПЛ-12 -ГООС
62,Как транспортировать отходы IV класса опасности,47,0.4571,0.0,0.0,0.7,6 Идентификация и оценка рисков
62,Как транспортировать отходы IV класса опасности,48,0.4564,0.0,0.0,0.7,Приложение Б
62,Как транспортировать отходы IV класса опасности,49,0.4562,0.0,0.0,0.7,7 Последовательность формирования реестров экологических аспектов
62,Как транспортировать отходы IV класса опасности,50,0.4559,0.0,0.0,0.7,Приложение 1. Структура Группы
62,Как транспортировать отходы IV класса опасности,51,0.4549,0.0,0.0,0.7,Положения:
62,Как транспортировать отходы IV класса опасности,52,0.4538,0.0,0.0,0.7,3 ОСНОВНЫЕ ФУНКЦИИ МАРКШЕЙДЕРСКО-ГЕОДЕЗИЧЕСКОЙ СЛУЖБЫ
62,Как транспортировать отходы IV класса опасности,53,0.4538,0.0,0.0,0.7,3 Задачи
62,Как транспортировать отходы IV класса опасности,54,0.4529,0.0,0.0,0.7,"8 Мониторинг, измерения, анализ и оценивание"
62,Как транспортировать отходы IV класса опасности,55,0.4527,0.0,0.0,0.7,СОГЛАСОВАНО:
62,Как транспортировать отходы IV класса опасности,56,0.4523,0.0,0.0,0.7,10 Завершающая стадия
62,Как транспортировать отходы IV класса опасности,57,0.4502,0.0,0.0,0.69,F:\\\\ !Шаблоны документов\\\\Бланки регистрации
62,Как транспортировать отходы IV класса опасности,58,0.4501,0.0,0.0,0.69,Приложение В
62,Как транспортировать отходы IV класса опасности,59,0.4501,0.0,0.0,0.69,СОГЛАСОВАНО:
63,Что входит в процесс управления рисками?,1,0.7733,0.83,0.0,0.81,"4 Термины, обозначения, сокращения"
63,Что входит в процесс управления рисками?,2,0.7792,0.79,0.0,0.83,Приложение А
63,Что входит в процесс управления рисками?,3,0.754,0.79,0.0,0.8,6 Идентификация и оценка рисков
63,Что входит в процесс управления рисками?,4,0.732,0.78,0.0,0.77,Методы идентификации рисков
63,Что входит в процесс управления рисками?,5,0.7456,0.76,0.0,0.79,1 Назначение
63,Что входит в процесс управления рисками?,6,0.7479,0.76,0.0,0.8,ИНСТРУКЦИЯ Управление рисками «ИН-01-УР»
63,Что входит в процесс управления рисками?,7,0.7243,0.76,0.0,0.77,7 Реестр рисков
63,Что входит в процесс управления рисками?,8,0.7375,0.76,0.0,0.79,7 Реестр рисков
63,Что входит в процесс управления рисками?,9,0.7436,0.76,0.0,0.8,7 Реестр рисков
63,Что входит в процесс управления рисками?,10,0.7159,0.75,0.0,0.75,СОГЛАСОВАНО:
63,Что входит в процесс управления рисками?,11,0.2248,0.75,0.0,0.0,"4 Термины, обозначения, сокращения"
63,Что входит в процесс управления рисками?,12,0.7439,0.75,0.0,0.8,ИН-01-УР
63,Что входит в процесс управления рисками?,13,0.2232,0.74,0.0,0.0,8 Контроль и приемка камеральных работ
63,Что входит в процесс управления рисками?,14,0.2224,0.74,0.0,0.0,8 Управление исходящей документацией
63,Что входит в процесс управления рисками?,15,0.7046,0.74,0.0,0.74,3 Нормативные ссылки
63,Что входит в процесс управления рисками?,16,0.2217,0.74,0.0,0.0,5 Контроль подготовки к работам
63,Что входит в процесс управления рисками?,17,0.7026,0.74,0.0,0.74,3 Нормативные ссылки
63,Что входит в процесс управления рисками?,18,0.2203,0.73,0.0,0.0,"4 Термины, обозначения, сокращения"
63,Что входит в процесс управления рисками?,19,0.7433,0.73,0.0,0.8,7 Реестр рисков
63,Что входит в процесс управления рисками?,20,0.2198,0.73,0.0,0.0,1 Общие положения
63,Что входит в процесс управления рисками?,21,0.2194,0.73,0.0,0.0,4 Термины и сокращения
63,Что входит в процесс управления рисками?,22,0.2193,0.73,0.0,0.0,3 Нормативные ссылки
63,Что входит в процесс управления рисками?,23,0.2189,0.73,0.0,0.0,"8 Мониторинг, измерения, анализ и оценивание"
63,Что входит в процесс управления рисками?,24,0.7031,0.73,0.0,0.75,3 Нормативные ссылки
63,Что входит в процесс управления рисками?,25,0.6987,0.73,0.0,0.74,3 Нормативные ссылки
63,Что входит в процесс управления рисками?,26,0.2185,0.73,0.0,0.0,5 Идентификация всех возможных экологических аспектов
63,Что входит в процесс управления рисками?,27,0.2182,0.73,0.0,0.0,5 Правила работы с файлами
63,Что входит в процесс управления рисками?,28,0.2182,0.73,0.0,0.0,6 Основные этапы подготовки ТП.
63,Что входит в процесс управления рисками?,29,0.218,0.73,0.0,0.0,4 Персонал
63,Что входит в процесс управления рисками?,30,0.2175,0.72,0.0,0.0,2 Оборудование
63,Что входит в процесс управления рисками?,31,0.2171,0.72,0.0,0.0,1 Общие положения. Контроль качества приемки работ
63,Что входит в процесс управления рисками?,32,0.217,0.72,0.0,0.0,6 Управление внутренними документами
63,Что входит в процесс управления рисками?,33,0.2169,0.72,0.0,0.0,7 Последовательность формирования реестров экологических аспектов
63,Что входит в процесс управления рисками?,34,0.2166,0.72,0.0,0.0,5 Ответственность
63,Что входит в процесс управления рисками?,35,0.2165,0.72,0.0,0.0,3 Метрологическое обеспечение
63,Что входит в процесс управления рисками?,36,0.2161,0.72,0.0,0.0,Приложение 3. Перечень программного обеспечения
63,Что входит в процесс управления рисками?,37,0.216,0.72,0.0,0.0,Приложение 2. Перечень внутренней документации ИСМ отдела
63,Что входит в процесс управления рисками?,38,0.216,0.72,0.0,0.0,Порядок приема и увольнения работников
63,Что входит в процесс управления рисками?,39,0.6987,0.72,0.0,0.74,Приложение 3. Перечень регламентированных бизнес-процессов
63,Что входит в процесс управления рисками?,40,0.2156,0.72,0.0,0.0,"Порядок приемки, регистрации и архивирования источников информации."
63,Что входит в процесс управления рисками?,41,0.5499,0.0,0.0,0.85,5 Основные положения
63,Что входит в процесс управления рисками?,42,0.5135,0.0,0.0,0.79,6 Идентификация и оценка рисков
63,Что входит в процесс управления рисками?,43,0.5134,0.0,0.0,0.79,Приложение В
63,Что входит в процесс управления рисками?,44,0.4992,0.0,0.0,0.77,Приложение Б
63,Что входит в процесс управления рисками?,45,0.4953,0.0,0.0,0.76,Приложение 3. Перечень регламентированных бизнес-процессов отдела
63,Что входит в процесс управления рисками?,46,0.4951,0.0,0.0,0.76,Порядок работы
63,Что входит в процесс управления рисками?,47,0.4914,0.0,0.0,0.76,Определения и сокращения
63,Что входит в процесс управления рисками?,48,0.4909,0.0,0.0,0.76,Согласовано:
63,Что входит в процесс управления рисками?,49,0.4856,0.0,0.0,0.75,Приложение 3. Перечень регламентированных процессов договорного отдела.
63,Что входит в процесс управления рисками?,50,0.4852,0.0,0.0,0.75,Приложение 3 Перечень регламентированных бизнеспроцессов
63,Что входит в процесс управления рисками?,51,0.4849,0.0,0.0,0.75,3 Порядок работы по РД представлен в таблице:
63,Что входит в процесс управления рисками?,52,0.4846,0.0,0.0,0.75,3 Задачи
63,Что входит в процесс управления рисками?,53,0.4844,0.0,0.0,0.75,1 Общие положения
63,Что входит в процесс управления рисками?,54,0.4841,0.0,0.0,0.74,Итоговый реестр существенных экологических аспектов
63,Что входит в процесс управления рисками?,55,0.484,0.0,0.0,0.74,4 Функции
63,Что входит в процесс управления рисками?,56,0.4837,0.0,0.0,0.74,6 Организация договорной работы
63,Что входит в процесс управления рисками?,57,0.4831,0.0,0.0,0.74,3 Задачи
63,Что входит в процесс управления рисками?,58,0.4822,0.0,0.0,0.74,3 Задачи
63,Что входит в процесс управления рисками?,59,0.482,0.0,0.0,0.74,3 Задачи
63,Что входит в процесс управления рисками?,60,0.4819,0.0,0.0,0.74,2 Область применения
63,Что входит в процесс управления рисками?,61,0.4819,0.0,0.0,0.74,3 ОСНОВНЫЕ ФУНКЦИИ МАРКШЕЙДЕРСКО-ГЕОДЕЗИЧЕСКОЙ СЛУЖБЫ
63,Что входит в процесс управления рисками?,62,0.4816,0.0,0.0,0.74,Финансово-учетная документация:
63,Что входит в процесс управления рисками?,63,0.4806,0.0,0.0,0.74,Организация договорной работы
67,Как оформляется заявление командировку?,1,0.8016,0.88,0.0,0.83,Приложение А
67,Как оформляется заявление командировку?,2,0.7916,0.84,0.0,0.83,Приложение Г
67,Как оформляется заявление командировку?,3,0.7732,0.83,0.0,0.81,9 Окончание работ. Отчет о командировке
67,Как оформляется заявление командировку?,4,0.7684,0.83,0.0,0.8,10 Отмена командировки
67,Как оформляется заявление командировку?,5,0.7516,0.82,0.0,0.78,5 Бюджет командировки
67,Как оформляется заявление командировку?,6,0.7601,0.79,0.0,0.8,8 Срок и режим командировки
67,Как оформляется заявление командировку?,7,0.7427,0.78,0.0,0.78,4 Командировки
67,Как оформляется заявление командировку?,8,0.747,0.78,0.0,0.79,ПОЛОЖЕНИЕ О командировках в АО «ВолгоградНИПИнефть» «ПЛ-13-К»
67,Как оформляется заявление командировку?,9,0.7405,0.78,0.0,0.78,7 Организация работы командированного сотрудника
67,Как оформляется заявление командировку?,10,0.2291,0.76,0.0,0.0,1 Назначение.
67,Как оформляется заявление командировку?,11,0.7431,0.76,0.0,0.79,ПЛ-13-К
67,Как оформляется заявление командировку?,12,0.7612,0.76,0.57,0.78,Приложение Д
67,Как оформляется заявление командировку?,13,0.7689,0.75,0.0,0.83,6 Организация командировки
67,Как оформляется заявление командировку?,14,0.2258,0.75,0.0,0.0,1 Назначение
67,Как оформляется заявление командировку?,15,0.2258,0.75,0.0,0.0,1 Назначение
67,Как оформляется заявление командировку?,16,0.2256,0.75,0.0,0.0,Организация договорной работы
67,Как оформляется заявление командировку?,17,0.2256,0.75,0.0,0.0,Организация договорной работы
67,Как оформляется заявление командировку?,18,0.2256,0.75,0.0,0.0,Организация договорной работы
67,Как оформляется заявление командировку?,19,0.2248,0.75,0.0,0.0,Приложение 2 Исходные данные для составления смет.
67,Как оформляется заявление командировку?,20,0.2243,0.75,0.0,0.0,8 Управление исходящей документацией
67,Как оформляется заявление командировку?,21,0.2233,0.74,0.0,0.0,Приложение В
67,Как оформляется заявление командировку?,22,0.7347,0.74,0.0,0.79,Приложение В
67,Как оформляется заявление командировку?,23,0.2233,0.74,0.0,0.0,Приложение В
67,Как оформляется заявление командировку?,24,0.7216,0.74,0.0,0.77,Приложение Е
67,Как оформляется заявление командировку?,25,0.2232,0.74,0.0,0.0,Приложение Д
67,Как оформляется заявление командировку?,26,0.223,0.74,0.0,0.0,8 Требования к транспортированию отходов
67,Как оформляется заявление командировку?,27,0.6928,0.74,0.0,0.72,Приложение Б
67,Как оформляется заявление командировку?,28,0.2224,0.74,0.0,0.0,1 Назначение
67,Как оформляется заявление командировку?,29,0.6947,0.74,0.0,0.73,5 Порядок приема и перевода работника на дистанционную работу
67,Как оформляется заявление командировку?,30,0.2214,0.74,0.0,0.0,Приложение Г
67,Как оформляется заявление командировку?,31,0.2214,0.74,0.0,0.0,Приложение Г
67,Как оформляется заявление командировку?,32,0.2209,0.74,0.0,0.0,Порядок работы
67,Как оформляется заявление командировку?,33,0.2206,0.74,0.0,0.0,ИНСТРУКЦИЯ По подготовке тендерного предложения «ИН-01-ПТП»
67,Как оформляется заявление командировку?,34,0.6904,0.73,0.0,0.72,4 Порядок предоставления корпоративной мобильной связи
67,Как оформляется заявление командировку?,35,0.2202,0.73,0.0,0.0,12 Ответственность
67,Как оформляется заявление командировку?,36,0.2201,0.73,0.0,0.0,Приложение Б
67,Как оформляется заявление командировку?,37,0.2201,0.73,0.0,0.0,Приложение Б
67,Как оформляется заявление командировку?,38,0.7374,0.73,0.0,0.8,Приложение Б
67,Как оформляется заявление командировку?,39,0.2201,0.73,0.0,0.0,Приложение А
67,Как оформляется заявление командировку?,40,0.2201,0.73,0.0,0.0,Приложение А
67,Как оформляется заявление командировку?,41,0.0404,0.0,0.81,0.0,6 Определение существенного воздействия экологических аспектов на ОС
67,Как оформляется заявление командировку?,42,0.0373,0.0,0.75,0.0,"Приложение 7. Выпуск продукции на 20__ г. на основании заключенных договоров, с НДС."
67,Как оформляется заявление командировку?,43,0.0371,0.0,0.74,0.0,5 Идентификация всех возможных экологических аспектов
67,Как оформляется заявление командировку?,44,0.0339,0.0,0.68,0.0,7 Последовательность формирования реестров экологических аспектов
67,Как оформляется заявление командировку?,45,0.0334,0.0,0.67,0.0,5 Должностной оклад и доплаты
67,Как оформляется заявление командировку?,46,0.0333,0.0,0.67,0.0,8 Начисление и выплата заработной платы
67,Как оформляется заявление командировку?,47,0.0323,0.0,0.65,0.0,7 Организация и стадии выполнения проектных работ
67,Как оформляется заявление командировку?,48,0.0319,0.0,0.64,0.0,Приложение 6. Формы журналов отдела
67,Как оформляется заявление командировку?,49,0.0311,0.0,0.62,0.0,Приложение 2 Перечень внутренней документации ИСМ отдела
67,Как оформляется заявление командировку?,50,0.0306,0.0,0.61,0.0,Итоговый реестр существенных экологических аспектов
67,Как оформляется заявление командировку?,51,0.0301,0.0,0.6,0.0,Процедура Идентификация экологических аспектов ПР-6.1.2-ИЭА
67,Как оформляется заявление командировку?,52,0.03,0.0,0.6,0.0,Приложение 2. Перечень внутренней документации
67,Как оформляется заявление командировку?,53,0.0299,0.0,0.6,0.0,ПР-6.1.2-ИЭА
67,Как оформляется заявление командировку?,54,0.0298,0.0,0.6,0.0,1 Назначение
67,Как оформляется заявление командировку?,55,0.0297,0.0,0.59,0.0,4 Полномочия и права
67,Как оформляется заявление командировку?,56,0.0295,0.0,0.59,0.0,1 Назначение
67,Как оформляется заявление командировку?,57,0.0295,0.0,0.59,0.0,3 Метрологическое обеспечение
67,Как оформляется заявление командировку?,58,0.0288,0.0,0.58,0.0,Идентификация экологических аспектов
67,Как оформляется заявление командировку?,59,0.0288,0.0,0.58,0.0,Приложение В
67,Как оформляется заявление командировку?,60,0.0287,0.0,0.57,0.0,Сводный реестр экологических аспектов
67,Как оформляется заявление командировку?,61,0.0286,0.0,0.57,0.0,Он обязан:
67,Как оформляется заявление командировку?,62,0.0284,0.0,0.57,0.0,СОГЛАСОВАНО:
67,Как оформляется заявление командировку?,63,0.0282,0.0,0.56,0.0,4 ВЗАИМОДЕЙСТВИЕ МГС С ДРУГИМИ ОТДЕЛАМИ И СЛУЖБАМИ ОБЩЕСТВА
67,Как оформляется заявление командировку?,64,0.0282,0.0,0.56,0.0,"2 ОСНОВНЫЕ ОБЯЗАННОСТИ, ПРИНЦИПЫ И ПРАВИЛА СЛУЖЕБНОГО ПОВЕДЕНИЯ РАБОТНИКОВ"
67,Как оформляется заявление командировку?,65,0.0281,0.0,0.56,0.0,2 Область применения
67,Как оформляется заявление командировку?,66,0.0278,0.0,0.56,0.0,"4 Термины, обозначения"
67,Как оформляется заявление командировку?,67,0.0271,0.0,0.54,0.0,3 Общие положения
67,Как оформляется заявление командировку?,68,0.0271,0.0,0.54,0.0,Исполнитель обязан:
67,Как оформляется заявление командировку?,69,0.027,0.0,0.54,0.0,7 Материальная помощь
67,Как оформляется заявление командировку?,70,0.027,0.0,0.54,0.0,4 Система оплаты труда
67,Как оформляется заявление командировку?,71,0.0268,0.0,0.54,0.0,12 Перечень нормативных документов по контролю качества выпускаемой продукции
67,Как оформляется заявление командировку?,72,0.0268,0.0,0.54,0.0,"10 Функциональные обязанности должностных лиц по контролю качества геодезических, инженерно-изыскательских и картографических работ"
67,Как оформляется заявление командировку?,73,0.0266,0.0,0.53,0.0,Определения и сокращения
67,Как оформляется заявление командировку?,74,0.0266,0.0,0.53,0.0,Внутреннего трудового распорядка АО «ВолгоградНИПИнефть»
67,Как оформляется заявление командировку?,75,0.4943,0.0,0.53,0.72,Приложение 3. Кадровая документация отдела
67,Как оформляется заявление командировку?,76,0.0265,0.0,0.53,0.0,При этом проверяются:
67,Как оформляется заявление командировку?,77,0.0264,0.0,0.53,0.0,5 Контроль подготовки к работам
67,Как оформляется заявление командировку?,78,0.0263,0.0,0.53,0.0,С Геологическим отделом Общества:
67,Как оформляется заявление командировку?,79,0.0263,0.0,0.53,0.0,1 Общие положения. Контроль качества приемки работ
67,Как оформляется заявление командировку?,80,0.5123,0.0,0.0,0.79,3 Термины и определения
67,Как оформляется заявление командировку?,81,0.507,0.0,0.0,0.78,2 Нормативные ссылки
67,Как оформляется заявление командировку?,82,0.5026,0.0,0.0,0.77,СОГЛАСОВАНО:
67,Как оформляется заявление командировку?,83,0.5012,0.0,0.0,0.77,1 Общие положения
67,Как оформляется заявление командировку?,84,0.487,0.0,0.0,0.75,5 Правила пользования корпоративной мобильной связью
67,Как оформляется заявление командировку?,85,0.4836,0.0,0.0,0.74,Внутреннего трудового распорядка АО «ВолгоградНИПИнефть»
67,Как оформляется заявление командировку?,86,0.4819,0.0,0.0,0.74,ИНСТРУКЦИЯ Внешние поставки «ИН-01-ВП»
67,Как оформляется заявление командировку?,87,0.4819,0.0,0.0,0.74,ИН-01-ВП
67,Как оформляется заявление командировку?,88,0.4791,0.0,0.0,0.74,2 Область применения
67,Как оформляется заявление командировку?,89,0.4786,0.0,0.0,0.74,Приложение А
67,Как оформляется заявление командировку?,90,0.471,0.0,0.0,0.72,1 Общие положения
67,Как оформляется заявление командировку?,91,0.471,0.0,0.0,0.72,Приложение Д
67,Как оформляется заявление командировку?,92,0.4703,0.0,0.0,0.72,1 Общие положения
67,Как оформляется заявление командировку?,93,0.47,0.0,0.0,0.72,Общие положения
67,Как оформляется заявление командировку?,94,0.4693,0.0,0.0,0.72,Рабочее время и его использование
67,Как оформляется заявление командировку?,95,0.468,0.0,0.0,0.72,Отдел имеет право:
67,Как оформляется заявление командировку?,96,0.4679,0.0,0.0,0.72,"8 Иные положения, связанные с организацией труда дистанционных работников"
67,Как оформляется заявление командировку?,97,0.4678,0.0,0.0,0.72,7 Стадия проектирования
67,Как оформляется заявление командировку?,98,0.4667,0.0,0.0,0.72,Внутреннего трудового распорядка АО «ВолгоградНИПИнефть»
67,Как оформляется заявление командировку?,99,0.466,0.0,0.0,0.72,7 Управление входящей документацией
67,Как оформляется заявление командировку?,100,0.4655,0.0,0.0,0.72,9 Заключительные положения
