session_index,question,rank_in_log,score,dense_score,sparse_score,sum_score,title
1,Как у нас проходит процедура закупки оборудования от начала до конца?,1,0.7809,0.78,0.0,0.77,Примечания
1,Как у нас проходит процедура закупки оборудования от начала до конца?,2,0.751,0.75,0.0,0.73,"8 Верификация поставленной продукции, работ (услуг)"
1,Как у нас проходит процедура закупки оборудования от начала до конца?,3,0.7339,0.73,0.0,0.72,Приложение Г
1,Как у нас проходит процедура закупки оборудования от начала до конца?,4,0.7312,0.73,0.0,0.69,Приложение Д
1,Как у нас проходит процедура закупки оборудования от начала до конца?,5,0.7606,0.73,0.0,0.76,"7 Порядок действий при внешних поставках для осуществления работ по договорам в офисе Института и внешних поставках, связанных с развитием инфраструктуры и материальных ресурсов Института"
1,Как у нас проходит процедура закупки оборудования от начала до конца?,6,0.7272,0.73,0.0,0.69,Приложение А
1,Как у нас проходит процедура закупки оборудования от начала до конца?,7,0.7269,0.73,0.0,0.72,1 Назначение
1,Как у нас проходит процедура закупки оборудования от начала до конца?,8,0.7483,0.72,0.0,0.75,"6 Оценка, выбор и переоценка поставщиков."
1,Как у нас проходит процедура закупки оборудования от начала до конца?,9,0.7335,0.71,0.0,0.73,СОГЛАСОВАНО:
1,Как у нас проходит процедура закупки оборудования от начала до конца?,10,0.7192,0.7,0.0,0.72,5 Основные положения
1,Как у нас проходит процедура закупки оборудования от начала до конца?,11,0.7037,0.7,0.0,0.7,3 Нормативные ссылки
1,Как у нас проходит процедура закупки оборудования от начала до конца?,12,0.7207,0.7,0.0,0.72,2 Область применения
1,Как у нас проходит процедура закупки оборудования от начала до конца?,13,0.6907,0.69,0.0,0.69,Приложение Б
1,Как у нас проходит процедура закупки оборудования от начала до конца?,14,0.6825,0.68,0.0,0.68,Приложение В
1,Как у нас проходит процедура закупки оборудования от начала до конца?,15,0.7038,0.67,0.0,0.7,ИНСТРУКЦИЯ Внешние поставки «ИН-01-ВП»
1,Как у нас проходит процедура закупки оборудования от начала до конца?,16,0.673,0.62,0.0,0.67,"4 Термины, обозначения, сокращения"
2,"""Можно ли закупить оборудование без процедуры оценки поставщика?",1,0.7939,0.79,0.52,0.79,"6.4 Критерии оценки устанавливаются в зависимости от вида оценки (первичная/плановая), типа и назначения внешней поставки. Оценка должна осуществляться как минимум по трём критериям. Количество выбранных критериев зависит от особенностей каждой конкретной поставки. В качестве критериев оценки для поставщиков могут быть выбраны следующие показатели и требования:"
2,"""Можно ли закупить оборудование без процедуры оценки поставщика?",2,0.7863,0.79,0.55,0.77,7.15
2,"""Можно ли закупить оборудование без процедуры оценки поставщика?",3,0.7797,0.78,0.54,0.73,4.1 Термины и определения:
2,"""Можно ли закупить оборудование без процедуры оценки поставщика?",4,0.7832,0.76,0.0,0.78,Примечания
2,"""Можно ли закупить оборудование без процедуры оценки поставщика?",5,0.7568,0.76,0.0,0.73,Оценка и выбор поставщиков
2,"""Можно ли закупить оборудование без процедуры оценки поставщика?",6,0.7754,0.76,0.5,0.78,8.5 Оборудование должно быть обеспечено необходимыми инструкциями по использованию со стороны поставщика.
2,"""Можно ли закупить оборудование без процедуры оценки поставщика?",7,0.7466,0.75,0.0,0.0,Список сотрудников ответственных за внешние поставки
2,"""Можно ли закупить оборудование без процедуры оценки поставщика?",8,0.7452,0.75,0.0,0.0,"4.1 Закупки оргтехники, комплектующих и программных продуктов."
2,"""Можно ли закупить оборудование без процедуры оценки поставщика?",9,0.7407,0.74,0.0,0.7,"8.7 По решению ГИПа (ОИ) нулевая редакция может не оформляться в случаях, когда внутренняя экспертиза интегрирована в процесс разработки ПД. Заказчику направляется первая редакция ПД. Таким образом, свидетельством проведения внутренней экспертизы является факт выпуска первой редакции ПД . Качество проведения внутренней экспертизы оценивается по характеру замечаний, выставляемых Заказчиком, или внешней экспертизой."
2,"""Можно ли закупить оборудование без процедуры оценки поставщика?",10,0.7374,0.74,0.0,0.73,2 Оборудование
2,"""Можно ли закупить оборудование без процедуры оценки поставщика?",11,0.7365,0.74,0.0,0.71,1.2 Инструкция определяет порядок действий и согласований при внешних поставках:
2,"""Можно ли закупить оборудование без процедуры оценки поставщика?",12,0.7355,0.74,0.53,0.72,"5.1 Институт обеспечивает соответствие приобретенных внешних процессов, продукции и услуг установленным требованиям. Процесс внешних поставок осуществляется в соответствии с данной инструкцией."
2,"""Можно ли закупить оборудование без процедуры оценки поставщика?",13,0.7336,0.73,0.0,0.0,Производство лабораторного оборудования
2,"""Можно ли закупить оборудование без процедуры оценки поставщика?",14,0.7315,0.73,0.0,0.72,3 Метрологическое обеспечение
2,"""Можно ли закупить оборудование без процедуры оценки поставщика?",15,0.7284,0.73,0.0,0.0,5.1.8 Запрещается самостоятельно устанавливать программное обеспечение без согласования с сотрудниками отдела ИТ.
2,"""Можно ли закупить оборудование без процедуры оценки поставщика?",16,0.728,0.73,0.0,0.71,"3.2 В том случае если информации недостаточно, то необходимо сделать информационный запрос в организацию заказчика или другую стороннюю организацию, обладающую необходимой информацией."
2,"""Можно ли закупить оборудование без процедуры оценки поставщика?",17,0.7278,0.73,0.0,0.71,"5.2 Ответственность за изучение, анализ, сбор, подготовку, хранение информации о проводимых тендерах возлагается на ОИ соответствующего производственного подразделения, в случае его отсутствия - на сотрудника назначенного НО."
2,"""Можно ли закупить оборудование без процедуры оценки поставщика?",18,0.7274,0.73,0.0,0.69,"5.1 Запрашивать от Заказчиков и структурных подразделений Института сведения, необходимые для работы."
2,"""Можно ли закупить оборудование без процедуры оценки поставщика?",19,0.7324,0.73,0.0,0.73,"11 Требования, предъявляемые к субподрядным организациям."
2,"""Можно ли закупить оборудование без процедуры оценки поставщика?",20,0.726,0.73,0.0,0.0,"3.8 Анализ состояния у Заказчика (по договору) промышленной безопасности в части вопросов маркшейдерского контроля, охраны окружающей среды и охраны недр, в том числе путем проведения соответствующих экспертиз."
2,"""Можно ли закупить оборудование без процедуры оценки поставщика?",21,0.7234,0.72,0.0,0.7,10.6 Вместе с окончательной редакцией проекта и платежными документами Заказчику направляется соответствующая Анкета оценки Заказчиком продукции АО «ВолгоградНИПИнефть» :
2,"""Можно ли закупить оборудование без процедуры оценки поставщика?",22,0.7572,0.72,0.0,0.76,2 Область применения
2,"""Можно ли закупить оборудование без процедуры оценки поставщика?",23,0.7228,0.72,0.0,0.7,6 Основные этапы подготовки ТП.
2,"""Можно ли закупить оборудование без процедуры оценки поставщика?",24,0.7215,0.72,0.0,0.72,"7.22 В случае отсутствия согласования проектных решений Заказчиком и/или мотивированных замечаний, ГИП (ОИ) инициирует совещание с участием РПП, для принятия решения о завершении или приостановке выполнения проекта."
2,"""Можно ли закупить оборудование без процедуры оценки поставщика?",25,0.7341,0.72,0.0,0.73,4 Персонал
2,"""Можно ли закупить оборудование без процедуры оценки поставщика?",26,0.7209,0.72,0.0,0.71,3.1 Термины и определения:
2,"""Можно ли закупить оборудование без процедуры оценки поставщика?",27,0.7199,0.72,0.0,0.0,"ПОЛОЖЕНИЕ По организации внутреннего контроля качества и приемки топографо-геодезических, картографических и проектно-изыскательских работ «ПЛ-08-ОВКК»"
2,"""Можно ли закупить оборудование без процедуры оценки поставщика?",28,0.7196,0.72,0.51,0.7,"7.16 К средствам контроля относятся: процедуры утверждения (авторизации, проверки,  сверки),  анализ  операционных  показателей,  охрана,  распределение полномочий и т.д."
2,"""Можно ли закупить оборудование без процедуры оценки поставщика?",29,0.7188,0.72,0.55,0.7,6.2 Оценка существенности экологических аспектов по суммарному количеству баллов
2,"""Можно ли закупить оборудование без процедуры оценки поставщика?",30,0.7357,0.72,0.0,0.74,1 Общие положения. Контроль качества приемки работ
2,"""Можно ли закупить оборудование без процедуры оценки поставщика?",31,0.7178,0.72,0.0,0.7,"7.8 До запроса ИД у Заказчика ГИП (ОИ) обязан ознакомиться с информацией, полученной Институтом ранее, проанализировав перечень ИД по объекту проектирования, находящихся в архиве Института."
2,"""Можно ли закупить оборудование без процедуры оценки поставщика?",32,0.7176,0.72,0.0,0.69,Приложение 3. Перечень программного обеспечения
2,"""Можно ли закупить оборудование без процедуры оценки поставщика?",33,0.7176,0.72,0.0,0.69,"4.25 Своевременное проведение метрологического обследования (поверки) геодезического оборудования, средств измерения (СИ) и аттестация измерительного оборудования (ИО) лаборатории исследования свойств грунтов."
2,"""Можно ли закупить оборудование без процедуры оценки поставщика?",34,0.7172,0.72,0.5,0.69,3 Нормативные ссылки
2,"""Можно ли закупить оборудование без процедуры оценки поставщика?",35,0.7171,0.72,0.5,0.71,"6.5 Перечень оборудования, программно-технических средств, средств защиты информации и иных средств, по каждому сотруднику согласовывается генеральным директором индивидуально, исходя из должностной инструкции работника."
2,"""Можно ли закупить оборудование без процедуры оценки поставщика?",36,0.7171,0.72,0.0,0.0,11. График поверки средств измерений микроклимата в помещении архива АО «ВолгоградНИПИнефть» на 20__ год
2,"""Можно ли закупить оборудование без процедуры оценки поставщика?",37,0.717,0.72,0.0,0.0,Об учетно-финансовом отделе
2,"""Можно ли закупить оборудование без процедуры оценки поставщика?",38,0.7167,0.72,0.0,0.71,Инструментальный контроль
2,"""Можно ли закупить оборудование без процедуры оценки поставщика?",39,0.7159,0.72,0.52,0.69,5.1 Последовательность идентификации экологических аспектов
2,"""Можно ли закупить оборудование без процедуры оценки поставщика?",40,0.7158,0.72,0.0,0.0,"3.5 Постоянное изучение и анализ замечаний Заказчиков, органов государственного надзора, проведение корректирующих действий для устранения причин их возникновения, идентификация рисков и/или возможностей."
2,"""Можно ли закупить оборудование без процедуры оценки поставщика?",41,0.7307,0.0,0.0,0.73,Исполнитель обязан:
2,"""Можно ли закупить оборудование без процедуры оценки поставщика?",42,0.7276,0.0,0.0,0.73,7 Приемка материалов по окончании полевых работ
2,"""Можно ли закупить оборудование без процедуры оценки поставщика?",43,0.7199,0.0,0.0,0.72,2 При использовании программных средств для разработки проектной и рабочей документации объем проверок может быть сокращен.
2,"""Можно ли закупить оборудование без процедуры оценки поставщика?",44,0.7186,0.0,0.0,0.72,2 Квалификационные требования
2,"""Можно ли закупить оборудование без процедуры оценки поставщика?",45,0.7179,0.0,0.53,0.72,2 Квалификационные требования
2,"""Можно ли закупить оборудование без процедуры оценки поставщика?",46,0.716,0.0,0.0,0.72,2 Квалификационные требования
2,"""Можно ли закупить оборудование без процедуры оценки поставщика?",47,0.7153,0.0,0.0,0.72,Он обязан:
2,"""Можно ли закупить оборудование без процедуры оценки поставщика?",48,0.7144,0.0,0.0,0.71,5 Контроль подготовки к работам
2,"""Можно ли закупить оборудование без процедуры оценки поставщика?",49,0.7106,0.0,0.0,0.71,1 Назначение
2,"""Можно ли закупить оборудование без процедуры оценки поставщика?",50,0.7097,0.0,0.0,0.71,4 Общие требования
2,"""Можно ли закупить оборудование без процедуры оценки поставщика?",51,0.7085,0.0,0.0,0.71,5 Порядок проведения нормоконтроля
2,"""Можно ли закупить оборудование без процедуры оценки поставщика?",52,0.7066,0.0,0.0,0.71,6 Предпроектная проработка
2,"""Можно ли закупить оборудование без процедуры оценки поставщика?",53,0.7061,0.0,0.0,0.71,Организация договорной работы
2,"""Можно ли закупить оборудование без процедуры оценки поставщика?",54,0.7047,0.0,0.0,0.7,1 Общие положения
2,"""Можно ли закупить оборудование без процедуры оценки поставщика?",55,0.7034,0.0,0.0,0.7,9 Требования к передаче отходов сторонним специализированным организациям
2,"""Можно ли закупить оборудование без процедуры оценки поставщика?",56,0.7032,0.0,0.52,0.7,7 Последовательность формирования реестров экологических аспектов
2,"""Можно ли закупить оборудование без процедуры оценки поставщика?",57,0.7018,0.0,0.52,0.7,6 Полевой контроль и приемка полевых работ
2,"""Можно ли закупить оборудование без процедуры оценки поставщика?",58,0.7004,0.0,0.0,0.7,6 Организация договорной работы
2,"""Можно ли закупить оборудование без процедуры оценки поставщика?",59,0.7001,0.0,0.0,0.7,8 Контроль и приемка камеральных работ
2,"""Можно ли закупить оборудование без процедуры оценки поставщика?",60,0.7,0.0,0.0,0.7,3 Нормативные ссылки
2,"""Можно ли закупить оборудование без процедуры оценки поставщика?",61,0.6998,0.0,0.0,0.7,13 Заключительное положение
2,"""Можно ли закупить оборудование без процедуры оценки поставщика?",62,0.6987,0.0,0.0,0.7,"6 Обязанности и права специалиста, осуществляющего нормоконтроль"
2,"""Можно ли закупить оборудование без процедуры оценки поставщика?",63,0.6986,0.0,0.0,0.7,3 Нормативные ссылки
2,"""Можно ли закупить оборудование без процедуры оценки поставщика?",64,0.6985,0.0,0.0,0.7,5 Порядок приема и перевода работника на дистанционную работу
2,"""Можно ли закупить оборудование без процедуры оценки поставщика?",65,0.6985,0.0,0.0,0.7,8 Требования к транспортированию отходов
2,"""Можно ли закупить оборудование без процедуры оценки поставщика?",66,0.6976,0.0,0.0,0.7,Организация договорной работы
2,"""Можно ли закупить оборудование без процедуры оценки поставщика?",67,0.6976,0.0,0.0,0.7,6 Идентификация и оценка рисков
2,"""Можно ли закупить оборудование без процедуры оценки поставщика?",68,0.6975,0.0,0.0,0.7,"9 Стадия экспертиз, защит и согласований"
2,"""Можно ли закупить оборудование без процедуры оценки поставщика?",69,0.697,0.0,0.0,0.7,Организация договорной работы
2,"""Можно ли закупить оборудование без процедуры оценки поставщика?",70,0.6958,0.0,0.0,0.7,"7 Выполнение работ, оказание услуг"
2,"""Можно ли закупить оборудование без процедуры оценки поставщика?",71,0.6954,0.0,0.0,0.7,5 Стадии выполнения работ
2,"""Можно ли закупить оборудование без процедуры оценки поставщика?",72,0.695,0.0,0.0,0.7,Производственная информация
2,"""Можно ли закупить оборудование без процедуры оценки поставщика?",73,0.6944,0.0,0.0,0.69,Таблица 1
2,"""Можно ли закупить оборудование без процедуры оценки поставщика?",74,0.6942,0.0,0.5,0.69,Приложение В
2,"""Можно ли закупить оборудование без процедуры оценки поставщика?",75,0.6942,0.0,0.0,0.69,Приложение Г
2,"""Можно ли закупить оборудование без процедуры оценки поставщика?",76,0.6939,0.0,0.0,0.69,2 Область применения
2,"""Можно ли закупить оборудование без процедуры оценки поставщика?",77,0.6935,0.0,0.0,0.69,Приложение В
2,"""Можно ли закупить оборудование без процедуры оценки поставщика?",78,0.6925,0.0,0.0,0.69,Техническая информация
2,"""Можно ли закупить оборудование без процедуры оценки поставщика?",79,0.6909,0.0,0.0,0.69,СОГЛАСОВАНО:
2,"""Можно ли закупить оборудование без процедуры оценки поставщика?",80,0.6908,0.0,0.0,0.69,10 Порядок допуска к коммерческой тайне
2,"""Можно ли закупить оборудование без процедуры оценки поставщика?",81,0.6904,0.0,0.0,0.69,АО «ВолгоградНИПИнефть»
2,"""Можно ли закупить оборудование без процедуры оценки поставщика?",82,0.6904,0.0,0.0,0.69,Внутреннего трудового распорядка АО «ВолгоградНИПИнефть»
2,"""Можно ли закупить оборудование без процедуры оценки поставщика?",83,0.69,0.0,0.0,0.69,1 ОБЩИЕ ПОЛОЖЕНИЯ
2,"""Можно ли закупить оборудование без процедуры оценки поставщика?",84,0.6899,0.0,0.0,0.69,1 Назначение.
2,"""Можно ли закупить оборудование без процедуры оценки поставщика?",85,0.5839,0.0,0.58,0.0,2.2 Выполнение процедуры является обязательным для всех сотрудников Института.
2,"""Можно ли закупить оборудование без процедуры оценки поставщика?",86,0.5674,0.0,0.57,0.0,4.1 Готовить проекты документов в рамках своей деятельности и предоставлять их на рассмотрение руководства.
2,"""Можно ли закупить оборудование без процедуры оценки поставщика?",87,0.5533,0.0,0.55,0.0,№ п/п
2,"""Можно ли закупить оборудование без процедуры оценки поставщика?",88,0.5425,0.0,0.54,0.0,ЗАЯВКА на предоставление корпоративной мобильной связи
2,"""Можно ли закупить оборудование без процедуры оценки поставщика?",89,0.5403,0.0,0.54,0.0,"7.1 Работник несет ответственность за сохранность выданных ему средств корпоративной мобильной связи (SIM-карты, мобильного аппарата). В случае утери или неумышленной порчи средств корпоративной мобильной связи работник за счет личных денежных средств:"
2,"""Можно ли закупить оборудование без процедуры оценки поставщика?",90,0.5365,0.0,0.54,0.0,"Приложение 7. Выпуск продукции на 20__ г. на основании заключенных договоров, с НДС."
2,"""Можно ли закупить оборудование без процедуры оценки поставщика?",91,0.5221,0.0,0.52,0.0,"1.1 Данная инструкция определяет порядок приемки, регистрации и архивирования документов, переданных во временное пользование заказчиком или сторонней организацией, внешних нормативных документов, литературы, CD выполненных отчетов, а также научно-технической документации, образовавшейся в процессе производственной деятельности института."
2,"""Можно ли закупить оборудование без процедуры оценки поставщика?",92,0.5191,0.0,0.52,0.0,"10 Функциональные обязанности должностных лиц по контролю качества геодезических, инженерно-изыскательских и картографических работ"
2,"""Можно ли закупить оборудование без процедуры оценки поставщика?",93,0.5187,0.0,0.52,0.0,"6.11 Отходы IV-V классов опасности, предназначенные для захоронения на полигоне"
2,"""Можно ли закупить оборудование без процедуры оценки поставщика?",94,0.5168,0.0,0.52,0.0,"3.6 Изучать специальную литературу и другую научно - техническую информацию, достижения отечественной и зарубежной науки и техники (в соответствующей области знаний) с целью их использования при разработке проектной документации"
2,"""Можно ли закупить оборудование без процедуры оценки поставщика?",95,0.5141,0.0,0.51,0.0,Приложение 2. Перечень внутренней документации ИСМ отдела
2,"""Можно ли закупить оборудование без процедуры оценки поставщика?",96,0.5123,0.0,0.51,0.0,"3. Карточка на литературу, отчеты, архивные материалы:"
2,"""Можно ли закупить оборудование без процедуры оценки поставщика?",97,0.5064,0.0,0.51,0.0,"Документы, подтверждающие расходы на проезд"
2,"""Можно ли закупить оборудование без процедуры оценки поставщика?",98,0.5054,0.0,0.51,0.0,4.1 Внутренний доступ (доступ внутри организации).
2,"""Можно ли закупить оборудование без процедуры оценки поставщика?",99,0.5045,0.0,0.5,0.0,"10.1 Персонал, занятый накоплением и передачей отходов сторонним организациям, должен быть обучен правилам безопасности по обращению с отходами в объеме настоящей инструкции и инструкции по охране труда и промышленной безопасности  по  данному  рабочему  месту  и  несет  личную  ответственность  за соблюдение определенных в них требований безопасности."
2,"""Можно ли закупить оборудование без процедуры оценки поставщика?",100,0.5025,0.0,0.5,0.0,Режим коммерческой тайны не может быть установлен в отношении следующих сведений:
2,"""Можно ли закупить оборудование без процедуры оценки поставщика?",101,0.5017,0.0,0.5,0.0,"9.4 В течение 3 (трех) рабочих дней со дня возвращения из служебной командировки работник обязан представить в учетно-финансовый отдел авансовый отчет об израсходованных им суммах. Вместе с авансовым отчетом передаются документы (в оригинале), подтверждающие размер произведенных расходов, с указанием формы их оплаты (наличными, чеком, кредитной картой, безналичным перерасчетом). При зарубежных командировках к отчету прилагается ксерокопия отметок в заграничном паспорте."
2,"""Можно ли закупить оборудование без процедуры оценки поставщика?",102,0.5011,0.0,0.5,0.0,Внутреннего трудового распорядка АО «ВолгоградНИПИнефть»
2,"""Можно ли закупить оборудование без процедуры оценки поставщика?",103,0.5007,0.0,0.5,0.0,2.2 Основные  принципы  служебного  поведения  работников  являются  основой поведения  граждан  в  связи  с  нахождением  их  в  трудовых  отношениях  с Институтом.
2,"""Можно ли закупить оборудование без процедуры оценки поставщика?",104,0.7939,0.79,0.51,0.79,"6 Оценка, выбор и переоценка поставщиков."
2,"""Можно ли закупить оборудование без процедуры оценки поставщика?",105,0.7832,0.76,0.0,0.78,Примечания
2,"""Можно ли закупить оборудование без процедуры оценки поставщика?",106,0.7754,0.74,0.0,0.78,"8 Верификация поставленной продукции, работ (услуг)"
2,"""Можно ли закупить оборудование без процедуры оценки поставщика?",107,0.7572,0.72,0.0,0.76,2 Область применения
2,"""Можно ли закупить оборудование без процедуры оценки поставщика?",108,0.7172,0.72,0.5,0.69,3 Нормативные ссылки
2,"""Можно ли закупить оборудование без процедуры оценки поставщика?",109,0.7667,0.69,0.0,0.77,"7 Порядок действий при внешних поставках для осуществления работ по договорам в офисе Института и внешних поставках, связанных с развитием инфраструктуры и материальных ресурсов Института"
2,"""Можно ли закупить оборудование без процедуры оценки поставщика?",110,0.6869,0.69,0.0,0.67,ИНСТРУКЦИЯ Внешние поставки «ИН-01-ВП»
2,"""Можно ли закупить оборудование без процедуры оценки поставщика?",111,0.6942,0.68,0.5,0.69,Приложение В
2,"""Можно ли закупить оборудование без процедуры оценки поставщика?",112,0.7234,0.67,0.0,0.72,5 Основные положения
2,"""Можно ли закупить оборудование без процедуры оценки поставщика?",113,0.7272,0.67,0.0,0.73,Приложение А
2,"""Можно ли закупить оборудование без процедуры оценки поставщика?",114,0.6612,0.66,0.0,0.64,Приложение Б
2,"""Можно ли закупить оборудование без процедуры оценки поставщика?",115,0.6586,0.66,0.0,0.65,СОГЛАСОВАНО:
2,"""Можно ли закупить оборудование без процедуры оценки поставщика?",116,0.7138,0.66,0.0,0.71,1 Назначение
2,"""Можно ли закупить оборудование без процедуры оценки поставщика?",117,0.6771,0.65,0.0,0.68,Приложение Д
2,"""Можно ли закупить оборудование без процедуры оценки поставщика?",118,0.6942,0.65,0.0,0.69,Приложение Г
2,"""Можно ли закупить оборудование без процедуры оценки поставщика?",119,0.7349,0.62,0.0,0.73,"4 Термины, обозначения, сокращения"
3,Нужно ли ежегодно проводить переоценку поставщиков?,1,0.8603,0.86,0.0,0.78,6.2 Плановая оценка/переоценка поставщиков
3,Нужно ли ежегодно проводить переоценку поставщиков?,2,0.7816,0.78,0.54,0.76,7.15
3,Нужно ли ежегодно проводить переоценку поставщиков?,3,0.7698,0.77,0.0,0.72,Оценка и выбор поставщиков
3,Нужно ли ежегодно проводить переоценку поставщиков?,4,0.7695,0.77,0.0,0.72,"3.5 Постоянное изучение и анализ замечаний Заказчиков, органов государственного надзора, проведение корректирующих действий для устранения причин их возникновения, идентификация рисков и/или возможностей."
3,Нужно ли ежегодно проводить переоценку поставщиков?,5,0.7683,0.77,0.0,0.73,"3.3 Постоянное изучение и анализ замечаний Заказчиков, органов государственного надзора, проведение корректирующих действий для устранения причин их возникновения, идентификация рисков и/или возможностей."
3,Нужно ли ежегодно проводить переоценку поставщиков?,6,0.7691,0.77,0.0,0.77,"7.10 По результатам идентификации и оценки рисков в масштабах всего Института, Реестр рисков ежегодно пересматривается, уточняется и/или дополняется."
3,Нужно ли ежегодно проводить переоценку поставщиков?,7,0.7634,0.76,0.0,0.75,5.5 Сотрудник или сотрудники вышеуказанных подразделений на систематической основе должны осуществлять деятельность по:
3,Нужно ли ежегодно проводить переоценку поставщиков?,8,0.7629,0.76,0.0,0.73,"9.6 Замечания внутренней экспертизы, экспертизы Заказчика и внешних экспертиз к ПД должны анализироваться РПП, ГИПом (ОИ). Если в результате анализа выявляются повторяющиеся замечания и/или тенденции к увеличению замечаний, РПП, ГИП (ОИ) обязаны выявлять причины замечаний с документированием последующих действий, а в случае необходимости инициировать корректирующие действия в соответствии с процедурой «Корректирующие действия» (ПР-10.2-КД):"
3,Нужно ли ежегодно проводить переоценку поставщиков?,9,0.7625,0.76,0.0,0.73,"10.7 Замечания Заказчика полученные в Анкете оценки Заказчиком продукции АО «ВолгоградНИПИнефть» должны анализироваться РПП, ГИПом (ОИ). Если в результате анализа выявляются повторяющиеся замечания и/или тенденции РПП, ГИП (ОИ) обязаны инициировать корректирующие действия в соответствии с процедурой «Корректирующие действия» (ПР-10.2-КД)."
3,Нужно ли ежегодно проводить переоценку поставщиков?,10,0.7617,0.76,0.0,0.71,"3.5 Постоянное изучение и анализ замечаний Заказчиков, органов государственного надзора, проведение корректирующих действий для устранения причин их возникновения, идентификация рисков и/или возможностей."
3,Нужно ли ежегодно проводить переоценку поставщиков?,11,0.761,0.76,0.0,0.71,4.1 Термины и определения:
3,Нужно ли ежегодно проводить переоценку поставщиков?,12,0.7608,0.76,0.53,0.75,3 Метрологическое обеспечение
3,Нужно ли ежегодно проводить переоценку поставщиков?,13,0.7491,0.75,0.0,0.71,Список сотрудников ответственных за внешние поставки
3,Нужно ли ежегодно проводить переоценку поставщиков?,14,0.768,0.75,0.0,0.77,8.6 Результатом проверок может быть:
3,Нужно ли ежегодно проводить переоценку поставщиков?,15,0.7439,0.74,0.0,0.72,"Требования, предъявляемые к организациям, осуществляющим сервисное обслуживание"
3,Нужно ли ежегодно проводить переоценку поставщиков?,16,0.7386,0.74,0.0,0.0,6.5 Контроль и оценка эффективности процессов
3,Нужно ли ежегодно проводить переоценку поставщиков?,17,0.738,0.74,0.0,0.0,История документа
3,Нужно ли ежегодно проводить переоценку поставщиков?,18,0.7375,0.74,0.0,0.0,История документа
3,Нужно ли ежегодно проводить переоценку поставщиков?,19,0.7413,0.74,0.0,0.74,Он обязан:
3,Нужно ли ежегодно проводить переоценку поставщиков?,20,0.7571,0.74,0.0,0.76,"4.5 В целях повышения качества и сокращения объема ПСД, нормоконтролер должен:"
3,Нужно ли ежегодно проводить переоценку поставщиков?,21,0.7354,0.74,0.0,0.0,4.3 Требовать от всех сотрудников отдела:
3,Нужно ли ежегодно проводить переоценку поставщиков?,22,0.7326,0.73,0.0,0.73,6.3 Работодатель обязан:
3,Нужно ли ежегодно проводить переоценку поставщиков?,23,0.7325,0.73,0.0,0.71,"1.15 При изменении условий работы, уточнении и перераспределении задач и функций настоящее Положение может быть пересмотрено, изменено или дополнено, по согласованию с Нижне-Волжским Управлением Ростехнадзора. Все изменения и дополнения к настоящему Положению вносятся в «Лист изменений и дополнений» на основании соответствующего приказа."
3,Нужно ли ежегодно проводить переоценку поставщиков?,24,0.7316,0.73,0.0,0.0,3 Нормативные ссылки
3,Нужно ли ежегодно проводить переоценку поставщиков?,25,0.7315,0.73,0.0,0.71,"8.6 При  необходимости  обеспечить  прослеживаемость  вносимых  корректировок (например, внутреннюю экспертизу проводят несколько человек одновременно, или сотрудник, выступающий в роли ГИПа (ОИ) не имеет достаточного опыта) возможно оформление Листа внутренней экспертизы ."
3,Нужно ли ежегодно проводить переоценку поставщиков?,26,0.7314,0.73,0.0,0.73,Исполнитель обязан:
3,Нужно ли ежегодно проводить переоценку поставщиков?,27,0.7311,0.73,0.0,0.0,6.1 Сбор и анализ информации о проводимых тендерах.
3,Нужно ли ежегодно проводить переоценку поставщиков?,28,0.7342,0.73,0.0,0.73,"4.3 Нормоконтролю подлежат ПСД на всех стадиях проектирования, а также изменения, внесенные в ранее разработанную и выданную заказчику документацию, в соответствии с нормами проверки документов."
3,Нужно ли ежегодно проводить переоценку поставщиков?,29,0.7296,0.73,0.0,0.0,11. График поверки средств измерений микроклимата в помещении архива АО «ВолгоградНИПИнефть» на 20__ год
3,Нужно ли ежегодно проводить переоценку поставщиков?,30,0.7295,0.73,0.0,0.71,"1.7 Работники, ответственные за осуществление производственного контроля, при производстве маркшейдерско-геодезических работ должны иметь:"
3,Нужно ли ежегодно проводить переоценку поставщиков?,31,0.7363,0.73,0.0,0.74,"6.2 Специалист, осуществляющий нормоконтроль, имеет право:"
3,Нужно ли ежегодно проводить переоценку поставщиков?,32,0.7288,0.73,0.0,0.0,"6.11 Один раз в год, при составлении годового отчета и анализа ИСМ со стороны руководства проводится работа по полномасштабному выявлению событий, влияющих на деятельность Института, и идентификация рисков:"
3,Нужно ли ежегодно проводить переоценку поставщиков?,33,0.7285,0.73,0.53,0.71,1.2 Инструкция определяет порядок действий и согласований при внешних поставках:
3,Нужно ли ежегодно проводить переоценку поставщиков?,34,0.7282,0.73,0.0,0.71,8.3 Не допускается
3,Нужно ли ежегодно проводить переоценку поставщиков?,35,0.7277,0.73,0.0,0.72,"6. Изменения, внесенные в проектную и рабочую документацию, ранее выданную заказчику"
3,Нужно ли ежегодно проводить переоценку поставщиков?,36,0.7259,0.73,0.0,0.0,"2.5 Организация работ (для Заказчика) по ведению мониторинга деформаций горных пород и земной поверхности, геомеханических и геодинамических процессов при недропользовании с оценкой качества выполненных работ и исключением их негативного влияния на разработку месторождений предприятий-недропользователей. Проведение комплекса мероприятий, направленных на обеспечение безопасного функционирования объектов, выполняемых по договорам, а также на предупреждение аварий на этих объектах."
3,Нужно ли ежегодно проводить переоценку поставщиков?,37,0.7258,0.73,0.0,0.72,5.1 Нормоконтроль является завершающим этапом разработки ПСД.
3,Нужно ли ежегодно проводить переоценку поставщиков?,38,0.7257,0.73,0.52,0.71,При этом проверяются:
3,Нужно ли ежегодно проводить переоценку поставщиков?,39,0.7247,0.72,0.0,0.0,Наименование ПО
3,Нужно ли ежегодно проводить переоценку поставщиков?,40,0.7231,0.72,0.0,0.0,"5.3 Принимает решения о внесении изменений и (или) дополнений в перечень сведений, оставляющих коммерческую тайну."
3,Нужно ли ежегодно проводить переоценку поставщиков?,41,0.723,0.72,0.53,0.0,12 Перечень нормативных документов по контролю качества выпускаемой продукции
3,Нужно ли ежегодно проводить переоценку поставщиков?,42,0.7225,0.72,0.0,0.0,"3. Карточка на литературу, отчеты, архивные материалы:"
3,Нужно ли ежегодно проводить переоценку поставщиков?,43,0.7223,0.72,0.0,0.0,"ПОЛОЖЕНИЕ По организации внутреннего контроля качества и приемки топографо-геодезических, картографических и проектно-изыскательских работ «ПЛ-08-ОВКК»"
3,Нужно ли ежегодно проводить переоценку поставщиков?,44,0.7222,0.72,0.0,0.0,Приложение 3. Перечень программного обеспечения
3,Нужно ли ежегодно проводить переоценку поставщиков?,45,0.7221,0.72,0.0,0.71,3 Задачи
3,Нужно ли ежегодно проводить переоценку поставщиков?,46,0.7215,0.72,0.0,0.71,"7.19 В случае принятия решения о необходимости изменения условий договора, РПП информирует об этом ДО (устно и/или по электронной почте), составляет официальное письмо Заказчику с объяснением причин и, при необходимости, уточненный Календарный план."
3,Нужно ли ежегодно проводить переоценку поставщиков?,47,0.7447,0.0,0.0,0.74,7 Приемка материалов по окончании полевых работ
3,Нужно ли ежегодно проводить переоценку поставщиков?,48,0.7423,0.0,0.0,0.74,2 Область применения
3,Нужно ли ежегодно проводить переоценку поставщиков?,49,0.7376,0.0,0.0,0.74,Примечания
3,Нужно ли ежегодно проводить переоценку поставщиков?,50,0.7367,0.0,0.0,0.74,"11 Требования, предъявляемые к субподрядным организациям."
3,Нужно ли ежегодно проводить переоценку поставщиков?,51,0.7356,0.0,0.0,0.74,5 Контроль подготовки к работам
3,Нужно ли ежегодно проводить переоценку поставщиков?,52,0.7268,0.0,0.0,0.73,3 Задачи
3,Нужно ли ежегодно проводить переоценку поставщиков?,53,0.7252,0.0,0.0,0.73,2 Квалификационные требования
3,Нужно ли ежегодно проводить переоценку поставщиков?,54,0.7244,0.0,0.56,0.72,2 Квалификационные требования
3,Нужно ли ежегодно проводить переоценку поставщиков?,55,0.7231,0.0,0.0,0.72,6 Права и обязанности работника
3,Нужно ли ежегодно проводить переоценку поставщиков?,56,0.7228,0.0,0.0,0.72,4 Персонал
3,Нужно ли ежегодно проводить переоценку поставщиков?,57,0.7216,0.0,0.0,0.72,13 Заключительное положение
3,Нужно ли ежегодно проводить переоценку поставщиков?,58,0.7212,0.0,0.0,0.72,2 Квалификационные требования
3,Нужно ли ежегодно проводить переоценку поставщиков?,59,0.7202,0.0,0.53,0.72,"8 Иные положения, связанные с организацией труда дистанционных работников"
3,Нужно ли ежегодно проводить переоценку поставщиков?,60,0.7172,0.0,0.0,0.72,1 Общие положения. Контроль качества приемки работ
3,Нужно ли ежегодно проводить переоценку поставщиков?,61,0.7154,0.0,0.0,0.72,Производственная информация
3,Нужно ли ежегодно проводить переоценку поставщиков?,62,0.7148,0.0,0.53,0.71,6 Полевой контроль и приемка полевых работ
3,Нужно ли ежегодно проводить переоценку поставщиков?,63,0.7137,0.0,0.52,0.71,5 Защита персональных данных
3,Нужно ли ежегодно проводить переоценку поставщиков?,64,0.7129,0.0,0.0,0.71,5 Должностной оклад и доплаты
3,Нужно ли ежегодно проводить переоценку поставщиков?,65,0.7127,0.0,0.0,0.71,1 Назначение
3,Нужно ли ежегодно проводить переоценку поставщиков?,66,0.7127,0.0,0.0,0.71,2 Область применения
3,Нужно ли ежегодно проводить переоценку поставщиков?,67,0.7125,0.0,0.0,0.71,4 Права
3,Нужно ли ежегодно проводить переоценку поставщиков?,68,0.7101,0.0,0.0,0.71,Главный маркшейдер - начальник отдела инженерных изысканий МГС соответственно обеспечивает:
3,Нужно ли ежегодно проводить переоценку поставщиков?,69,0.709,0.0,0.0,0.71,Основные права и обязанности работодателя
3,Нужно ли ежегодно проводить переоценку поставщиков?,70,0.7087,0.0,0.0,0.71,"Порядок приемки, регистрации и архивирования источников информации."
3,Нужно ли ежегодно проводить переоценку поставщиков?,71,0.7084,0.0,0.0,0.71,2 Область применения
3,Нужно ли ежегодно проводить переоценку поставщиков?,72,0.7083,0.0,0.53,0.71,8 Начисление и выплата заработной платы
3,Нужно ли ежегодно проводить переоценку поставщиков?,73,0.7082,0.0,0.0,0.71,Внутреннего трудового распорядка АО «ВолгоградНИПИнефть»
3,Нужно ли ежегодно проводить переоценку поставщиков?,74,0.7082,0.0,0.0,0.71,5 ПРАВА
3,Нужно ли ежегодно проводить переоценку поставщиков?,75,0.7078,0.0,0.0,0.71,5 Ответственность.
3,Нужно ли ежегодно проводить переоценку поставщиков?,76,0.7074,0.0,0.0,0.71,Приложение Г
3,Нужно ли ежегодно проводить переоценку поставщиков?,77,0.707,0.0,0.0,0.71,1 Назначение
3,Нужно ли ежегодно проводить переоценку поставщиков?,78,0.7066,0.0,0.0,0.71,6 Порядок обеспечения дистанционных работников необходимым оборудованием и иными средствами
3,Нужно ли ежегодно проводить переоценку поставщиков?,79,0.7063,0.0,0.0,0.71,Внутреннего трудового распорядка АО «ВолгоградНИПИнефть»
3,Нужно ли ежегодно проводить переоценку поставщиков?,80,0.7061,0.0,0.52,0.71,3 Обработка персональных данных
3,Нужно ли ежегодно проводить переоценку поставщиков?,81,0.7057,0.0,0.0,0.71,"7 Учет ошибок, обнаруженных при нормоконтроле"
3,Нужно ли ежегодно проводить переоценку поставщиков?,82,0.7056,0.0,0.0,0.71,Заключительные положения
3,Нужно ли ежегодно проводить переоценку поставщиков?,83,0.7056,0.0,0.0,0.71,Внутреннего трудового распорядка АО «ВолгоградНИПИнефть»
3,Нужно ли ежегодно проводить переоценку поставщиков?,84,0.7056,0.0,0.0,0.71,9 Требования к передаче отходов сторонним специализированным организациям
3,Нужно ли ежегодно проводить переоценку поставщиков?,85,0.7054,0.0,0.54,0.71,"7 Материальная ответственность работника, использующего корпоративную SIM-карту и корпоративный мобильный аппарат"
3,Нужно ли ежегодно проводить переоценку поставщиков?,86,0.7047,0.0,0.0,0.7,7 КОНТРОЛЬ ЗА СОБЛЮДЕНИЕМ ТРЕБОВАНИЙ НАСТОЯЩЕГО ПОЛОЖЕНИЯ
3,Нужно ли ежегодно проводить переоценку поставщиков?,87,0.7045,0.0,0.0,0.7,5 Порядок приема и перевода работника на дистанционную работу
3,Нужно ли ежегодно проводить переоценку поставщиков?,88,0.7039,0.0,0.0,0.7,3 Нормативные ссылки
3,Нужно ли ежегодно проводить переоценку поставщиков?,89,0.7036,0.0,0.0,0.7,решений
3,Нужно ли ежегодно проводить переоценку поставщиков?,90,0.7034,0.0,0.53,0.7,"10 Функциональные обязанности должностных лиц по контролю качества геодезических, инженерно-изыскательских и картографических работ"
3,Нужно ли ежегодно проводить переоценку поставщиков?,91,0.599,0.0,0.6,0.0,"Оформление договоров на выполнение работ, оказание услуг"
3,Нужно ли ежегодно проводить переоценку поставщиков?,92,0.5938,0.0,0.59,0.0,6.2 Оценка существенности экологических аспектов по суммарному количеству баллов
3,Нужно ли ежегодно проводить переоценку поставщиков?,93,0.5743,0.0,0.57,0.0,Проекты договоров
3,Нужно ли ежегодно проводить переоценку поставщиков?,94,0.5707,0.0,0.57,0.0,ПОЛОЖЕНИЕ Об уполномоченном по интегрированной системе менеджмента в отделе инженерных изысканий «ПЛ-08-УИСМ»
3,Нужно ли ежегодно проводить переоценку поставщиков?,95,0.5651,0.0,0.57,0.0,ПЛ-08-УИСМ
3,Нужно ли ежегодно проводить переоценку поставщиков?,96,0.5618,0.0,0.56,0.0,4.4 Согласовывать внутреннюю документацию ИСМ Института до её утверждения.
3,Нужно ли ежегодно проводить переоценку поставщиков?,97,0.556,0.0,0.56,0.0,7 Последовательность формирования реестров экологических аспектов
3,Нужно ли ежегодно проводить переоценку поставщиков?,98,0.5555,0.0,0.56,0.0,Приложение 2 Перечень внутренней документации ИСМ отдела
3,Нужно ли ежегодно проводить переоценку поставщиков?,99,0.5546,0.0,0.55,0.0,№ п/п
3,Нужно ли ежегодно проводить переоценку поставщиков?,100,0.5505,0.0,0.55,0.0,3.11 Обеспечивать доступность действующих редакций необходимых документов в местах их использования
3,Нужно ли ежегодно проводить переоценку поставщиков?,101,0.5483,0.0,0.55,0.0,ПОЛОЖЕНИЕ Об отделе геологии «ПЛ-07»
3,Нужно ли ежегодно проводить переоценку поставщиков?,102,0.5463,0.0,0.55,0.0,1.2 Обязанности Уполномоченного по ИСМ возлагаются начальником отдела инженерных изысканий на сотрудника отдела.
3,Нужно ли ежегодно проводить переоценку поставщиков?,103,0.5444,0.0,0.54,0.0,Приложение 2. Перечень внутренней документации договорного отдела
3,Нужно ли ежегодно проводить переоценку поставщиков?,104,0.5444,0.0,0.54,0.0,5.3 Идентификация экологических аспектов
3,Нужно ли ежегодно проводить переоценку поставщиков?,105,0.5442,0.0,0.54,0.0,"4.8 Обоснование стоимости работ по договорам, тендерам и иные расчеты к ним."
3,Нужно ли ежегодно проводить переоценку поставщиков?,106,0.5416,0.0,0.54,0.0,ПЛ-07
3,Нужно ли ежегодно проводить переоценку поставщиков?,107,0.5399,0.0,0.54,0.0,Компьютерная справочная правовая система ГАРАНТ
3,Нужно ли ежегодно проводить переоценку поставщиков?,108,0.5367,0.0,0.54,0.0,4.2 Лабораторные исследования керна и шлама нефтегазовых скважин.
3,Нужно ли ежегодно проводить переоценку поставщиков?,109,0.5349,0.0,0.53,0.0,"1.1 Данная инструкция определяет порядок приемки, регистрации и архивирования документов, переданных во временное пользование заказчиком или сторонней организацией, внешних нормативных документов, литературы, CD выполненных отчетов, а также научно-технической документации, образовавшейся в процессе производственной деятельности института."
3,Нужно ли ежегодно проводить переоценку поставщиков?,110,0.5344,0.0,0.53,0.0,5.1 Последовательность идентификации экологических аспектов
3,Нужно ли ежегодно проводить переоценку поставщиков?,111,0.5335,0.0,0.53,0.0,Повременно-премиальная система оплаты труда
3,Нужно ли ежегодно проводить переоценку поставщиков?,112,0.5334,0.0,0.53,0.0,2.3 Структуру и штатную численность Отдела утверждает генеральный директор Института исходя из условий и особенностей деятельности Института по представлению заместителя генерального директора по общим вопросам (см. Приложение 1).
3,Нужно ли ежегодно проводить переоценку поставщиков?,113,0.5302,0.0,0.53,0.0,Приложение 3. Кадровая документация отдела
3,Нужно ли ежегодно проводить переоценку поставщиков?,114,0.5295,0.0,0.53,0.0,4 Функции
3,Нужно ли ежегодно проводить переоценку поставщиков?,115,0.5294,0.0,0.53,0.0,"3.1 Корпоративная  мобильная  связь -  совокупность  услуг  мобильной  связи, предоставляемых оператором мобильной связи на основании договора, заключенного с Институтом, и используемых сотрудниками Института."
3,Нужно ли ежегодно проводить переоценку поставщиков?,116,0.5285,0.0,0.53,0.0,"6.1 В качестве документального подтверждения расходов на корпоративную мобильную связь ответственное лицо организует получение от оператора, предоставляющего мобильную связь, детализации звонков по всем корпоративным номерам, используемым в Институте."
3,Нужно ли ежегодно проводить переоценку поставщиков?,117,0.5279,0.0,0.53,0.0,3.2 В целях обеспечения прав и свобод человека и гражданина работодатель и его представители при обработке персональных данных работника обязаны соблюдать следующие общие требования:
3,Нужно ли ежегодно проводить переоценку поставщиков?,118,0.5275,0.0,0.53,0.0,Рабочая инструкция «Структура каталога проекта»
3,Нужно ли ежегодно проводить переоценку поставщиков?,119,0.5255,0.0,0.53,0.0,Идентификация экологических аспектов
3,Нужно ли ежегодно проводить переоценку поставщиков?,120,0.5252,0.0,0.53,0.0,Приложение В
3,Нужно ли ежегодно проводить переоценку поставщиков?,121,0.5252,0.0,0.53,0.0,3.2 При работе с рамочными договорами на обучение к счету на оплату прикладывается расшифровка Заявки на обучение:
3,Нужно ли ежегодно проводить переоценку поставщиков?,122,0.525,0.0,0.53,0.0,1 Назначение
3,Нужно ли ежегодно проводить переоценку поставщиков?,123,0.5234,0.0,0.52,0.0,Об учетно-финансовом отделе
3,Нужно ли ежегодно проводить переоценку поставщиков?,124,0.5227,0.0,0.52,0.0,1.1 Настоящая инструкция определяет порядок внесения и актуализации информации на внутреннем портале АО «ВолгоградНИПИнефть» (далее по тексту Институт) и ответственных за формирование данной информации.
3,Нужно ли ежегодно проводить переоценку поставщиков?,125,0.5221,0.0,0.52,0.0,Об учетно-финансовом отделе
3,Нужно ли ежегодно проводить переоценку поставщиков?,126,0.5219,0.0,0.52,0.0,Согласовано:
3,Нужно ли ежегодно проводить переоценку поставщиков?,127,0.5219,0.0,0.52,0.0,"1.1 Настоящая Инструкция определяет порядок оформления, согласования, регистрации, контроля исполнения, изменения условий работ по РД в Институте."
3,Нужно ли ежегодно проводить переоценку поставщиков?,128,0.5213,0.0,0.52,0.0,"1.11 Настоящее Положение может быть дополнено, изменено или отменено приказом генерального директора Института."
3,Нужно ли ежегодно проводить переоценку поставщиков?,129,0.5207,0.0,0.52,0.0,2 Понятие и состав персональных данных
3,Нужно ли ежегодно проводить переоценку поставщиков?,130,0.5207,0.0,0.52,0.0,"4 Термины, обозначения"
3,Нужно ли ежегодно проводить переоценку поставщиков?,131,0.5205,0.0,0.52,0.0,"1.2 Настоящее Положение разработано на основании статей Конституции РФ, Трудового Кодекса РФ, Кодекса об административных правонарушениях РФ, Гражданского Кодекса РФ, Уголовного Кодекса РФ, а также Федерального закона «Об информации, информатизации и защите информации»."
3,Нужно ли ежегодно проводить переоценку поставщиков?,132,0.5195,0.0,0.52,0.0,4.8 На время отпуска или временной нетрудоспособности работника за ним сохраняется установленный лимит корпоративной связи в целях обеспечения оперативной связи в случае возникновения производственной необходимости.
3,Нужно ли ежегодно проводить переоценку поставщиков?,133,0.5184,0.0,0.52,0.0,"3.7 Обеспечивать качество проектных работ, а также качество других выпускаемых документов в соответствии с нормами и правилами, стандартами, техническими условиями и техническим заданием"
3,Нужно ли ежегодно проводить переоценку поставщиков?,134,0.8195,0.82,0.5,0.78,"6 Оценка, выбор и переоценка поставщиков."
3,Нужно ли ежегодно проводить переоценку поставщиков?,135,0.768,0.75,0.0,0.77,"8 Верификация поставленной продукции, работ (услуг)"
3,Нужно ли ежегодно проводить переоценку поставщиков?,136,0.7316,0.73,0.0,0.68,3 Нормативные ссылки
3,Нужно ли ежегодно проводить переоценку поставщиков?,137,0.7376,0.72,0.0,0.74,Примечания
3,Нужно ли ежегодно проводить переоценку поставщиков?,138,0.7423,0.71,0.5,0.74,2 Область применения
3,Нужно ли ежегодно проводить переоценку поставщиков?,139,0.7614,0.68,0.51,0.76,"7 Порядок действий при внешних поставках для осуществления работ по договорам в офисе Института и внешних поставках, связанных с развитием инфраструктуры и материальных ресурсов Института"
3,Нужно ли ежегодно проводить переоценку поставщиков?,140,0.7138,0.68,0.0,0.71,1 Назначение
3,Нужно ли ежегодно проводить переоценку поставщиков?,141,0.674,0.67,0.0,0.67,СОГЛАСОВАНО:
3,Нужно ли ежегодно проводить переоценку поставщиков?,142,0.672,0.67,0.53,0.66,Приложение В
3,Нужно ли ежегодно проводить переоценку поставщиков?,143,0.751,0.67,0.0,0.75,5 Основные положения
3,Нужно ли ежегодно проводить переоценку поставщиков?,144,0.7179,0.67,0.0,0.72,Приложение А
3,Нужно ли ежегодно проводить переоценку поставщиков?,145,0.7129,0.66,0.0,0.71,Приложение Д
3,Нужно ли ежегодно проводить переоценку поставщиков?,146,0.699,0.65,0.0,0.7,Приложение Г
3,Нужно ли ежегодно проводить переоценку поставщиков?,147,0.6922,0.65,0.0,0.69,ИНСТРУКЦИЯ Внешние поставки «ИН-01-ВП»
3,Нужно ли ежегодно проводить переоценку поставщиков?,148,0.6254,0.63,0.0,0.61,Приложение Б
3,Нужно ли ежегодно проводить переоценку поставщиков?,149,0.713,0.6,0.0,0.71,"4 Термины, обозначения, сокращения"
4,Надо ли каждый год переоценивать поставщиков?,1,0.8603,0.86,0.0,0.78,6.2 Плановая оценка/переоценка поставщиков
4,Надо ли каждый год переоценивать поставщиков?,2,0.7816,0.78,0.54,0.76,7.15
4,Надо ли каждый год переоценивать поставщиков?,3,0.7698,0.77,0.0,0.72,Оценка и выбор поставщиков
4,Надо ли каждый год переоценивать поставщиков?,4,0.7695,0.77,0.0,0.72,"3.5 Постоянное изучение и анализ замечаний Заказчиков, органов государственного надзора, проведение корректирующих действий для устранения причин их возникновения, идентификация рисков и/или возможностей."
4,Надо ли каждый год переоценивать поставщиков?,5,0.7683,0.77,0.0,0.73,"3.3 Постоянное изучение и анализ замечаний Заказчиков, органов государственного надзора, проведение корректирующих действий для устранения причин их возникновения, идентификация рисков и/или возможностей."
4,Надо ли каждый год переоценивать поставщиков?,6,0.7691,0.77,0.0,0.77,"7.10 По результатам идентификации и оценки рисков в масштабах всего Института, Реестр рисков ежегодно пересматривается, уточняется и/или дополняется."
4,Надо ли каждый год переоценивать поставщиков?,7,0.7634,0.76,0.0,0.75,5.5 Сотрудник или сотрудники вышеуказанных подразделений на систематической основе должны осуществлять деятельность по:
4,Надо ли каждый год переоценивать поставщиков?,8,0.7629,0.76,0.0,0.73,"9.6 Замечания внутренней экспертизы, экспертизы Заказчика и внешних экспертиз к ПД должны анализироваться РПП, ГИПом (ОИ). Если в результате анализа выявляются повторяющиеся замечания и/или тенденции к увеличению замечаний, РПП, ГИП (ОИ) обязаны выявлять причины замечаний с документированием последующих действий, а в случае необходимости инициировать корректирующие действия в соответствии с процедурой «Корректирующие действия» (ПР-10.2-КД):"
4,Надо ли каждый год переоценивать поставщиков?,9,0.7625,0.76,0.0,0.73,"10.7 Замечания Заказчика полученные в Анкете оценки Заказчиком продукции АО «ВолгоградНИПИнефть» должны анализироваться РПП, ГИПом (ОИ). Если в результате анализа выявляются повторяющиеся замечания и/или тенденции РПП, ГИП (ОИ) обязаны инициировать корректирующие действия в соответствии с процедурой «Корректирующие действия» (ПР-10.2-КД)."
4,Надо ли каждый год переоценивать поставщиков?,10,0.7617,0.76,0.0,0.71,"3.5 Постоянное изучение и анализ замечаний Заказчиков, органов государственного надзора, проведение корректирующих действий для устранения причин их возникновения, идентификация рисков и/или возможностей."
4,Надо ли каждый год переоценивать поставщиков?,11,0.761,0.76,0.0,0.71,4.1 Термины и определения:
4,Надо ли каждый год переоценивать поставщиков?,12,0.7608,0.76,0.53,0.75,3 Метрологическое обеспечение
4,Надо ли каждый год переоценивать поставщиков?,13,0.7491,0.75,0.0,0.71,Список сотрудников ответственных за внешние поставки
4,Надо ли каждый год переоценивать поставщиков?,14,0.768,0.75,0.0,0.77,8.6 Результатом проверок может быть:
4,Надо ли каждый год переоценивать поставщиков?,15,0.7439,0.74,0.0,0.72,"Требования, предъявляемые к организациям, осуществляющим сервисное обслуживание"
4,Надо ли каждый год переоценивать поставщиков?,16,0.7386,0.74,0.0,0.0,6.5 Контроль и оценка эффективности процессов
4,Надо ли каждый год переоценивать поставщиков?,17,0.738,0.74,0.0,0.0,История документа
4,Надо ли каждый год переоценивать поставщиков?,18,0.7375,0.74,0.0,0.0,История документа
4,Надо ли каждый год переоценивать поставщиков?,19,0.7413,0.74,0.0,0.74,Он обязан:
4,Надо ли каждый год переоценивать поставщиков?,20,0.7571,0.74,0.0,0.76,"4.5 В целях повышения качества и сокращения объема ПСД, нормоконтролер должен:"
4,Надо ли каждый год переоценивать поставщиков?,21,0.7354,0.74,0.0,0.0,4.3 Требовать от всех сотрудников отдела:
4,Надо ли каждый год переоценивать поставщиков?,22,0.7326,0.73,0.0,0.73,6.3 Работодатель обязан:
4,Надо ли каждый год переоценивать поставщиков?,23,0.7325,0.73,0.0,0.71,"1.15 При изменении условий работы, уточнении и перераспределении задач и функций настоящее Положение может быть пересмотрено, изменено или дополнено, по согласованию с Нижне-Волжским Управлением Ростехнадзора. Все изменения и дополнения к настоящему Положению вносятся в «Лист изменений и дополнений» на основании соответствующего приказа."
4,Надо ли каждый год переоценивать поставщиков?,24,0.7316,0.73,0.0,0.0,3 Нормативные ссылки
4,Надо ли каждый год переоценивать поставщиков?,25,0.7315,0.73,0.0,0.71,"8.6 При  необходимости  обеспечить  прослеживаемость  вносимых  корректировок (например, внутреннюю экспертизу проводят несколько человек одновременно, или сотрудник, выступающий в роли ГИПа (ОИ) не имеет достаточного опыта) возможно оформление Листа внутренней экспертизы ."
4,Надо ли каждый год переоценивать поставщиков?,26,0.7314,0.73,0.0,0.73,Исполнитель обязан:
4,Надо ли каждый год переоценивать поставщиков?,27,0.7311,0.73,0.0,0.0,6.1 Сбор и анализ информации о проводимых тендерах.
4,Надо ли каждый год переоценивать поставщиков?,28,0.7342,0.73,0.0,0.73,"4.3 Нормоконтролю подлежат ПСД на всех стадиях проектирования, а также изменения, внесенные в ранее разработанную и выданную заказчику документацию, в соответствии с нормами проверки документов."
4,Надо ли каждый год переоценивать поставщиков?,29,0.7296,0.73,0.0,0.0,11. График поверки средств измерений микроклимата в помещении архива АО «ВолгоградНИПИнефть» на 20__ год
4,Надо ли каждый год переоценивать поставщиков?,30,0.7295,0.73,0.0,0.71,"1.7 Работники, ответственные за осуществление производственного контроля, при производстве маркшейдерско-геодезических работ должны иметь:"
4,Надо ли каждый год переоценивать поставщиков?,31,0.7363,0.73,0.0,0.74,"6.2 Специалист, осуществляющий нормоконтроль, имеет право:"
4,Надо ли каждый год переоценивать поставщиков?,32,0.7288,0.73,0.0,0.0,"6.11 Один раз в год, при составлении годового отчета и анализа ИСМ со стороны руководства проводится работа по полномасштабному выявлению событий, влияющих на деятельность Института, и идентификация рисков:"
4,Надо ли каждый год переоценивать поставщиков?,33,0.7285,0.73,0.53,0.71,1.2 Инструкция определяет порядок действий и согласований при внешних поставках:
4,Надо ли каждый год переоценивать поставщиков?,34,0.7282,0.73,0.0,0.71,8.3 Не допускается
4,Надо ли каждый год переоценивать поставщиков?,35,0.7277,0.73,0.0,0.72,"6. Изменения, внесенные в проектную и рабочую документацию, ранее выданную заказчику"
4,Надо ли каждый год переоценивать поставщиков?,36,0.7259,0.73,0.0,0.0,"2.5 Организация работ (для Заказчика) по ведению мониторинга деформаций горных пород и земной поверхности, геомеханических и геодинамических процессов при недропользовании с оценкой качества выполненных работ и исключением их негативного влияния на разработку месторождений предприятий-недропользователей. Проведение комплекса мероприятий, направленных на обеспечение безопасного функционирования объектов, выполняемых по договорам, а также на предупреждение аварий на этих объектах."
4,Надо ли каждый год переоценивать поставщиков?,37,0.7258,0.73,0.0,0.72,5.1 Нормоконтроль является завершающим этапом разработки ПСД.
4,Надо ли каждый год переоценивать поставщиков?,38,0.7257,0.73,0.52,0.71,При этом проверяются:
4,Надо ли каждый год переоценивать поставщиков?,39,0.7247,0.72,0.0,0.0,Наименование ПО
4,Надо ли каждый год переоценивать поставщиков?,40,0.7231,0.72,0.0,0.0,"5.3 Принимает решения о внесении изменений и (или) дополнений в перечень сведений, оставляющих коммерческую тайну."
4,Надо ли каждый год переоценивать поставщиков?,41,0.723,0.72,0.53,0.0,12 Перечень нормативных документов по контролю качества выпускаемой продукции
4,Надо ли каждый год переоценивать поставщиков?,42,0.7225,0.72,0.0,0.0,"3. Карточка на литературу, отчеты, архивные материалы:"
4,Надо ли каждый год переоценивать поставщиков?,43,0.7223,0.72,0.0,0.0,"ПОЛОЖЕНИЕ По организации внутреннего контроля качества и приемки топографо-геодезических, картографических и проектно-изыскательских работ «ПЛ-08-ОВКК»"
4,Надо ли каждый год переоценивать поставщиков?,44,0.7222,0.72,0.0,0.0,Приложение 3. Перечень программного обеспечения
4,Надо ли каждый год переоценивать поставщиков?,45,0.7221,0.72,0.0,0.71,3 Задачи
4,Надо ли каждый год переоценивать поставщиков?,46,0.7215,0.72,0.0,0.71,"7.19 В случае принятия решения о необходимости изменения условий договора, РПП информирует об этом ДО (устно и/или по электронной почте), составляет официальное письмо Заказчику с объяснением причин и, при необходимости, уточненный Календарный план."
4,Надо ли каждый год переоценивать поставщиков?,47,0.7447,0.0,0.0,0.74,7 Приемка материалов по окончании полевых работ
4,Надо ли каждый год переоценивать поставщиков?,48,0.7423,0.0,0.0,0.74,2 Область применения
4,Надо ли каждый год переоценивать поставщиков?,49,0.7376,0.0,0.0,0.74,Примечания
4,Надо ли каждый год переоценивать поставщиков?,50,0.7367,0.0,0.0,0.74,"11 Требования, предъявляемые к субподрядным организациям."
4,Надо ли каждый год переоценивать поставщиков?,51,0.7356,0.0,0.0,0.74,5 Контроль подготовки к работам
4,Надо ли каждый год переоценивать поставщиков?,52,0.7268,0.0,0.0,0.73,3 Задачи
4,Надо ли каждый год переоценивать поставщиков?,53,0.7252,0.0,0.0,0.73,2 Квалификационные требования
4,Надо ли каждый год переоценивать поставщиков?,54,0.7244,0.0,0.56,0.72,2 Квалификационные требования
4,Надо ли каждый год переоценивать поставщиков?,55,0.7231,0.0,0.0,0.72,6 Права и обязанности работника
4,Надо ли каждый год переоценивать поставщиков?,56,0.7228,0.0,0.0,0.72,4 Персонал
4,Надо ли каждый год переоценивать поставщиков?,57,0.7216,0.0,0.0,0.72,13 Заключительное положение
4,Надо ли каждый год переоценивать поставщиков?,58,0.7212,0.0,0.0,0.72,2 Квалификационные требования
4,Надо ли каждый год переоценивать поставщиков?,59,0.7202,0.0,0.53,0.72,"8 Иные положения, связанные с организацией труда дистанционных работников"
4,Надо ли каждый год переоценивать поставщиков?,60,0.7172,0.0,0.0,0.72,1 Общие положения. Контроль качества приемки работ
4,Надо ли каждый год переоценивать поставщиков?,61,0.7154,0.0,0.0,0.72,Производственная информация
4,Надо ли каждый год переоценивать поставщиков?,62,0.7148,0.0,0.53,0.71,6 Полевой контроль и приемка полевых работ
4,Надо ли каждый год переоценивать поставщиков?,63,0.7137,0.0,0.52,0.71,5 Защита персональных данных
4,Надо ли каждый год переоценивать поставщиков?,64,0.7129,0.0,0.0,0.71,5 Должностной оклад и доплаты
4,Надо ли каждый год переоценивать поставщиков?,65,0.7127,0.0,0.0,0.71,1 Назначение
4,Надо ли каждый год переоценивать поставщиков?,66,0.7127,0.0,0.0,0.71,2 Область применения
4,Надо ли каждый год переоценивать поставщиков?,67,0.7125,0.0,0.0,0.71,4 Права
4,Надо ли каждый год переоценивать поставщиков?,68,0.7101,0.0,0.0,0.71,Главный маркшейдер - начальник отдела инженерных изысканий МГС соответственно обеспечивает:
4,Надо ли каждый год переоценивать поставщиков?,69,0.709,0.0,0.0,0.71,Основные права и обязанности работодателя
4,Надо ли каждый год переоценивать поставщиков?,70,0.7087,0.0,0.0,0.71,"Порядок приемки, регистрации и архивирования источников информации."
4,Надо ли каждый год переоценивать поставщиков?,71,0.7084,0.0,0.0,0.71,2 Область применения
4,Надо ли каждый год переоценивать поставщиков?,72,0.7083,0.0,0.53,0.71,8 Начисление и выплата заработной платы
4,Надо ли каждый год переоценивать поставщиков?,73,0.7082,0.0,0.0,0.71,Внутреннего трудового распорядка АО «ВолгоградНИПИнефть»
4,Надо ли каждый год переоценивать поставщиков?,74,0.7082,0.0,0.0,0.71,5 ПРАВА
4,Надо ли каждый год переоценивать поставщиков?,75,0.7078,0.0,0.0,0.71,5 Ответственность.
4,Надо ли каждый год переоценивать поставщиков?,76,0.7074,0.0,0.0,0.71,Приложение Г
4,Надо ли каждый год переоценивать поставщиков?,77,0.707,0.0,0.0,0.71,1 Назначение
4,Надо ли каждый год переоценивать поставщиков?,78,0.7066,0.0,0.0,0.71,6 Порядок обеспечения дистанционных работников необходимым оборудованием и иными средствами
4,Надо ли каждый год переоценивать поставщиков?,79,0.7063,0.0,0.0,0.71,Внутреннего трудового распорядка АО «ВолгоградНИПИнефть»
4,Надо ли каждый год переоценивать поставщиков?,80,0.7061,0.0,0.52,0.71,3 Обработка персональных данных
4,Надо ли каждый год переоценивать поставщиков?,81,0.7057,0.0,0.0,0.71,"7 Учет ошибок, обнаруженных при нормоконтроле"
4,Надо ли каждый год переоценивать поставщиков?,82,0.7056,0.0,0.0,0.71,Заключительные положения
4,Надо ли каждый год переоценивать поставщиков?,83,0.7056,0.0,0.0,0.71,Внутреннего трудового распорядка АО «ВолгоградНИПИнефть»
4,Надо ли каждый год переоценивать поставщиков?,84,0.7056,0.0,0.0,0.71,9 Требования к передаче отходов сторонним специализированным организациям
4,Надо ли каждый год переоценивать поставщиков?,85,0.7054,0.0,0.54,0.71,"7 Материальная ответственность работника, использующего корпоративную SIM-карту и корпоративный мобильный аппарат"
4,Надо ли каждый год переоценивать поставщиков?,86,0.7047,0.0,0.0,0.7,7 КОНТРОЛЬ ЗА СОБЛЮДЕНИЕМ ТРЕБОВАНИЙ НАСТОЯЩЕГО ПОЛОЖЕНИЯ
4,Надо ли каждый год переоценивать поставщиков?,87,0.7045,0.0,0.0,0.7,5 Порядок приема и перевода работника на дистанционную работу
4,Надо ли каждый год переоценивать поставщиков?,88,0.7039,0.0,0.0,0.7,3 Нормативные ссылки
4,Надо ли каждый год переоценивать поставщиков?,89,0.7036,0.0,0.0,0.7,решений
4,Надо ли каждый год переоценивать поставщиков?,90,0.7034,0.0,0.53,0.7,"10 Функциональные обязанности должностных лиц по контролю качества геодезических, инженерно-изыскательских и картографических работ"
4,Надо ли каждый год переоценивать поставщиков?,91,0.599,0.0,0.6,0.0,"Оформление договоров на выполнение работ, оказание услуг"
4,Надо ли каждый год переоценивать поставщиков?,92,0.5938,0.0,0.59,0.0,6.2 Оценка существенности экологических аспектов по суммарному количеству баллов
4,Надо ли каждый год переоценивать поставщиков?,93,0.5743,0.0,0.57,0.0,Проекты договоров
4,Надо ли каждый год переоценивать поставщиков?,94,0.5707,0.0,0.57,0.0,ПОЛОЖЕНИЕ Об уполномоченном по интегрированной системе менеджмента в отделе инженерных изысканий «ПЛ-08-УИСМ»
4,Надо ли каждый год переоценивать поставщиков?,95,0.5651,0.0,0.57,0.0,ПЛ-08-УИСМ
4,Надо ли каждый год переоценивать поставщиков?,96,0.5618,0.0,0.56,0.0,4.4 Согласовывать внутреннюю документацию ИСМ Института до её утверждения.
4,Надо ли каждый год переоценивать поставщиков?,97,0.556,0.0,0.56,0.0,7 Последовательность формирования реестров экологических аспектов
4,Надо ли каждый год переоценивать поставщиков?,98,0.5555,0.0,0.56,0.0,Приложение 2 Перечень внутренней документации ИСМ отдела
4,Надо ли каждый год переоценивать поставщиков?,99,0.5546,0.0,0.55,0.0,№ п/п
4,Надо ли каждый год переоценивать поставщиков?,100,0.5505,0.0,0.55,0.0,3.11 Обеспечивать доступность действующих редакций необходимых документов в местах их использования
4,Надо ли каждый год переоценивать поставщиков?,101,0.5483,0.0,0.55,0.0,ПОЛОЖЕНИЕ Об отделе геологии «ПЛ-07»
4,Надо ли каждый год переоценивать поставщиков?,102,0.5463,0.0,0.55,0.0,1.2 Обязанности Уполномоченного по ИСМ возлагаются начальником отдела инженерных изысканий на сотрудника отдела.
4,Надо ли каждый год переоценивать поставщиков?,103,0.5444,0.0,0.54,0.0,Приложение 2. Перечень внутренней документации договорного отдела
4,Надо ли каждый год переоценивать поставщиков?,104,0.5444,0.0,0.54,0.0,5.3 Идентификация экологических аспектов
4,Надо ли каждый год переоценивать поставщиков?,105,0.5442,0.0,0.54,0.0,"4.8 Обоснование стоимости работ по договорам, тендерам и иные расчеты к ним."
4,Надо ли каждый год переоценивать поставщиков?,106,0.5416,0.0,0.54,0.0,ПЛ-07
4,Надо ли каждый год переоценивать поставщиков?,107,0.5399,0.0,0.54,0.0,Компьютерная справочная правовая система ГАРАНТ
4,Надо ли каждый год переоценивать поставщиков?,108,0.5367,0.0,0.54,0.0,4.2 Лабораторные исследования керна и шлама нефтегазовых скважин.
4,Надо ли каждый год переоценивать поставщиков?,109,0.5349,0.0,0.53,0.0,"1.1 Данная инструкция определяет порядок приемки, регистрации и архивирования документов, переданных во временное пользование заказчиком или сторонней организацией, внешних нормативных документов, литературы, CD выполненных отчетов, а также научно-технической документации, образовавшейся в процессе производственной деятельности института."
4,Надо ли каждый год переоценивать поставщиков?,110,0.5344,0.0,0.53,0.0,5.1 Последовательность идентификации экологических аспектов
4,Надо ли каждый год переоценивать поставщиков?,111,0.5335,0.0,0.53,0.0,Повременно-премиальная система оплаты труда
4,Надо ли каждый год переоценивать поставщиков?,112,0.5334,0.0,0.53,0.0,2.3 Структуру и штатную численность Отдела утверждает генеральный директор Института исходя из условий и особенностей деятельности Института по представлению заместителя генерального директора по общим вопросам (см. Приложение 1).
4,Надо ли каждый год переоценивать поставщиков?,113,0.5302,0.0,0.53,0.0,Приложение 3. Кадровая документация отдела
4,Надо ли каждый год переоценивать поставщиков?,114,0.5295,0.0,0.53,0.0,4 Функции
4,Надо ли каждый год переоценивать поставщиков?,115,0.5294,0.0,0.53,0.0,"3.1 Корпоративная  мобильная  связь -  совокупность  услуг  мобильной  связи, предоставляемых оператором мобильной связи на основании договора, заключенного с Институтом, и используемых сотрудниками Института."
4,Надо ли каждый год переоценивать поставщиков?,116,0.5285,0.0,0.53,0.0,"6.1 В качестве документального подтверждения расходов на корпоративную мобильную связь ответственное лицо организует получение от оператора, предоставляющего мобильную связь, детализации звонков по всем корпоративным номерам, используемым в Институте."
4,Надо ли каждый год переоценивать поставщиков?,117,0.5279,0.0,0.53,0.0,3.2 В целях обеспечения прав и свобод человека и гражданина работодатель и его представители при обработке персональных данных работника обязаны соблюдать следующие общие требования:
4,Надо ли каждый год переоценивать поставщиков?,118,0.5275,0.0,0.53,0.0,Рабочая инструкция «Структура каталога проекта»
4,Надо ли каждый год переоценивать поставщиков?,119,0.5255,0.0,0.53,0.0,Идентификация экологических аспектов
4,Надо ли каждый год переоценивать поставщиков?,120,0.5252,0.0,0.53,0.0,Приложение В
4,Надо ли каждый год переоценивать поставщиков?,121,0.5252,0.0,0.53,0.0,3.2 При работе с рамочными договорами на обучение к счету на оплату прикладывается расшифровка Заявки на обучение:
4,Надо ли каждый год переоценивать поставщиков?,122,0.525,0.0,0.53,0.0,1 Назначение
4,Надо ли каждый год переоценивать поставщиков?,123,0.5234,0.0,0.52,0.0,Об учетно-финансовом отделе
4,Надо ли каждый год переоценивать поставщиков?,124,0.5227,0.0,0.52,0.0,1.1 Настоящая инструкция определяет порядок внесения и актуализации информации на внутреннем портале АО «ВолгоградНИПИнефть» (далее по тексту Институт) и ответственных за формирование данной информации.
4,Надо ли каждый год переоценивать поставщиков?,125,0.5221,0.0,0.52,0.0,Об учетно-финансовом отделе
4,Надо ли каждый год переоценивать поставщиков?,126,0.5219,0.0,0.52,0.0,Согласовано:
4,Надо ли каждый год переоценивать поставщиков?,127,0.5219,0.0,0.52,0.0,"1.1 Настоящая Инструкция определяет порядок оформления, согласования, регистрации, контроля исполнения, изменения условий работ по РД в Институте."
4,Надо ли каждый год переоценивать поставщиков?,128,0.5213,0.0,0.52,0.0,"1.11 Настоящее Положение может быть дополнено, изменено или отменено приказом генерального директора Института."
4,Надо ли каждый год переоценивать поставщиков?,129,0.5207,0.0,0.52,0.0,2 Понятие и состав персональных данных
4,Надо ли каждый год переоценивать поставщиков?,130,0.5207,0.0,0.52,0.0,"4 Термины, обозначения"
4,Надо ли каждый год переоценивать поставщиков?,131,0.5205,0.0,0.52,0.0,"1.2 Настоящее Положение разработано на основании статей Конституции РФ, Трудового Кодекса РФ, Кодекса об административных правонарушениях РФ, Гражданского Кодекса РФ, Уголовного Кодекса РФ, а также Федерального закона «Об информации, информатизации и защите информации»."
4,Надо ли каждый год переоценивать поставщиков?,132,0.5195,0.0,0.52,0.0,4.8 На время отпуска или временной нетрудоспособности работника за ним сохраняется установленный лимит корпоративной связи в целях обеспечения оперативной связи в случае возникновения производственной необходимости.
4,Надо ли каждый год переоценивать поставщиков?,133,0.5184,0.0,0.52,0.0,"3.7 Обеспечивать качество проектных работ, а также качество других выпускаемых документов в соответствии с нормами и правилами, стандартами, техническими условиями и техническим заданием"
4,Надо ли каждый год переоценивать поставщиков?,134,0.8195,0.82,0.5,0.78,"6 Оценка, выбор и переоценка поставщиков."
4,Надо ли каждый год переоценивать поставщиков?,135,0.768,0.75,0.0,0.77,"8 Верификация поставленной продукции, работ (услуг)"
4,Надо ли каждый год переоценивать поставщиков?,136,0.7316,0.73,0.0,0.68,3 Нормативные ссылки
4,Надо ли каждый год переоценивать поставщиков?,137,0.7376,0.72,0.0,0.74,Примечания
4,Надо ли каждый год переоценивать поставщиков?,138,0.7423,0.71,0.5,0.74,2 Область применения
4,Надо ли каждый год переоценивать поставщиков?,139,0.7614,0.68,0.51,0.76,"7 Порядок действий при внешних поставках для осуществления работ по договорам в офисе Института и внешних поставках, связанных с развитием инфраструктуры и материальных ресурсов Института"
4,Надо ли каждый год переоценивать поставщиков?,140,0.7138,0.68,0.0,0.71,1 Назначение
4,Надо ли каждый год переоценивать поставщиков?,141,0.674,0.67,0.0,0.67,СОГЛАСОВАНО:
4,Надо ли каждый год переоценивать поставщиков?,142,0.672,0.67,0.53,0.66,Приложение В
4,Надо ли каждый год переоценивать поставщиков?,143,0.751,0.67,0.0,0.75,5 Основные положения
4,Надо ли каждый год переоценивать поставщиков?,144,0.7179,0.67,0.0,0.72,Приложение А
4,Надо ли каждый год переоценивать поставщиков?,145,0.7129,0.66,0.0,0.71,Приложение Д
4,Надо ли каждый год переоценивать поставщиков?,146,0.699,0.65,0.0,0.7,Приложение Г
4,Надо ли каждый год переоценивать поставщиков?,147,0.6922,0.65,0.0,0.69,ИНСТРУКЦИЯ Внешние поставки «ИН-01-ВП»
4,Надо ли каждый год переоценивать поставщиков?,148,0.6254,0.63,0.0,0.61,Приложение Б
4,Надо ли каждый год переоценивать поставщиков?,149,0.713,0.6,0.0,0.71,"4 Термины, обозначения, сокращения"
5,Какие документы нужно получить от поставщика после поставки?,1,0.8394,0.84,0.6,0.8,7.14
5,Какие документы нужно получить от поставщика после поставки?,2,0.8198,0.82,0.51,0.81,8.5 Оборудование должно быть обеспечено необходимыми инструкциями по использованию со стороны поставщика.
5,Какие документы нужно получить от поставщика после поставки?,3,0.8051,0.81,0.56,0.0,"4.4 Оформление документов, сопровождающих выпуск продукции (акты сдачи-приемки выполненных работ, сопроводительные письма), взаимодействие с заказчиками."
5,Какие документы нужно получить от поставщика после поставки?,4,0.7996,0.8,0.0,0.77,1.2 Инструкция определяет порядок действий и согласований при внешних поставках:
5,Какие документы нужно получить от поставщика после поставки?,5,0.7992,0.8,0.0,0.78,7.1 Распределение документов.
5,Какие документы нужно получить от поставщика после поставки?,6,0.7989,0.8,0.52,0.78,Список сотрудников ответственных за внешние поставки
5,Какие документы нужно получить от поставщика после поставки?,7,0.7954,0.8,0.54,0.79,"7.4 При подаче дистанционным работником заявления о выдаче заверенных надлежащим образом копий документов, связанных с работой (статья 62 ТК РФ), Институт не позднее трех рабочих дней со дня подачи указанного заявления обязан направить дистанционному работнику эти копии на бумажном носителе (по почте заказным письмом с уведомлением) или в форме электронного документа, если это указано в заявлении работника (в порядке взаимодействия (в том числе в связи с выполнением трудовой функции дистанционно, передачей результатов работы и отчетов о выполненной работе по запросам работодателя), настоящим положением, трудовым договором, дополнительным соглашением к трудовому договору."
5,Какие документы нужно получить от поставщика после поставки?,8,0.7924,0.79,0.0,0.0,Предпроектная стадия
5,Какие документы нужно получить от поставщика после поставки?,9,0.7909,0.79,0.53,0.79,"5.2 При заключении трудового договора путем обмена электронными документами, предусмотренными статьей 65 ТК РФ, работнику необходимо предоставить:"
5,Какие документы нужно получить от поставщика после поставки?,10,0.7883,0.79,0.0,0.0,6.3 Работодатель обязан:
5,Какие документы нужно получить от поставщика после поставки?,11,0.8175,0.79,0.0,0.82,Исполнитель обязан:
5,Какие документы нужно получить от поставщика после поставки?,12,0.7875,0.79,0.0,0.76,"6.1 Порядок подготовки и оформления договоров, соглашений (дополнительного соглашения, соглашения на расторжение и т.п.) к ним представлен в таблице:"
5,Какие документы нужно получить от поставщика после поставки?,13,0.7874,0.79,0.0,0.79,Проекты актов сдачи - приемки выполненных работ
5,Какие документы нужно получить от поставщика после поставки?,14,0.787,0.79,0.0,0.78,"3.18 При передаче документов «Сопроводительная записка» подписывается с обеих сторон. Один экземпляр с подписями сторон передается Заказчику, другой экземпляр возвращается в отдел и подшивается к делу проекта. Сопроводительной записка является обязательной записью о сохранности собственности заказчика."
5,Какие документы нужно получить от поставщика после поставки?,15,0.7863,0.79,0.0,0.78,"4.3 При заключении трудового договора лицо, поступающее на работу, обязано предъявить следующие документы:"
5,Какие документы нужно получить от поставщика после поставки?,16,0.7914,0.79,0.0,0.79,Примечания
5,Какие документы нужно получить от поставщика после поставки?,17,0.7859,0.79,0.0,0.78,"1.1 Данная инструкция определяет порядок приемки, регистрации и архивирования документов, переданных во временное пользование заказчиком или сторонней организацией, внешних нормативных документов, литературы, CD выполненных отчетов, а также научно-технической документации, образовавшейся в процессе производственной деятельности института."
5,Какие документы нужно получить от поставщика после поставки?,18,0.7857,0.79,0.0,0.0,"7.20 Если условиями договора предусмотрена этапность выполнения работ (промежуточные/информационные отчеты, заключение ФАР и т.п.), то при завершении работы по очередному этапу информируется ДО для оформления платежных документов. Результат выполненного этапа направляется с официальным сопроводительным письмом, или электронным письмом, которое сохраняется в деле по договору как обязательная запись."
5,Какие документы нужно получить от поставщика после поставки?,19,0.7839,0.78,0.54,0.0,4.1 Термины и определения:
5,Какие документы нужно получить от поставщика после поставки?,20,0.7835,0.78,0.0,0.0,АКТ
5,Какие документы нужно получить от поставщика после поставки?,21,0.7835,0.78,0.0,0.0,Об учетно-финансовом отделе
5,Какие документы нужно получить от поставщика после поставки?,22,0.7824,0.78,0.0,0.77,"7.11 Сохранность собственности Заказчика обеспечивается учетом полученных и подлежащих возврату документов, материалов и данных, необходимых для разработки проектных решений, а также предоставленного керна и/или шлама для проведения исследовательских работ (п.8.5.3. Руководства по интегрированной системе менеджмента):"
5,Какие документы нужно получить от поставщика после поставки?,23,0.7986,0.78,0.0,0.8,7 Приемка материалов по окончании полевых работ
5,Какие документы нужно получить от поставщика после поставки?,24,0.7796,0.78,0.56,0.76,3 Метрологическое обеспечение
5,Какие документы нужно получить от поставщика после поставки?,25,0.7794,0.78,0.0,0.0,"4.6 В течение двух рабочих дней с момента подписания приказа, работнику выдается SIM-карта под подпись и (при необходимости) мобильный аппарат по акту приема-передачи по форме указанной в Приложении В. Возврат по форме в Приложении Г."
5,Какие документы нужно получить от поставщика после поставки?,26,0.7794,0.78,0.0,0.0,6.2 Порядок работы со служебными записками
5,Какие документы нужно получить от поставщика после поставки?,27,0.7787,0.78,0.0,0.77,9 Составление технического отчета по выполненным работам
5,Какие документы нужно получить от поставщика после поставки?,28,0.7787,0.78,0.55,0.78,6.1 Первичная оценка и выбор поставщиков
5,Какие документы нужно получить от поставщика после поставки?,29,0.7778,0.78,0.52,0.76,"9.6 Обязательным является наличие документального подтверждения всей цепочки движения отходов: договор с транспортной компанией на транспортирование отходов, договор транспортной компании со специализированной организацией, которой в конечном итоге будут переданы отходы на обработку, утилизацию, обезвреживание и/или размещение (захоронение)"
5,Какие документы нужно получить от поставщика после поставки?,30,0.7774,0.78,0.0,0.0,Второй экземпляр передается в приёмную для отправки постав- щику
5,Какие документы нужно получить от поставщика после поставки?,31,0.7802,0.78,0.53,0.78,"5.1 Институт обеспечивает соответствие приобретенных внешних процессов, продукции и услуг установленным требованиям. Процесс внешних поставок осуществляется в соответствии с данной инструкцией."
5,Какие документы нужно получить от поставщика после поставки?,32,0.7787,0.78,0.0,0.78,8.2 Отправка документа адресату.
5,Какие документы нужно получить от поставщика после поставки?,33,0.7863,0.78,0.0,0.79,Требования к поставляемой оргтехнике
5,Какие документы нужно получить от поставщика после поставки?,34,0.7863,0.77,0.52,0.79,"Требования к расходным материалам, поставляемым для огтехники"
5,Какие документы нужно получить от поставщика после поставки?,35,0.774,0.77,0.0,0.0,"5.1 Запрашивать и получать в указанные сроки от структурных подразделений Общества и Заказчика необходимую информацию, материалы и документацию для своевременного и качественного выполнения функций, возложенных на Службу."
5,Какие документы нужно получить от поставщика после поставки?,36,0.787,0.77,0.54,0.79,"Порядок приемки, регистрации и архивирования источников информации."
5,Какие документы нужно получить от поставщика после поставки?,37,0.7736,0.77,0.0,0.76,"Документы, подтверждающие расходы на проживание"
5,Какие документы нужно получить от поставщика после поставки?,38,0.7734,0.77,0.0,0.0,"6.5 Оформление и согласование договоров, актов сдачи-приемки выполненных работ, платежных документов по этапам и работе в целом осуществляется в соответствии с инструкцией «Организация договорной работы» (ИН-05 ДР):"
5,Какие документы нужно получить от поставщика после поставки?,39,0.7728,0.77,0.0,0.76,"Оформление договоров на выполнение работ, оказание услуг"
5,Какие документы нужно получить от поставщика после поставки?,40,0.7728,0.77,0.52,0.76,"9.4 В течение 3 (трех) рабочих дней со дня возвращения из служебной командировки работник обязан представить в учетно-финансовый отдел авансовый отчет об израсходованных им суммах. Вместе с авансовым отчетом передаются документы (в оригинале), подтверждающие размер произведенных расходов, с указанием формы их оплаты (наличными, чеком, кредитной картой, безналичным перерасчетом). При зарубежных командировках к отчету прилагается ксерокопия отметок в заграничном паспорте."
5,Какие документы нужно получить от поставщика после поставки?,41,0.7812,0.77,0.0,0.78,"7.6 При завершении выполнения работ или оказания услуг, помимо заполнения таблицы ВП, сотрудником ДО делается запись в «Журнале выпущенной продукции», в котором отражается информация о выставленных, подписанных и оплаченных актах сдачи-приемки выполненных работ с указанием даты события."
5,Какие документы нужно получить от поставщика после поставки?,42,0.7903,0.77,0.0,0.79,Он обязан:
5,Какие документы нужно получить от поставщика после поставки?,43,0.7727,0.77,0.0,0.0,"5.7 Ответственность за своевременное формирование пакета документации, содержащей ТП, с учетом всех требований компании, объявившей конкурс, и своевременное предоставление пакета документов в приемную для отправки адресату, возлагается на ОИ."
5,Какие документы нужно получить от поставщика после поставки?,44,0.7727,0.77,0.0,0.0,"6. Изменения, внесенные в проектную и рабочую документацию, ранее выданную заказчику"
5,Какие документы нужно получить от поставщика после поставки?,45,0.7725,0.77,0.0,0.76,"4.9 При прекращении трудового договора работодатель обязан выдать работнику в день увольнения (последний день работы) трудовую книжку и/или форму СТД-Р, по письменному заявлению работника копии документов, связанных с работой."
5,Какие документы нужно получить от поставщика после поставки?,46,0.7719,0.77,0.0,0.0,8.1 Фактический срок пребывания сотрудника в месте командирования определяется по проездным документам
5,Какие документы нужно получить от поставщика после поставки?,47,0.806,0.77,0.0,0.81,ЛИСТ СОГЛАСОВАНИЯ ДОГОВОРА
5,Какие документы нужно получить от поставщика после поставки?,48,0.7707,0.77,0.0,0.76,"3.2 Выполнение требований законов РФ, международных стандартов и нормативных документов. Помощь Заказчику по приведению его пожеланий в соответствие с требованиями нормативных документов."
5,Какие документы нужно получить от поставщика после поставки?,49,0.7973,0.0,0.0,0.8,Приложение 3. Перечень документированной информации информационно-технического отдела.
5,Какие документы нужно получить от поставщика после поставки?,50,0.7913,0.0,0.0,0.79,Внутреннего трудового распорядка АО «ВолгоградНИПИнефть»
5,Какие документы нужно получить от поставщика после поставки?,51,0.7911,0.0,0.0,0.79,Организация договорной работы
5,Какие документы нужно получить от поставщика после поставки?,52,0.7895,0.0,0.0,0.79,2 Область применения
5,Какие документы нужно получить от поставщика после поставки?,53,0.7862,0.0,0.0,0.79,2 Область применения
5,Какие документы нужно получить от поставщика после поставки?,54,0.7843,0.0,0.52,0.78,ИНСТРУКЦИЯ Внешние поставки «ИН-01-ВП»
5,Какие документы нужно получить от поставщика после поставки?,55,0.7843,0.0,0.51,0.78,ИН-01-ВП
5,Какие документы нужно получить от поставщика после поставки?,56,0.775,0.0,0.0,0.78,"7 Выполнение работ, оказание услуг"
5,Какие документы нужно получить от поставщика после поставки?,57,0.7747,0.0,0.0,0.77,1 Общие положения
5,Какие документы нужно получить от поставщика после поставки?,58,0.7741,0.0,0.0,0.77,Приложение 4. Перечень регламентированных процессов
5,Какие документы нужно получить от поставщика после поставки?,59,0.7737,0.0,0.0,0.77,4 Персонал
5,Какие документы нужно получить от поставщика после поставки?,60,0.772,0.0,0.0,0.77,"Приложение 7. Выпуск продукции на 20__ г. на основании заключенных договоров, с НДС."
5,Какие документы нужно получить от поставщика после поставки?,61,0.7711,0.0,0.0,0.77,Приложение Г
5,Какие документы нужно получить от поставщика после поставки?,62,0.771,0.0,0.0,0.77,10 Завершающая стадия
5,Какие документы нужно получить от поставщика после поставки?,63,0.7705,0.0,0.0,0.77,"9 Стадия экспертиз, защит и согласований"
5,Какие документы нужно получить от поставщика после поставки?,64,0.7682,0.0,0.0,0.77,ИНСТРУКЦИЯ По подготовке тендерного предложения «ИН-01-ПТП»
5,Какие документы нужно получить от поставщика после поставки?,65,0.7682,0.0,0.0,0.77,ИН-01-ПТП
5,Какие документы нужно получить от поставщика после поставки?,66,0.7667,0.0,0.0,0.77,3 Нормативные ссылки
5,Какие документы нужно получить от поставщика после поставки?,67,0.7657,0.0,0.0,0.77,Приложение Б
5,Какие документы нужно получить от поставщика после поставки?,68,0.7652,0.0,0.53,0.77,Приложение 1 Перечень документированной информации
5,Какие документы нужно получить от поставщика после поставки?,69,0.7642,0.0,0.0,0.76,3 Нормативные ссылки
5,Какие документы нужно получить от поставщика после поставки?,70,0.7641,0.0,0.0,0.76,Приложение 2. Перечень регламентированных процессов информационно-технического отдела.
5,Какие документы нужно получить от поставщика после поставки?,71,0.7635,0.0,0.0,0.76,Приложение Б. Информационный лист проекта
5,Какие документы нужно получить от поставщика после поставки?,72,0.7634,0.0,0.0,0.76,Приложение В
5,Какие документы нужно получить от поставщика после поставки?,73,0.7618,0.0,0.0,0.76,P:\\\\Информация…
5,Какие документы нужно получить от поставщика после поставки?,74,0.7616,0.0,0.0,0.76,Приложение Д
5,Какие документы нужно получить от поставщика после поставки?,75,0.7615,0.0,0.0,0.76,6 Порядок обеспечения дистанционных работников необходимым оборудованием и иными средствами
5,Какие документы нужно получить от поставщика после поставки?,76,0.7614,0.0,0.0,0.76,С производственными службами Заказчика по строительству и обустройству месторождений:
5,Какие документы нужно получить от поставщика после поставки?,77,0.7614,0.0,0.0,0.76,Организация договорной работы
5,Какие документы нужно получить от поставщика после поставки?,78,0.7612,0.0,0.0,0.76,АО «ВолгоградНИПИнефть»
5,Какие документы нужно получить от поставщика после поставки?,79,0.761,0.0,0.0,0.76,8 Стадия оформления работы
5,Какие документы нужно получить от поставщика после поставки?,80,0.7609,0.0,0.0,0.76,Приложение 2. Перечень внутренней документации ИСМ отдела
5,Какие документы нужно получить от поставщика после поставки?,81,0.7599,0.0,0.0,0.76,10 Порядок допуска к коммерческой тайне
5,Какие документы нужно получить от поставщика после поставки?,82,0.7595,0.0,0.0,0.76,2 Квалификационные требования
5,Какие документы нужно получить от поставщика после поставки?,83,0.7576,0.0,0.0,0.76,3 Нормативные ссылки
5,Какие документы нужно получить от поставщика после поставки?,84,0.7573,0.0,0.0,0.76,3 Нормативные ссылки
5,Какие документы нужно получить от поставщика после поставки?,85,0.7569,0.0,0.0,0.76,2 Квалификационные требования
5,Какие документы нужно получить от поставщика после поставки?,86,0.7566,0.0,0.0,0.76,Приложение 6. Формы журналов отдела:
5,Какие документы нужно получить от поставщика после поставки?,87,0.7565,0.0,0.0,0.76,При этом проверяются:
5,Какие документы нужно получить от поставщика после поставки?,88,0.7565,0.0,0.0,0.76,1 ОБЩИЕ ПОЛОЖЕНИЯ
5,Какие документы нужно получить от поставщика после поставки?,89,0.756,0.0,0.0,0.76,9 Заключительные положения
5,Какие документы нужно получить от поставщика после поставки?,90,0.7555,0.0,0.53,0.76,2 Квалификационные требования
5,Какие документы нужно получить от поставщика после поставки?,91,0.6686,0.0,0.67,0.0,6.1 Методика оценки экологических аспектов
5,Какие документы нужно получить от поставщика после поставки?,92,0.6165,0.0,0.62,0.0,4.2 Внешний доступ.
5,Какие документы нужно получить от поставщика после поставки?,93,0.6106,0.0,0.61,0.0,"5.4 Требовать от сотрудников Института оказания содействия в исполнении им задач и функций, предусмотренных настоящим положением."
5,Какие документы нужно получить от поставщика после поставки?,94,0.6105,0.0,0.61,0.0,Идентификация экологических аспектов
5,Какие документы нужно получить от поставщика после поставки?,95,0.5955,0.0,0.6,0.0,Сверхурочная работа
5,Какие документы нужно получить от поставщика после поставки?,96,0.5827,0.0,0.58,0.0,2.4 Работники Отдела назначаются на должности и освобождаются от должностей приказом генерального директора Института по представлению начальника отдела.
5,Какие документы нужно получить от поставщика после поставки?,97,0.5819,0.0,0.58,0.0,4.2 Получать от должностных лиц необходимые документы по вопросам ИСМ.
5,Какие документы нужно получить от поставщика после поставки?,98,0.5753,0.0,0.58,0.0,"1.11 Настоящее Положение может быть дополнено, изменено или отменено приказом генерального директора Института."
5,Какие документы нужно получить от поставщика после поставки?,99,0.5688,0.0,0.57,0.0,4.1 Термины.
5,Какие документы нужно получить от поставщика после поставки?,100,0.5636,0.0,0.56,0.0,Повременно-премиальная система оплаты труда
5,Какие документы нужно получить от поставщика после поставки?,101,0.563,0.0,0.56,0.0,"6.5 Работники ставят работодателя в известность об изменении фамилии, имени, отчества, даты рождения, что получает отражение в трудовой книжке на основании представленных документов. При необходимости изменяются данные об образовании, профессии, специальности, присвоении нового разряда, адреса регистрации и пр."
5,Какие документы нужно получить от поставщика после поставки?,102,0.5614,0.0,0.56,0.0,"6.1 В качестве документального подтверждения расходов на корпоративную мобильную связь ответственное лицо организует получение от оператора, предоставляющего мобильную связь, детализации звонков по всем корпоративным номерам, используемым в Институте."
5,Какие документы нужно получить от поставщика после поставки?,103,0.5592,0.0,0.56,0.0,"3.10 Анализировать, по мере необходимости актуализирует и согласовывает с руководством документы ИСМ"
5,Какие документы нужно получить от поставщика после поставки?,104,0.5579,0.0,0.56,0.0,5.1 Последовательность идентификации экологических аспектов
5,Какие документы нужно получить от поставщика после поставки?,105,0.5561,0.0,0.56,0.0,2.4 Сотрудники Отдела назначаются на должности и освобождаются от должностей приказом генерального директора по представлению начальника Отдела.
5,Какие документы нужно получить от поставщика после поставки?,106,0.5557,0.0,0.56,0.0,"1.3 Уполномоченный по ИСМ выполняет свои функции независимо от других, возложенных на него должностных обязанностей."
5,Какие документы нужно получить от поставщика после поставки?,107,0.5556,0.0,0.56,0.0,"5.4 Защита персональных данных работника от неправомерного их использования или утраты должна быть обеспечена работодателем за счет его средств в порядке, установленном федеральным законом."
5,Какие документы нужно получить от поставщика после поставки?,108,0.5515,0.0,0.55,0.0,7. Книга учета листков нетрудоспособности:
5,Какие документы нужно получить от поставщика после поставки?,109,0.5511,0.0,0.55,0.0,"8.3 В случае направления работодателем дистанционного работника для выполнения служебного поручения в другую местность (на другую территорию), отличную от местности (территории) выполнения трудовой функции, на дистанционного работника распространяется действие статей 166-168 ТК РФ."
5,Какие документы нужно получить от поставщика после поставки?,110,0.5489,0.0,0.55,0.0,5.4 Идентификация видов воздействия экологических аспектов на ОС
5,Какие документы нужно получить от поставщика после поставки?,111,0.5467,0.0,0.55,0.0,"2.1 Данная процедура обязательна для применения во всех структурных подразделениях Института, включенных в область распространения системы экологического менеджмента согласно Приказу по Институту № "
5,Какие документы нужно получить от поставщика после поставки?,112,0.5422,0.0,0.54,0.0,"1.6 Структура и штат МГС устанавливается исходя из необходимости своевременного, качественного и в установленные требованиями нормативных документов сроки выполнения комплекса маркшейдерских работ, необходимого при проектировании, строительстве, эксплуатации, реконструкции, консервации и ликвидации объектов нефтегазовой отрасли, с учетом видов полезного ископаемого, геологического строения месторождения, горнотехнических и гидрогеологических факторов, объемов и технологии ведения горных, строительно-монтажных и строительных работ, площади горного и земельного отводов, их застроенности и климатических условий региона. Численность МГС определяется в соответствии с методикой, которую утверждает генеральный директор Общества по согласованию с Федеральной службой по экологическому, технологическому и атомному надзору, либо его территориальном органом. На руководителя Общества возлагается ответственность за укомплектование отдела необходимым штатом инженернотехнических работников и рабочих, обеспечение ее специально оборудованными помещениями, автотранспортом, инструментами, приборами и материалами, и современной вычислительной техникой (персональными компьютерами с необходимыми программным обеспечением, средствами измерения и контроля, графопостроителями и др.)."
5,Какие документы нужно получить от поставщика после поставки?,113,0.5367,0.0,0.54,0.0,6 Полевой контроль и приемка полевых работ
5,Какие документы нужно получить от поставщика после поставки?,114,0.5355,0.0,0.54,0.0,8 Начисление и выплата заработной платы
5,Какие документы нужно получить от поставщика после поставки?,115,0.5351,0.0,0.54,0.0,Определения и сокращения
5,Какие документы нужно получить от поставщика после поставки?,116,0.533,0.0,0.53,0.0,"3.5 Передача персональных данных работника возможна только с согласия работника или в случаях, прямо предусмотренных законодательством"
5,Какие документы нужно получить от поставщика после поставки?,117,0.5314,0.0,0.53,0.0,12 Перечень нормативных документов по контролю качества выпускаемой продукции
5,Какие документы нужно получить от поставщика после поставки?,118,0.5304,0.0,0.53,0.0,5.6 «Внешняя защита».
5,Какие документы нужно получить от поставщика после поставки?,119,0.5292,0.0,0.53,0.0,"1.1 Целью данного Положения является защита перс่านльных данных работников от несанкционированного доступа, неправомерного их использования или утраты."
5,Какие документы нужно получить от поставщика после поставки?,120,0.5244,0.0,0.52,0.0,8.1 Деятельность по транспортированию отходов II класса
5,Какие документы нужно получить от поставщика после поставки?,121,0.5242,0.0,0.52,0.0,Приложение 2. Перечень внутренней документации ИСМ отдела
5,Какие документы нужно получить от поставщика после поставки?,122,0.5234,0.0,0.52,0.0,"5.5 Требовать от руководства Института оказания содействия в исполнении им задач и функций, предусмотренных настоящим положением."
5,Какие документы нужно получить от поставщика после поставки?,123,0.5217,0.0,0.52,0.0,"7.5 В Институте действует следующий порядок взаимодействия работодателя и работника, в том числе в связи с выполнением трудовой функции дистанционно, передачей результатов работы и отчетов о выполненной работе по запросам работодателя"
5,Какие документы нужно получить от поставщика после поставки?,124,0.5216,0.0,0.52,0.0,"11.5 Контроль в области обращения с отходами в Институте производится согласно Программе производственного экологического контроля (ПМ-17-ПЭК-1, ПМ-17ПЭК-2):"
5,Какие документы нужно получить от поставщика после поставки?,125,0.5216,0.0,0.52,0.0,Проект горного отвода для всех видов полезных ископаемых
5,Какие документы нужно получить от поставщика после поставки?,126,0.5198,0.0,0.52,0.0,Приложение 2 Исходные данные для составления смет.
5,Какие документы нужно получить от поставщика после поставки?,127,0.5197,0.0,0.52,0.0,История документа
5,Какие документы нужно получить от поставщика после поставки?,128,0.5179,0.0,0.52,0.0,"2.3 Данные документы являются конфиденциальными, хотя, учитывая их массовость и единое место обработки и хранения - соответствующий гриф ограничения на них не ставится."
5,Какие документы нужно получить от поставщика после поставки?,129,0.5159,0.0,0.52,0.0,4.1.1 Проект горного отвода для разработки месторождения.
5,Какие документы нужно получить от поставщика после поставки?,130,0.5154,0.0,0.52,0.0,"5.5 Требовать от руководства Института оказания содействия в исполнении им задач и функций, предусмотренных настоящим положением."
5,Какие документы нужно получить от поставщика после поставки?,131,0.5149,0.0,0.51,0.0,"3.7 Осуществление маркшейдерского контроля (по договору) за правильностью разработки нефтяных и газовых месторождений и выполнением    требований  по  охране  недр,  за  правильностью  определения объемов выполненных работ, своевременностью и эффективностью выполнения мероприятий, обеспечивающих при проведении горных работ или горных разработок, в том числе и в опасных зонах  безопасность для жизни и здоровья работников и населения, охрану окружающей среды и недр, зданий, сооружений и природных объектов от вредного влияния этих работ, в том числе и  за правильностью установления границ безопасного ведения работ."
5,Какие документы нужно получить от поставщика после поставки?,132,0.8091,0.8,0.0,0.81,"8 Верификация поставленной продукции, работ (услуг)"
5,Какие документы нужно получить от поставщика после поставки?,133,0.7914,0.79,0.0,0.79,Примечания
5,Какие документы нужно получить от поставщика после поставки?,134,0.7787,0.77,0.52,0.78,"6 Оценка, выбор и переоценка поставщиков."
5,Какие документы нужно получить от поставщика после поставки?,135,0.7863,0.76,0.52,0.79,Приложение В
5,Какие документы нужно получить от поставщика после поставки?,136,0.8011,0.76,0.0,0.8,"7 Порядок действий при внешних поставках для осуществления работ по договорам в офисе Института и внешних поставках, связанных с развитием инфраструктуры и материальных ресурсов Института"
5,Какие документы нужно получить от поставщика после поставки?,137,0.7642,0.76,0.0,0.76,3 Нормативные ссылки
5,Какие документы нужно получить от поставщика после поставки?,138,0.7895,0.75,0.0,0.79,2 Область применения
5,Какие документы нужно получить от поставщика после поставки?,139,0.7843,0.72,0.52,0.78,ИНСТРУКЦИЯ Внешние поставки «ИН-01-ВП»
5,Какие документы нужно получить от поставщика после поставки?,140,0.7495,0.7,0.0,0.75,СОГЛАСОВАНО:
5,Какие документы нужно получить от поставщика после поставки?,141,0.7812,0.7,0.0,0.78,Приложение Д
5,Какие документы нужно получить от поставщика после поставки?,142,0.7802,0.7,0.0,0.78,5 Основные положения
5,Какие документы нужно получить от поставщика после поставки?,143,0.7863,0.69,0.0,0.79,Приложение А
5,Какие документы нужно получить от поставщика после поставки?,144,0.7115,0.69,0.0,0.71,Приложение Б
5,Какие документы нужно получить от поставщика после поставки?,145,0.7711,0.69,0.0,0.77,Приложение Г
5,Какие документы нужно получить от поставщика после поставки?,146,0.7699,0.67,0.0,0.77,1 Назначение
5,Какие документы нужно получить от поставщика после поставки?,147,0.7441,0.61,0.0,0.74,"4 Термины, обозначения, сокращения"
6,Перечисли документы которые нужно получить у поставщика,1,0.8565,0.86,0.62,0.79,7.14
6,Перечисли документы которые нужно получить у поставщика,2,0.819,0.82,0.0,0.78,8.5 Оборудование должно быть обеспечено необходимыми инструкциями по использованию со стороны поставщика.
6,Перечисли документы которые нужно получить у поставщика,3,0.8162,0.82,0.8,0.0,"4.4 Оформление документов, сопровождающих выпуск продукции (акты сдачи-приемки выполненных работ, сопроводительные письма), взаимодействие с заказчиками."
6,Перечисли документы которые нужно получить у поставщика,4,0.8072,0.81,0.0,0.0,"4.3 При заключении трудового договора лицо, поступающее на работу, обязано предъявить следующие документы:"
6,Перечисли документы которые нужно получить у поставщика,5,0.806,0.81,0.0,0.81,Примечания
6,Перечисли документы которые нужно получить у поставщика,6,0.8033,0.8,0.0,0.77,"6.1 Порядок подготовки и оформления договоров, соглашений (дополнительного соглашения, соглашения на расторжение и т.п.) к ним представлен в таблице:"
6,Перечисли документы которые нужно получить у поставщика,7,0.8011,0.8,0.65,0.77,Основные данные документа
6,Перечисли документы которые нужно получить у поставщика,8,0.8008,0.8,0.65,0.78,"5.2 При заключении трудового договора путем обмена электронными документами, предусмотренными статьей 65 ТК РФ, работнику необходимо предоставить:"
6,Перечисли документы которые нужно получить у поставщика,9,0.7986,0.8,0.0,0.0,1.2 Инструкция определяет порядок действий и согласований при внешних поставках:
6,Перечисли документы которые нужно получить у поставщика,10,0.7973,0.8,0.0,0.0,4.2 Получать от должностных лиц необходимые документы по вопросам ИСМ.
6,Перечисли документы которые нужно получить у поставщика,11,0.7973,0.8,0.0,0.0,4.2 Получать от должностных лиц необходимые документы по вопросам ИСМ.
6,Перечисли документы которые нужно получить у поставщика,12,0.7972,0.8,0.0,0.77,F:\\\\ !Шаблоны документов\\\\Бланки регистрации
6,Перечисли документы которые нужно получить у поставщика,13,0.7961,0.8,0.0,0.0,Лист 1 лицевая сторона
6,Перечисли документы которые нужно получить у поставщика,14,0.7955,0.8,0.0,0.78,Приложение 2. Перечень регламентирующих документов
6,Перечисли документы которые нужно получить у поставщика,15,0.7954,0.8,0.0,0.78,7.1 Распределение документов.
6,Перечисли документы которые нужно получить у поставщика,16,0.7949,0.79,0.0,0.0,Об учетно-финансовом отделе
6,Перечисли документы которые нужно получить у поставщика,17,0.7948,0.79,0.0,0.77,8.1 Проектная документация должна включать Информационный лист проекта:
6,Перечисли документы которые нужно получить у поставщика,18,0.7932,0.79,0.0,0.0,Предпроектная стадия
6,Перечисли документы которые нужно получить у поставщика,19,0.7931,0.79,0.0,0.0,"Документы, подтверждающие расходы на проживание"
6,Перечисли документы которые нужно получить у поставщика,20,0.7913,0.79,0.0,0.0,"5.1 Запрашивать и получать в указанные сроки от структурных подразделений Общества и Заказчика необходимую информацию, материалы и документацию для своевременного и качественного выполнения функций, возложенных на Службу."
6,Перечисли документы которые нужно получить у поставщика,21,0.791,0.79,0.0,0.0,"5.1 Запрашивать от Заказчиков и структурных подразделений Института сведения, необходимые для работы."
6,Перечисли документы которые нужно получить у поставщика,22,0.791,0.79,0.0,0.0,Общие сведения
6,Перечисли документы которые нужно получить у поставщика,23,0.7908,0.79,0.0,0.0,6.3 Работодатель обязан:
6,Перечисли документы которые нужно получить у поставщика,24,0.7937,0.79,0.0,0.79,Требования к поставляемой оргтехнике
6,Перечисли документы которые нужно получить у поставщика,25,0.8074,0.79,0.77,0.81,Приложение 4. Перечень документированной информации отдела
6,Перечисли документы которые нужно получить у поставщика,26,0.7884,0.79,0.0,0.0,"1.1 Данная инструкция определяет порядок приемки, регистрации и архивирования документов, переданных во временное пользование заказчиком или сторонней организацией, внешних нормативных документов, литературы, CD выполненных отчетов, а также научно-технической документации, образовавшейся в процессе производственной деятельности института."
6,Перечисли документы которые нужно получить у поставщика,27,0.8265,0.79,0.0,0.83,ЛИСТ СОГЛАСОВАНИЯ ДОГОВОРА
6,Перечисли документы которые нужно получить у поставщика,28,0.8028,0.79,0.62,0.8,Исполнитель обязан:
6,Перечисли документы которые нужно получить у поставщика,29,0.7877,0.79,0.0,0.79,6.1 Первичная оценка и выбор поставщиков
6,Перечисли документы которые нужно получить у поставщика,30,0.7894,0.79,0.0,0.79,8.1 Составление и согласование документа исполнителем.
6,Перечисли документы которые нужно получить у поставщика,31,0.7866,0.79,0.0,0.0,"7.11 Сохранность собственности Заказчика обеспечивается учетом полученных и подлежащих возврату документов, материалов и данных, необходимых для разработки проектных решений, а также предоставленного керна и/или шлама для проведения исследовательских работ (п.8.5.3. Руководства по интегрированной системе менеджмента):"
6,Перечисли документы которые нужно получить у поставщика,32,0.7864,0.79,0.0,0.78,"Порядок приемки, регистрации и архивирования источников информации."
6,Перечисли документы которые нужно получить у поставщика,33,0.7862,0.79,0.0,0.0,6.2 Порядок работы со служебными записками
6,Перечисли документы которые нужно получить у поставщика,34,0.7858,0.79,0.0,0.0,Приложение 3. Кадровая документация отдела
6,Перечисли документы которые нужно получить у поставщика,35,0.7852,0.79,0.0,0.0,"9.6 Обязательным является наличие документального подтверждения всей цепочки движения отходов: договор с транспортной компанией на транспортирование отходов, договор транспортной компании со специализированной организацией, которой в конечном итоге будут переданы отходы на обработку, утилизацию, обезвреживание и/или размещение (захоронение)"
6,Перечисли документы которые нужно получить у поставщика,36,0.785,0.78,0.76,0.78,"Оформление договоров на выполнение работ, оказание услуг"
6,Перечисли документы которые нужно получить у поставщика,37,0.7846,0.78,0.0,0.0,7.1 Структура Группы.
6,Перечисли документы которые нужно получить у поставщика,38,0.7841,0.78,0.0,0.78,Приложение 1 Перечень документированной информации
6,Перечисли документы которые нужно получить у поставщика,39,0.7839,0.78,0.0,0.0,"6.5 Оформление и согласование договоров, актов сдачи-приемки выполненных работ, платежных документов по этапам и работе в целом осуществляется в соответствии с инструкцией «Организация договорной работы» (ИН-05 ДР):"
6,Перечисли документы которые нужно получить у поставщика,40,0.7999,0.78,0.0,0.8,3 Нормативные ссылки
6,Перечисли документы которые нужно получить у поставщика,41,0.7843,0.78,0.0,0.78,Приложение 2 Исходные данные для составления смет.
6,Перечисли документы которые нужно получить у поставщика,42,0.7829,0.78,0.0,0.78,"7.4 При подаче дистанционным работником заявления о выдаче заверенных надлежащим образом копий документов, связанных с работой (статья 62 ТК РФ), Институт не позднее трех рабочих дней со дня подачи указанного заявления обязан направить дистанционному работнику эти копии на бумажном носителе (по почте заказным письмом с уведомлением) или в форме электронного документа, если это указано в заявлении работника (в порядке взаимодействия (в том числе в связи с выполнением трудовой функции дистанционно, передачей результатов работы и отчетов о выполненной работе по запросам работодателя), настоящим положением, трудовым договором, дополнительным соглашением к трудовому договору."
6,Перечисли документы которые нужно получить у поставщика,43,0.7827,0.78,0.0,0.0,АКТ
6,Перечисли документы которые нужно получить у поставщика,44,0.7923,0.78,0.0,0.79,Список сотрудников ответственных за внешние поставки
6,Перечисли документы которые нужно получить у поставщика,45,0.7808,0.78,0.0,0.0,8.1 Фактический срок пребывания сотрудника в месте командирования определяется по проездным документам
6,Перечисли документы которые нужно получить у поставщика,46,0.7807,0.78,0.0,0.0,Приложение 5. Перечень программного обеспечения отдела
6,Перечисли документы которые нужно получить у поставщика,47,0.7807,0.78,0.66,0.0,Приложение 5. Перечень программного обеспечения отдела
6,Перечисли документы которые нужно получить у поставщика,48,0.7805,0.78,0.0,0.0,7 Список приложений
6,Перечисли документы которые нужно получить у поставщика,49,0.7804,0.78,0.0,0.0,3.1 Термины и определения:
6,Перечисли документы которые нужно получить у поставщика,50,0.7802,0.78,0.0,0.77,"3.2 Выполнение требований законов РФ, международных стандартов и нормативных документов. Помощь Заказчику по приведению его пожеланий в соответствие с требованиями нормативных документов."
6,Перечисли документы которые нужно получить у поставщика,51,0.7799,0.78,0.0,0.0,4 Общие требования
6,Перечисли документы которые нужно получить у поставщика,52,0.7797,0.78,0.0,0.0,4.2 Обеспечение расходными материалами.
6,Перечисли документы которые нужно получить у поставщика,53,0.7794,0.78,0.0,0.0,Общие сведения
6,Перечисли документы которые нужно получить у поставщика,54,0.7893,0.78,0.0,0.79,2. Журнал учета выдачи документов ИСМ и периодических изданий:
6,Перечисли документы которые нужно получить у поставщика,55,0.8042,0.0,0.0,0.8,Приложение 3. Перечень документированной информации информационно-технического отдела.
6,Перечисли документы которые нужно получить у поставщика,56,0.8007,0.0,0.0,0.8,Приложение В
6,Перечисли документы которые нужно получить у поставщика,57,0.7989,0.0,0.0,0.8,Приложение 4. Перечень регламентированных процессов
6,Перечисли документы которые нужно получить у поставщика,58,0.7979,0.0,0.0,0.8,2 Область применения
6,Перечисли документы которые нужно получить у поставщика,59,0.7928,0.0,0.0,0.79,ИНСТРУКЦИЯ Внешние поставки «ИН-01-ВП»
6,Перечисли документы которые нужно получить у поставщика,60,0.7928,0.0,0.0,0.79,ИН-01-ВП
6,Перечисли документы которые нужно получить у поставщика,61,0.7913,0.0,0.0,0.79,2 Область применения
6,Перечисли документы которые нужно получить у поставщика,62,0.7906,0.0,0.0,0.79,Организация договорной работы
6,Перечисли документы которые нужно получить у поставщика,63,0.7893,0.0,0.0,0.79,Таблица 1
6,Перечисли документы которые нужно получить у поставщика,64,0.7865,0.0,0.0,0.79,1 Общие положения
6,Перечисли документы которые нужно получить у поставщика,65,0.7855,0.0,0.0,0.79,Приложение Б. Информационный лист проекта
6,Перечисли документы которые нужно получить у поставщика,66,0.785,0.0,0.63,0.79,Он обязан:
6,Перечисли документы которые нужно получить у поставщика,67,0.7847,0.0,0.0,0.78,Приложение 2. Перечень внутренней документации ИСМ отдела
6,Перечисли документы которые нужно получить у поставщика,68,0.7843,0.0,0.0,0.78,Приложение 3 Перечень регламентированных бизнеспроцессов
6,Перечисли документы которые нужно получить у поставщика,69,0.7843,0.0,0.0,0.78,1 Назначение.
6,Перечисли документы которые нужно получить у поставщика,70,0.7837,0.0,0.66,0.78,"Приложение 7. Выпуск продукции на 20__ г. на основании заключенных договоров, с НДС."
6,Перечисли документы которые нужно получить у поставщика,71,0.7837,0.0,0.0,0.78,Внутреннего трудового распорядка АО «ВолгоградНИПИнефть»
6,Перечисли документы которые нужно получить у поставщика,72,0.7835,0.0,0.0,0.78,Приложение 4. Перечень внутренней документации ИСМ отдела
6,Перечисли документы которые нужно получить у поставщика,73,0.7832,0.0,0.0,0.78,ИНСТРУКЦИЯ По подготовке тендерного предложения «ИН-01-ПТП»
6,Перечисли документы которые нужно получить у поставщика,74,0.7832,0.0,0.0,0.78,ИН-01-ПТП
6,Перечисли документы которые нужно получить у поставщика,75,0.7822,0.0,0.62,0.78,Приложение 2. Перечень внутренней документации договорного отдела
6,Перечисли документы которые нужно получить у поставщика,76,0.782,0.0,0.0,0.78,Приложение 3. Перечень регламентированных бизнес-процессов
6,Перечисли документы которые нужно получить у поставщика,77,0.7818,0.0,0.0,0.78,Приложение 2. Перечень регламентированных процессов информационно-технического отдела.
6,Перечисли документы которые нужно получить у поставщика,78,0.7816,0.0,0.0,0.78,Приложение Д
6,Перечисли документы которые нужно получить у поставщика,79,0.7804,0.0,0.0,0.78,Приложение 6. Формы журналов отдела:
6,Перечисли документы которые нужно получить у поставщика,80,0.7787,0.0,0.0,0.78,СОГЛАСОВАНО:
6,Перечисли документы которые нужно получить у поставщика,81,0.7785,0.0,0.0,0.78,Приложение 2. Перечень внутренней документации ИСМ отдела
6,Перечисли документы которые нужно получить у поставщика,82,0.7782,0.0,0.0,0.78,"7 Выполнение работ, оказание услуг"
6,Перечисли документы которые нужно получить у поставщика,83,0.7781,0.0,0.0,0.78,6 Основные этапы подготовки ТП.
6,Перечисли документы которые нужно получить у поставщика,84,0.777,0.0,0.0,0.78,Приложение 2. Перечень внутренней документации
6,Перечисли документы которые нужно получить у поставщика,85,0.7768,0.0,0.0,0.78,Организация договорной работы
6,Перечисли документы которые нужно получить у поставщика,86,0.7762,0.0,0.0,0.78,Приложение Б
6,Перечисли документы которые нужно получить у поставщика,87,0.7759,0.0,0.0,0.78,3 Нормативные ссылки
6,Перечисли документы которые нужно получить у поставщика,88,0.7753,0.0,0.0,0.78,Приложение 1 Перечень должностных инструкций полевой партии
6,Перечисли документы которые нужно получить у поставщика,89,0.7749,0.0,0.0,0.77,Производственная информация
6,Перечисли документы которые нужно получить у поставщика,90,0.7744,0.0,0.0,0.77,Приложение Б. Информационный лист проекта
6,Перечисли документы которые нужно получить у поставщика,91,0.7735,0.0,0.61,0.77,АО «ВолгоградНИПИнефть»
6,Перечисли документы которые нужно получить у поставщика,92,0.7729,0.0,0.0,0.77,Приложение Г
6,Перечисли документы которые нужно получить у поставщика,93,0.7727,0.0,0.0,0.77,Приложение В
6,Перечисли документы которые нужно получить у поставщика,94,0.7723,0.0,0.0,0.77,ПОЛОЖЕНИЕ Об информационно - техническом отделе « ПЛ-10 »
6,Перечисли документы которые нужно получить у поставщика,95,0.7723,0.0,0.0,0.77,ПЛ-10
6,Перечисли документы которые нужно получить у поставщика,96,0.7721,0.0,0.0,0.77,СОГЛАСОВАНО:
6,Перечисли документы которые нужно получить у поставщика,97,0.7709,0.0,0.71,0.77,Приложение 2 Перечень внутренней документации ИСМ отдела
6,Перечисли документы которые нужно получить у поставщика,98,0.7709,0.0,0.0,0.77,СОГЛАСОВАНО:
6,Перечисли документы которые нужно получить у поставщика,99,0.7708,0.0,0.0,0.77,ПЛ-05
6,Перечисли документы которые нужно получить у поставщика,100,0.7707,0.0,0.0,0.77,ИН-15-РегАрх
6,Перечисли документы которые нужно получить у поставщика,101,0.7707,0.0,0.0,0.77,ИНСТРУКЦИЯ Регистрация и архивирование источников информации «ИН-15-РегАрх»
6,Перечисли документы которые нужно получить у поставщика,102,0.7704,0.0,0.0,0.77,3 Нормативные ссылки
6,Перечисли документы которые нужно получить у поставщика,103,0.7703,0.0,0.64,0.77,Приложение А
6,Перечисли документы которые нужно получить у поставщика,104,0.7702,0.0,0.0,0.77,Организация договорной работы
6,Перечисли документы которые нужно получить у поставщика,105,0.8778,0.0,0.88,0.0,"7.1 Работник несет ответственность за сохранность выданных ему средств корпоративной мобильной связи (SIM-карты, мобильного аппарата). В случае утери или неумышленной порчи средств корпоративной мобильной связи работник за счет личных денежных средств:"
6,Перечисли документы которые нужно получить у поставщика,106,0.8683,0.0,0.87,0.0,6.1 Методика оценки экологических аспектов
6,Перечисли документы которые нужно получить у поставщика,107,0.8251,0.0,0.83,0.0,"4.3 При отсутствии у работника мобильного аппарата для пользования корпоративной мобильной связью, ему вместе с корпоративной SIM-картой может выдаваться корпоративный мобильный аппарат."
6,Перечисли документы которые нужно получить у поставщика,108,0.7772,0.0,0.78,0.0,"3.3 Контроль за соблюдением договорных обязательств Института, оформление актов сдачи-приемки выполненных работ, оказанных услуг."
6,Перечисли документы которые нужно получить у поставщика,109,0.7442,0.0,0.74,0.0,5.3 Идентификация экологических аспектов
6,Перечисли документы которые нужно получить у поставщика,110,0.7337,0.0,0.73,0.0,4.2 Внешний доступ.
6,Перечисли документы которые нужно получить у поставщика,111,0.7295,0.0,0.73,0.0,"6.3 При превышении установленного лимита корпоративной мобильной связи сумма расхода, не подтвержденная производственной необходимостью, подлежит либо оплате работником посредством удержания денежных средств из"
6,Перечисли документы которые нужно получить у поставщика,112,0.7202,0.0,0.72,0.0,8 Начисление и выплата заработной платы
6,Перечисли документы которые нужно получить у поставщика,113,0.7106,0.0,0.71,0.0,"6.1 Ненадлежащее и несвоевременное выполнение задач и функций, предусмотренных настоящим положением."
6,Перечисли документы которые нужно получить у поставщика,114,0.7068,0.0,0.71,0.0,Идентификация экологических аспектов
6,Перечисли документы которые нужно получить у поставщика,115,0.6782,0.0,0.68,0.0,7 Последовательность формирования реестров экологических аспектов
6,Перечисли документы которые нужно получить у поставщика,116,0.6743,0.0,0.67,0.0,"6.9 Дистанционный работник по согласованию с ответственным должностным лицом вправе использовать персональный доступ к имеющимся у него программам, указанным в пунктах 6.3, 6.4 настоящего Положения. В этом случае дистанционному работнику выплачивается компенсация за использование таких программ. Размер компенсации согласовывается сторонами в трудовом договоре или в дополнительном соглашении."
6,Перечисли документы которые нужно получить у поставщика,117,0.6699,0.0,0.67,0.0,Сверхурочная работа
6,Перечисли документы которые нужно получить у поставщика,118,0.6691,0.0,0.67,0.0,"3.10 Анализировать, по мере необходимости актуализирует и согласовывает с руководством документы ИСМ"
6,Перечисли документы которые нужно получить у поставщика,119,0.6587,0.0,0.66,0.0,"5.3 Давать разъяснения, рекомендации и указания по вопросам, входящим в компетенцию Отдела."
6,Перечисли документы которые нужно получить у поставщика,120,0.6554,0.0,0.66,0.0,ЗАЯВЛЕНИЕ
6,Перечисли документы которые нужно получить у поставщика,121,0.6443,0.0,0.64,0.0,"2.1 Персональные данные работника - информация, необходимая работодателю в связи с трудовыми отношениями и касающиеся конкретного работника. Под информацией о работниках понимаются сведения о фактах, событиях и обстоятельствах жизни работника, позволяющие идентифицировать его личность."
6,Перечисли документы которые нужно получить у поставщика,122,0.6434,0.0,0.64,0.0,"3.5 Передача персональных данных работника возможна только с согласия работника или в случаях, прямо предусмотренных законодательством"
6,Перечисли документы которые нужно получить у поставщика,123,0.6419,0.0,0.64,0.0,1 Назначение
6,Перечисли документы которые нужно получить у поставщика,124,0.6418,0.0,0.64,0.0,12 Перечень нормативных документов по контролю качества выпускаемой продукции
6,Перечисли документы которые нужно получить у поставщика,125,0.6393,0.0,0.64,0.0,ПОЛОЖЕНИЕ Об уполномоченном по интегрированной системе менеджмента в отделе инженерных изысканий «ПЛ-08-УИСМ»
6,Перечисли документы которые нужно получить у поставщика,126,0.6385,0.0,0.64,0.0,5 Идентификация всех возможных экологических аспектов
6,Перечисли документы которые нужно получить у поставщика,127,0.6368,0.0,0.64,0.0,ПЛ-08-УИСМ
6,Перечисли документы которые нужно получить у поставщика,128,0.6356,0.0,0.64,0.0,СОГЛАСОВАНО:
6,Перечисли документы которые нужно получить у поставщика,129,0.6321,0.0,0.63,0.0,"3.3 Корпоративный мобильный аппарат -  беспроводной  цифровой телефонный аппарат стандарта GSM, принадлежащий Институту и выданный сотруднику  по  Акту  приема-передачи  для  пользования  корпоративной  мобильной связью."
6,Перечисли документы которые нужно получить у поставщика,130,0.629,0.0,0.63,0.0,3 Метрологическое обеспечение
6,Перечисли документы которые нужно получить у поставщика,131,0.6243,0.0,0.62,0.0,"1.11 Настоящее Положение может быть дополнено, изменено или отменено приказом генерального директора Института."
6,Перечисли документы которые нужно получить у поставщика,132,0.6221,0.0,0.62,0.0,8.1 Работодатель в целях обеспечения безопасных условий труда и охраны труда дистанционных работников в период выполнения ими трудовой функции дистанционно обеспечивает:
6,Перечисли документы которые нужно получить у поставщика,133,0.621,0.0,0.62,0.0,"5.1 Сотрудник, пользующийся корпоративной мобильной связью, должен использовать ее в служебных целях."
6,Перечисли документы которые нужно получить у поставщика,134,0.6198,0.0,0.62,0.0,2 Определения и сокращения
6,Перечисли документы которые нужно получить у поставщика,135,0.6192,0.0,0.62,0.0,"8 Мониторинг, измерения, анализ и оценивание"
6,Перечисли документы которые нужно получить у поставщика,136,0.6179,0.0,0.62,0.0,1.3 В своей деятельности Отдел руководствуется:
6,Перечисли документы которые нужно получить у поставщика,137,0.6179,0.0,0.62,0.0,"1.6 Структура и штат МГС устанавливается исходя из необходимости своевременного, качественного и в установленные требованиями нормативных документов сроки выполнения комплекса маркшейдерских работ, необходимого при проектировании, строительстве, эксплуатации, реконструкции, консервации и ликвидации объектов нефтегазовой отрасли, с учетом видов полезного ископаемого, геологического строения месторождения, горнотехнических и гидрогеологических факторов, объемов и технологии ведения горных, строительно-монтажных и строительных работ, площади горного и земельного отводов, их застроенности и климатических условий региона. Численность МГС определяется в соответствии с методикой, которую утверждает генеральный директор Общества по согласованию с Федеральной службой по экологическому, технологическому и атомному надзору, либо его территориальном органом. На руководителя Общества возлагается ответственность за укомплектование отдела необходимым штатом инженернотехнических работников и рабочих, обеспечение ее специально оборудованными помещениями, автотранспортом, инструментами, приборами и материалами, и современной вычислительной техникой (персональными компьютерами с необходимыми программным обеспечением, средствами измерения и контроля, графопостроителями и др.)."
6,Перечисли документы которые нужно получить у поставщика,138,0.6175,0.0,0.62,0.0,"2.2 Отдел возглавляет начальник отдела, назначаемый на должность приказом генерального директора."
6,Перечисли документы которые нужно получить у поставщика,139,0.6139,0.0,0.61,0.0,"1.12 Маркшейдерско-геодезическая документация (полевая, вычислительная и графическая) выполненная сторонней специализированной организацией на средства Общества должна после обработки полевых материалов храниться у заказчика работ, то есть в МГС."
6,Перечисли документы которые нужно получить у поставщика,140,0.6137,0.0,0.61,0.0,Повременно-премиальная система оплаты труда
6,Перечисли документы которые нужно получить у поставщика,141,0.806,0.81,0.0,0.81,Примечания
6,Перечисли документы которые нужно получить у поставщика,142,0.7989,0.8,0.52,0.78,"8 Верификация поставленной продукции, работ (услуг)"
6,Перечисли документы которые нужно получить у поставщика,143,0.7877,0.78,0.0,0.79,"6 Оценка, выбор и переоценка поставщиков."
6,Перечисли документы которые нужно получить у поставщика,144,0.8007,0.77,0.58,0.8,Приложение В
6,Перечисли документы которые нужно получить у поставщика,145,0.7759,0.77,0.0,0.78,3 Нормативные ссылки
6,Перечисли документы которые нужно получить у поставщика,146,0.7941,0.76,0.0,0.79,"7 Порядок действий при внешних поставках для осуществления работ по договорам в офисе Института и внешних поставках, связанных с развитием инфраструктуры и материальных ресурсов Института"
6,Перечисли документы которые нужно получить у поставщика,147,0.7913,0.76,0.0,0.79,2 Область применения
6,Перечисли документы которые нужно получить у поставщика,148,0.7928,0.75,0.0,0.79,ИНСТРУКЦИЯ Внешние поставки «ИН-01-ВП»
6,Перечисли документы которые нужно получить у поставщика,149,0.7923,0.74,0.0,0.79,Приложение Д
6,Перечисли документы которые нужно получить у поставщика,150,0.7413,0.73,0.0,0.74,Приложение Б
6,Перечисли документы которые нужно получить у поставщика,151,0.7937,0.73,0.0,0.79,Приложение А
6,Перечисли документы которые нужно получить у поставщика,152,0.7676,0.73,0.0,0.77,5 Основные положения
6,Перечисли документы которые нужно получить у поставщика,153,0.762,0.73,0.0,0.76,СОГЛАСОВАНО:
6,Перечисли документы которые нужно получить у поставщика,154,0.7729,0.72,0.0,0.77,Приложение Г
6,Перечисли документы которые нужно получить у поставщика,155,0.7657,0.7,0.0,0.77,1 Назначение
6,Перечисли документы которые нужно получить у поставщика,156,0.7573,0.65,0.51,0.76,"4 Термины, обозначения, сокращения"
7,"Что делать, если поставщик привез продукцию ненадлежащего качества?",1,0.7637,0.76,0.0,0.74,"8 Верификация поставленной продукции, работ (услуг)"
7,"Что делать, если поставщик привез продукцию ненадлежащего качества?",2,0.7593,0.76,0.51,0.76,"6 Оценка, выбор и переоценка поставщиков."
7,"Что делать, если поставщик привез продукцию ненадлежащего качества?",3,0.7548,0.75,0.0,0.0,решений
7,"Что делать, если поставщик привез продукцию ненадлежащего качества?",4,0.7542,0.75,0.0,0.75,Примечания
7,"Что делать, если поставщик привез продукцию ненадлежащего качества?",5,0.7386,0.74,0.0,0.72,"7 Выполнение работ, оказание услуг"
7,"Что делать, если поставщик привез продукцию ненадлежащего качества?",6,0.7381,0.74,0.0,0.72,ЛИСТ СОГЛАСОВАНИЯ ДОГОВОРА
7,"Что делать, если поставщик привез продукцию ненадлежащего качества?",7,0.7363,0.74,0.0,0.0,Таблица 1
7,"Что делать, если поставщик привез продукцию ненадлежащего качества?",8,0.7336,0.73,0.0,0.0,Размер материальной помощи
7,"Что делать, если поставщик привез продукцию ненадлежащего качества?",9,0.7308,0.73,0.0,0.72,ИНСТРУКЦИЯ Внешние поставки «ИН-01-ВП»
7,"Что делать, если поставщик привез продукцию ненадлежащего качества?",10,0.7296,0.73,0.0,0.71,Организация договорной работы
7,"Что делать, если поставщик привез продукцию ненадлежащего качества?",11,0.7296,0.73,0.0,0.7,Организация договорной работы
7,"Что делать, если поставщик привез продукцию ненадлежащего качества?",12,0.7296,0.73,0.0,0.0,Организация договорной работы
7,"Что делать, если поставщик привез продукцию ненадлежащего качества?",13,0.7295,0.73,0.0,0.0,Приложение Д
7,"Что делать, если поставщик привез продукцию ненадлежащего качества?",14,0.7272,0.73,0.0,0.0,СОГЛАСОВАНО:
7,"Что делать, если поставщик привез продукцию ненадлежащего качества?",15,0.7672,0.72,0.56,0.77,"7 Порядок действий при внешних поставках для осуществления работ по договорам в офисе Института и внешних поставках, связанных с развитием инфраструктуры и материальных ресурсов Института"
7,"Что делать, если поставщик привез продукцию ненадлежащего качества?",16,0.7208,0.72,0.0,0.0,P:\\\\Информация…
7,"Что делать, если поставщик привез продукцию ненадлежащего качества?",17,0.7201,0.72,0.0,0.0,Приложение В
7,"Что делать, если поставщик привез продукцию ненадлежащего качества?",18,0.7201,0.72,0.0,0.0,Приложение В
7,"Что делать, если поставщик привез продукцию ненадлежащего качества?",19,0.7201,0.72,0.0,0.0,Приложение В
7,"Что делать, если поставщик привез продукцию ненадлежащего качества?",20,0.7419,0.72,0.52,0.74,2 Область применения
7,"Что делать, если поставщик привез продукцию ненадлежащего качества?",21,0.7186,0.72,0.0,0.0,6 Основные этапы подготовки ТП.
7,"Что делать, если поставщик привез продукцию ненадлежащего качества?",22,0.7184,0.72,0.0,0.0,5 Бюджет командировки
7,"Что делать, если поставщик привез продукцию ненадлежащего качества?",23,0.718,0.72,0.0,0.0,Порядок работы
7,"Что делать, если поставщик привез продукцию ненадлежащего качества?",24,0.7308,0.72,0.0,0.73,Исполнитель обязан:
7,"Что делать, если поставщик привез продукцию ненадлежащего качества?",25,0.7178,0.72,0.0,0.0,1 Назначение.
7,"Что делать, если поставщик привез продукцию ненадлежащего качества?",26,0.7267,0.71,0.0,0.73,Приложение Д
7,"Что делать, если поставщик привез продукцию ненадлежащего качества?",27,0.7167,0.71,0.0,0.72,ИН-01-ВП
7,"Что делать, если поставщик привез продукцию ненадлежащего качества?",28,0.7147,0.71,0.0,0.0,3 Обработка персональных данных
7,"Что делать, если поставщик привез продукцию ненадлежащего качества?",29,0.7145,0.71,0.0,0.0,СОГЛАСОВАНО:
7,"Что делать, если поставщик привез продукцию ненадлежащего качества?",30,0.7144,0.71,0.0,0.0,Приложение 3. Перечень программного обеспечения
7,"Что делать, если поставщик привез продукцию ненадлежащего качества?",31,0.7201,0.71,0.0,0.72,Приложение А
7,"Что делать, если поставщик привез продукцию ненадлежащего качества?",32,0.7142,0.71,0.0,0.0,Приложение А
7,"Что делать, если поставщик привез продукцию ненадлежащего качества?",33,0.7133,0.71,0.0,0.0,5 Ответственность.
7,"Что делать, если поставщик привез продукцию ненадлежащего качества?",34,0.7132,0.71,0.0,0.0,"Порядок приемки, регистрации и архивирования источников информации."
7,"Что делать, если поставщик привез продукцию ненадлежащего качества?",35,0.7347,0.71,0.0,0.73,6 Порядок обеспечения дистанционных работников необходимым оборудованием и иными средствами
7,"Что делать, если поставщик привез продукцию ненадлежащего качества?",36,0.7121,0.71,0.0,0.0,ИНСТРУКЦИЯ По подготовке тендерного предложения «ИН-01-ПТП»
7,"Что делать, если поставщик привез продукцию ненадлежащего качества?",37,0.7116,0.71,0.0,0.7,6 Организация договорной работы
7,"Что делать, если поставщик привез продукцию ненадлежащего качества?",38,0.7114,0.71,0.0,0.0,СОГЛАСОВАНО:
7,"Что делать, если поставщик привез продукцию ненадлежащего качества?",39,0.711,0.71,0.0,0.0,3 Задачи
7,"Что делать, если поставщик привез продукцию ненадлежащего качества?",40,0.711,0.71,0.0,0.0,3 Задачи
7,"Что делать, если поставщик привез продукцию ненадлежащего качества?",41,0.7492,0.0,0.0,0.75,5 Основные положения
7,"Что делать, если поставщик привез продукцию ненадлежащего качества?",42,0.7307,0.0,0.0,0.73,2 Область применения
7,"Что делать, если поставщик привез продукцию ненадлежащего качества?",43,0.7302,0.0,0.0,0.73,"4 Термины, обозначения, сокращения"
7,"Что делать, если поставщик привез продукцию ненадлежащего качества?",44,0.7292,0.0,0.0,0.73,1 Назначение
7,"Что делать, если поставщик привез продукцию ненадлежащего качества?",45,0.7233,0.0,0.0,0.72,7 Приемка материалов по окончании полевых работ
7,"Что делать, если поставщик привез продукцию ненадлежащего качества?",46,0.7211,0.0,0.0,0.72,Определения
7,"Что делать, если поставщик привез продукцию ненадлежащего качества?",47,0.7195,0.0,0.0,0.72,Внутреннего трудового распорядка АО «ВолгоградНИПИнефть»
7,"Что делать, если поставщик привез продукцию ненадлежащего качества?",48,0.7181,0.0,0.0,0.72,2 При использовании программных средств для разработки проектной и рабочей документации объем проверок может быть сокращен.
7,"Что делать, если поставщик привез продукцию ненадлежащего качества?",49,0.7096,0.0,0.0,0.71,Основные права и обязанности работодателя
7,"Что делать, если поставщик привез продукцию ненадлежащего качества?",50,0.708,0.0,0.0,0.71,ПЛ-08-УИСМ
7,"Что делать, если поставщик привез продукцию ненадлежащего качества?",51,0.708,0.0,0.0,0.71,ПОЛОЖЕНИЕ Об уполномоченном по интегрированной системе менеджмента в отделе инженерных изысканий «ПЛ-08-УИСМ»
7,"Что делать, если поставщик привез продукцию ненадлежащего качества?",52,0.7067,0.0,0.0,0.71,"10 Функциональные обязанности должностных лиц по контролю качества геодезических, инженерно-изыскательских и картографических работ"
7,"Что делать, если поставщик привез продукцию ненадлежащего качества?",53,0.7061,0.0,0.0,0.71,Приложение Г
7,"Что делать, если поставщик привез продукцию ненадлежащего качества?",54,0.706,0.0,0.0,0.71,Ответственность работодателя за нарушение прав работников
7,"Что делать, если поставщик привез продукцию ненадлежащего качества?",55,0.7059,0.0,0.0,0.71,5 Права
7,"Что делать, если поставщик привез продукцию ненадлежащего качества?",56,0.7059,0.0,0.0,0.71,"8 Иные положения, связанные с организацией труда дистанционных работников"
7,"Что делать, если поставщик привез продукцию ненадлежащего качества?",57,0.7058,0.0,0.0,0.71,"11 Требования, предъявляемые к субподрядным организациям."
7,"Что делать, если поставщик привез продукцию ненадлежащего качества?",58,0.7035,0.0,0.0,0.7,6 Ответственность
7,"Что делать, если поставщик привез продукцию ненадлежащего качества?",59,0.7011,0.0,0.0,0.7,5 Порядок приема и перевода работника на дистанционную работу
7,"Что делать, если поставщик привез продукцию ненадлежащего качества?",60,0.7006,0.0,0.0,0.7,"9 Стадия экспертиз, защит и согласований"
7,"Что делать, если поставщик привез продукцию ненадлежащего качества?",61,0.6986,0.0,0.0,0.7,Он обязан:
7,"Что делать, если поставщик привез продукцию ненадлежащего качества?",62,0.6983,0.0,0.0,0.7,"Приложение 7. Выпуск продукции на 20__ г. на основании заключенных договоров, с НДС."
7,"Что делать, если поставщик привез продукцию ненадлежащего качества?",63,0.6982,0.0,0.0,0.7,5 Стадии выполнения работ
7,"Что делать, если поставщик привез продукцию ненадлежащего качества?",64,0.6981,0.0,0.0,0.7,Производственная информация
7,"Что делать, если поставщик привез продукцию ненадлежащего качества?",65,0.7936,0.79,0.0,0.78,"8 Верификация поставленной продукции, работ (услуг)"
7,"Что делать, если поставщик привез продукцию ненадлежащего качества?",66,0.7591,0.76,0.0,0.76,"6 Оценка, выбор и переоценка поставщиков."
7,"Что делать, если поставщик привез продукцию ненадлежащего качества?",67,0.7424,0.74,0.0,0.74,Примечания
7,"Что делать, если поставщик привез продукцию ненадлежащего качества?",68,0.738,0.74,0.0,0.72,3 Нормативные ссылки
7,"Что делать, если поставщик привез продукцию ненадлежащего качества?",69,0.7477,0.74,0.52,0.75,"7 Порядок действий при внешних поставках для осуществления работ по договорам в офисе Института и внешних поставках, связанных с развитием инфраструктуры и материальных ресурсов Института"
7,"Что делать, если поставщик привез продукцию ненадлежащего качества?",70,0.7259,0.73,0.0,0.71,Приложение А
7,"Что делать, если поставщик привез продукцию ненадлежащего качества?",71,0.7258,0.73,0.52,0.72,Приложение В
7,"Что делать, если поставщик привез продукцию ненадлежащего качества?",72,0.7418,0.73,0.0,0.74,2 Область применения
7,"Что делать, если поставщик привез продукцию ненадлежащего качества?",73,0.7221,0.72,0.0,0.68,Приложение Д
7,"Что делать, если поставщик привез продукцию ненадлежащего качества?",74,0.718,0.72,0.0,0.71,Приложение Г
7,"Что делать, если поставщик привез продукцию ненадлежащего качества?",75,0.7339,0.72,0.0,0.73,1 Назначение
7,"Что делать, если поставщик привез продукцию ненадлежащего качества?",76,0.7141,0.71,0.0,0.68,Приложение Б
7,"Что делать, если поставщик привез продукцию ненадлежащего качества?",77,0.7093,0.71,0.0,0.7,ИНСТРУКЦИЯ Внешние поставки «ИН-01-ВП»
7,"Что делать, если поставщик привез продукцию ненадлежащего качества?",78,0.7397,0.71,0.0,0.74,5 Основные положения
7,"Что делать, если поставщик привез продукцию ненадлежащего качества?",79,0.6994,0.69,0.0,0.7,СОГЛАСОВАНО:
7,"Что делать, если поставщик привез продукцию ненадлежащего качества?",80,0.7113,0.64,0.0,0.71,"4 Термины, обозначения, сокращения"
8,Какой минимальный объем оперативной памяти должен быть у покупаемых компьютеров?,1,0.8226,0.82,0.0,0.75,Требования к компьютерам:
8,Какой минимальный объем оперативной памяти должен быть у покупаемых компьютеров?,2,0.7626,0.76,0.0,0.72,"6.5 Поставляемая компьютерная техника, расходные материалы для оргтехники, ПО должны соответствовать основным требованиям представленным в приложениях Б, В, Г."
8,Какой минимальный объем оперативной памяти должен быть у покупаемых компьютеров?,3,0.7506,0.75,0.0,0.73,Требования к поставляемому программному обеспечению
8,Какой минимальный объем оперативной памяти должен быть у покупаемых компьютеров?,4,0.7471,0.75,0.0,0.71,"4.1 Закупки оргтехники, комплектующих и программных продуктов."
8,Какой минимальный объем оперативной памяти должен быть у покупаемых компьютеров?,5,0.742,0.74,0.58,0.7,Требования к бумаге для оргтехники:
8,Какой минимальный объем оперативной памяти должен быть у покупаемых компьютеров?,6,0.7416,0.74,0.0,0.71,Размер материальной помощи
8,Какой минимальный объем оперативной памяти должен быть у покупаемых компьютеров?,7,0.7355,0.74,0.0,0.69,7.1
8,Какой минимальный объем оперативной памяти должен быть у покупаемых компьютеров?,8,0.7336,0.73,0.0,0.0,Список сотрудников ответственных за внешние поставки
8,Какой минимальный объем оперативной памяти должен быть у покупаемых компьютеров?,9,0.7316,0.73,0.0,0.0,Общие сведения
8,Какой минимальный объем оперативной памяти должен быть у покупаемых компьютеров?,10,0.7309,0.73,0.0,0.0,4 Общие требования
8,Какой минимальный объем оперативной памяти должен быть у покупаемых компьютеров?,11,0.7268,0.73,0.0,0.69,ЗАЯВКА на предоставление корпоративной мобильной связи
8,Какой минимальный объем оперативной памяти должен быть у покупаемых компьютеров?,12,0.7263,0.73,0.0,0.7,4.2 Применяемые сокращения :
8,Какой минимальный объем оперативной памяти должен быть у покупаемых компьютеров?,13,0.7252,0.73,0.66,0.71,"6.5 Перечень оборудования, программно-технических средств, средств защиты информации и иных средств, по каждому сотруднику согласовывается генеральным директором индивидуально, исходя из должностной инструкции работника."
8,Какой минимальный объем оперативной памяти должен быть у покупаемых компьютеров?,14,0.7235,0.72,0.0,0.71,8 Требования к транспортированию отходов
8,Какой минимальный объем оперативной памяти должен быть у покупаемых компьютеров?,15,0.7232,0.72,0.0,0.69,Приложение 3. Перечень программного обеспечения
8,Какой минимальный объем оперативной памяти должен быть у покупаемых компьютеров?,16,0.7735,0.72,0.77,0.0,6 Определение существенного воздействия экологических аспектов на ОС
8,Какой минимальный объем оперативной памяти должен быть у покупаемых компьютеров?,17,0.7215,0.72,0.0,0.71,8.5 Оборудование должно быть обеспечено необходимыми инструкциями по использованию со стороны поставщика.
8,Какой минимальный объем оперативной памяти должен быть у покупаемых компьютеров?,18,0.7195,0.72,0.0,0.7,Настройка и обслуживание ЛВС
8,Какой минимальный объем оперативной памяти должен быть у покупаемых компьютеров?,19,0.7174,0.72,0.0,0.0,"Первый экземпляр остается в УФО, заносится в электронный реестр договоров, распечатыва- ется и хранится в папке «Расход- ные договоры»"
8,Какой минимальный объем оперативной памяти должен быть у покупаемых компьютеров?,20,0.7164,0.72,0.0,0.69,1.2 Инструкция определяет порядок действий и согласований при внешних поставках:
8,Какой минимальный объем оперативной памяти должен быть у покупаемых компьютеров?,21,0.8508,0.72,0.85,0.71,4.8 На время отпуска или временной нетрудоспособности работника за ним сохраняется установленный лимит корпоративной связи в целях обеспечения оперативной связи в случае возникновения производственной необходимости.
8,Какой минимальный объем оперативной памяти должен быть у покупаемых компьютеров?,22,0.7147,0.71,0.0,0.68,3.2 Применяемые сокращения:
8,Какой минимальный объем оперативной памяти должен быть у покупаемых компьютеров?,23,0.728,0.71,0.0,0.73,5.1.8 Запрещается самостоятельно устанавливать программное обеспечение без согласования с сотрудниками отдела ИТ.
8,Какой минимальный объем оперативной памяти должен быть у покупаемых компьютеров?,24,0.7139,0.71,0.0,0.0,4 Права доступа к каталогам
8,Какой минимальный объем оперативной памяти должен быть у покупаемых компьютеров?,25,0.7137,0.71,0.0,0.0,Предпринимаемые действия с учетом оценки риска:
8,Какой минимальный объем оперативной памяти должен быть у покупаемых компьютеров?,26,0.713,0.71,0.0,0.69,10 Порядок допуска к коммерческой тайне
8,Какой минимальный объем оперативной памяти должен быть у покупаемых компьютеров?,27,0.7119,0.71,0.0,0.0,Общие сведения
8,Какой минимальный объем оперативной памяти должен быть у покупаемых компьютеров?,28,0.7109,0.71,0.0,0.69,7 Порядок учета отходов
8,Какой минимальный объем оперативной памяти должен быть у покупаемых компьютеров?,29,0.7108,0.71,0.65,0.0,Общие сведения
8,Какой минимальный объем оперативной памяти должен быть у покупаемых компьютеров?,30,0.7092,0.71,0.0,0.7,"3.13 Документы, не требующие возврата: литература, нормативные документы, выполненные отчёты, а также CD выполненных отчетов идентифицируются инвентарным номером и хранятся в архиве."
8,Какой минимальный объем оперативной памяти должен быть у покупаемых компьютеров?,31,0.7085,0.71,0.0,0.0,4 Термины и сокращения
8,Какой минимальный объем оперативной памяти должен быть у покупаемых компьютеров?,32,0.708,0.71,0.0,0.69,6 Порядок накопления отходов
8,Какой минимальный объем оперативной памяти должен быть у покупаемых компьютеров?,33,0.708,0.71,0.0,0.69,6 Порядок накопления отходов
8,Какой минимальный объем оперативной памяти должен быть у покупаемых компьютеров?,34,0.7072,0.71,0.0,0.7,3.3 Запросы на приобретение нормативных документов и/или литературы должны быть завизированы начальником отдела делопроизводства и менеджмента качества.
8,Какой минимальный объем оперативной памяти должен быть у покупаемых компьютеров?,35,0.7072,0.71,0.0,0.68,10.4 Необходимость хранения неактуальных редакций ПД в деле проекта на диске Р определяется ОИ (ГИПом). Использование неактуальных версий ПД предотвращается в соответствии с процедурой «Управление несоответствующей продукцией» (ПР-8.7-УНП):
8,Какой минимальный объем оперативной памяти должен быть у покупаемых компьютеров?,36,0.7068,0.71,0.0,0.7,2 Оборудование
8,Какой минимальный объем оперативной памяти должен быть у покупаемых компьютеров?,37,0.7068,0.71,0.0,0.0,2 При использовании программных средств для разработки проектной и рабочей документации объем проверок может быть сокращен.
8,Какой минимальный объем оперативной памяти должен быть у покупаемых компьютеров?,38,0.7071,0.71,0.0,0.71,9 Требования к передаче отходов сторонним специализированным организациям
8,Какой минимальный объем оперативной памяти должен быть у покупаемых компьютеров?,39,0.7061,0.71,0.0,0.0,"4.7 Приобретение нормативных документов, литературы, периодических изданий."
8,Какой минимальный объем оперативной памяти должен быть у покупаемых компьютеров?,40,0.7059,0.71,0.69,0.0,"3.4 Лимит корпоративной мобильной связи - предельная стоимость потребляемых услуг мобильной связи, установленная в Приложении А на каждый календарный месяц."
8,Какой минимальный объем оперативной памяти должен быть у покупаемых компьютеров?,41,0.7053,0.71,0.0,0.7,Приложение Е
8,Какой минимальный объем оперативной памяти должен быть у покупаемых компьютеров?,42,0.7051,0.71,0.0,0.0,"3.1 Выполнение проектной документации, отчётов и иной технической документации, соответствующей требованиям и ожиданиям Заказчиков по срокам, финансовым затратам, использованию современных технологий, оборудования и материалов, снижению энергозатрат и экологически вредного воздействия на окружающую среду."
8,Какой минимальный объем оперативной памяти должен быть у покупаемых компьютеров?,43,0.7047,0.7,0.0,0.69,2 Квалификационные требования
8,Какой минимальный объем оперативной памяти должен быть у покупаемых компьютеров?,44,0.7047,0.7,0.0,0.69,2 Квалификационные требования
8,Какой минимальный объем оперативной памяти должен быть у покупаемых компьютеров?,45,0.7047,0.7,0.0,0.69,2 Квалификационные требования
8,Какой минимальный объем оперативной памяти должен быть у покупаемых компьютеров?,46,0.7046,0.7,0.0,0.0,1. Проектная и рабочая документация (в бумажной и/или электронной форме)
8,Какой минимальный объем оперативной памяти должен быть у покупаемых компьютеров?,47,0.704,0.7,0.0,0.0,"1.6 Структура и штат МГС устанавливается исходя из необходимости своевременного, качественного и в установленные требованиями нормативных документов сроки выполнения комплекса маркшейдерских работ, необходимого при проектировании, строительстве, эксплуатации, реконструкции, консервации и ликвидации объектов нефтегазовой отрасли, с учетом видов полезного ископаемого, геологического строения месторождения, горнотехнических и гидрогеологических факторов, объемов и технологии ведения горных, строительно-монтажных и строительных работ, площади горного и земельного отводов, их застроенности и климатических условий региона. Численность МГС определяется в соответствии с методикой, которую утверждает генеральный директор Общества по согласованию с Федеральной службой по экологическому, технологическому и атомному надзору, либо его территориальном органом. На руководителя Общества возлагается ответственность за укомплектование отдела необходимым штатом инженернотехнических работников и рабочих, обеспечение ее специально оборудованными помещениями, автотранспортом, инструментами, приборами и материалами, и современной вычислительной техникой (персональными компьютерами с необходимыми программным обеспечением, средствами измерения и контроля, графопостроителями и др.)."
8,Какой минимальный объем оперативной памяти должен быть у покупаемых компьютеров?,48,0.7037,0.7,0.58,0.69,3 Обработка персональных данных
8,Какой минимальный объем оперативной памяти должен быть у покупаемых компьютеров?,49,0.7033,0.7,0.0,0.0,"4 Термины, обозначения, сокращения"
8,Какой минимальный объем оперативной памяти должен быть у покупаемых компьютеров?,50,0.7033,0.7,0.0,0.0,Определения и сокращения
8,Какой минимальный объем оперативной памяти должен быть у покупаемых компьютеров?,51,0.71,0.0,0.0,0.71,Внутреннего трудового распорядка АО «ВолгоградНИПИнефть»
8,Какой минимальный объем оперативной памяти должен быть у покупаемых компьютеров?,52,0.7071,0.0,0.0,0.71,"7 Учет ошибок, обнаруженных при нормоконтроле"
8,Какой минимальный объем оперативной памяти должен быть у покупаемых компьютеров?,53,0.7065,0.0,0.0,0.71,Примечания
8,Какой минимальный объем оперативной памяти должен быть у покупаемых компьютеров?,54,0.706,0.0,0.0,0.71,Приложение 3. Перечень программного обеспечения отдела
8,Какой минимальный объем оперативной памяти должен быть у покупаемых компьютеров?,55,0.7055,0.0,0.0,0.71,Приложение 4. Перечень программного обеспечения отдела
8,Какой минимальный объем оперативной памяти должен быть у покупаемых компьютеров?,56,0.7029,0.0,0.0,0.7,4 Персонал
8,Какой минимальный объем оперативной памяти должен быть у покупаемых компьютеров?,57,0.7084,0.0,0.71,0.7,Приложение 5. Перечень программного обеспечения отдела
8,Какой минимальный объем оперативной памяти должен быть у покупаемых компьютеров?,58,0.7004,0.0,0.0,0.7,2 Область применения
8,Какой минимальный объем оперативной памяти должен быть у покупаемых компьютеров?,59,0.6991,0.0,0.0,0.7,Организация договорной работы
8,Какой минимальный объем оперативной памяти должен быть у покупаемых компьютеров?,60,0.6989,0.0,0.0,0.7,Организация договорной работы
8,Какой минимальный объем оперативной памяти должен быть у покупаемых компьютеров?,61,0.6981,0.0,0.0,0.7,Внутреннего трудового распорядка АО «ВолгоградНИПИнефть»
8,Какой минимальный объем оперативной памяти должен быть у покупаемых компьютеров?,62,0.6968,0.0,0.58,0.7,3 Метрологическое обеспечение
8,Какой минимальный объем оперативной памяти должен быть у покупаемых компьютеров?,63,0.6965,0.0,0.0,0.7,11 Контроль
8,Какой минимальный объем оперативной памяти должен быть у покупаемых компьютеров?,64,0.7876,0.0,0.79,0.7,"7 Материальная ответственность работника, использующего корпоративную SIM-карту и корпоративный мобильный аппарат"
8,Какой минимальный объем оперативной памяти должен быть у покупаемых компьютеров?,65,0.696,0.0,0.0,0.7,10 Безопасное обращение с отходами
8,Какой минимальный объем оперативной памяти должен быть у покупаемых компьютеров?,66,0.6959,0.0,0.62,0.7,6 Нормы и порядок возмещения перерасхода лимита корпоративной мобильной связи
8,Какой минимальный объем оперативной памяти должен быть у покупаемых компьютеров?,67,0.6953,0.0,0.0,0.7,3 Обработка персональных данных
8,Какой минимальный объем оперативной памяти должен быть у покупаемых компьютеров?,68,0.6936,0.0,0.6,0.69,5 Порядок приема и перевода работника на дистанционную работу
8,Какой минимальный объем оперативной памяти должен быть у покупаемых компьютеров?,69,0.6933,0.0,0.0,0.69,2 Область применения
8,Какой минимальный объем оперативной памяти должен быть у покупаемых компьютеров?,70,0.6919,0.0,0.0,0.69,Исполнитель обязан:
8,Какой минимальный объем оперативной памяти должен быть у покупаемых компьютеров?,71,0.6911,0.0,0.0,0.69,5 Основные положения
8,Какой минимальный объем оперативной памяти должен быть у покупаемых компьютеров?,72,0.6908,0.0,0.0,0.69,Время отдыха
8,Какой минимальный объем оперативной памяти должен быть у покупаемых компьютеров?,73,0.6907,0.0,0.0,0.69,"2 ОСНОВНЫЕ ОБЯЗАННОСТИ, ПРИНЦИПЫ И ПРАВИЛА СЛУЖЕБНОГО ПОВЕДЕНИЯ РАБОТНИКОВ"
8,Какой минимальный объем оперативной памяти должен быть у покупаемых компьютеров?,74,0.6897,0.0,0.0,0.69,9 Обязательства работника
8,Какой минимальный объем оперативной памяти должен быть у покупаемых компьютеров?,75,0.6891,0.0,0.0,0.69,Приложение 5. Перечень программного обеспечения отдела
8,Какой минимальный объем оперативной памяти должен быть у покупаемых компьютеров?,76,0.6889,0.0,0.63,0.69,Приложение Д
8,Какой минимальный объем оперативной памяти должен быть у покупаемых компьютеров?,77,0.6888,0.0,0.0,0.69,5 Права
8,Какой минимальный объем оперативной памяти должен быть у покупаемых компьютеров?,78,0.6882,0.0,0.0,0.69,Он обязан:
8,Какой минимальный объем оперативной памяти должен быть у покупаемых компьютеров?,79,0.6877,0.0,0.0,0.69,При этом проверяются:
8,Какой минимальный объем оперативной памяти должен быть у покупаемых компьютеров?,80,0.6874,0.0,0.0,0.69,1 Общие положения
8,Какой минимальный объем оперативной памяти должен быть у покупаемых компьютеров?,81,0.687,0.0,0.0,0.69,Приложение В
8,Какой минимальный объем оперативной памяти должен быть у покупаемых компьютеров?,82,0.6866,0.0,0.0,0.69,"2 ОСНОВНЫЕ ОБЯЗАННОСТИ, ПРИНЦИПЫ И ПРАВИЛА СЛУЖЕБНОГО ПОВЕДЕНИЯ РАБОТНИКОВ"
8,Какой минимальный объем оперативной памяти должен быть у покупаемых компьютеров?,83,0.6864,0.0,0.0,0.69,"7 Выполнение работ, оказание услуг"
8,Какой минимальный объем оперативной памяти должен быть у покупаемых компьютеров?,84,0.6857,0.0,0.0,0.69,7 Управление входящей документацией
8,Какой минимальный объем оперативной памяти должен быть у покупаемых компьютеров?,85,0.6841,0.0,0.63,0.68,5 Правила пользования корпоративной мобильной связью
8,Какой минимальный объем оперативной памяти должен быть у покупаемых компьютеров?,86,0.6841,0.0,0.0,0.68,4 Доступ к персональным данным
8,Какой минимальный объем оперативной памяти должен быть у покупаемых компьютеров?,87,0.6835,0.0,0.0,0.68,Отдел несет ответственность за:
8,Какой минимальный объем оперативной памяти должен быть у покупаемых компьютеров?,88,0.6834,0.0,0.0,0.68,3 Задачи
8,Какой минимальный объем оперативной памяти должен быть у покупаемых компьютеров?,89,0.6833,0.0,0.0,0.68,Приложение Г
8,Какой минимальный объем оперативной памяти должен быть у покупаемых компьютеров?,90,0.6832,0.0,0.0,0.68,12 Ответственность
8,Какой минимальный объем оперативной памяти должен быть у покупаемых компьютеров?,91,0.682,0.0,0.0,0.68,3 Нормативные ссылки
8,Какой минимальный объем оперативной памяти должен быть у покупаемых компьютеров?,92,0.682,0.0,0.0,0.68,6 Организация договорной работы
8,Какой минимальный объем оперативной памяти должен быть у покупаемых компьютеров?,93,0.7859,0.0,0.79,0.0,"4.7 Формирование архива сканов договорной документации (договоры, дополнительные соглашения, акты сдачи-приемки выполненных работ)."
8,Какой минимальный объем оперативной памяти должен быть у покупаемых компьютеров?,94,0.7286,0.0,0.73,0.0,Проекты договоров
8,Какой минимальный объем оперативной памяти должен быть у покупаемых компьютеров?,95,0.7228,0.0,0.72,0.0,"Оформление договоров на выполнение работ, оказание услуг"
8,Какой минимальный объем оперативной памяти должен быть у покупаемых компьютеров?,96,0.7191,0.0,0.72,0.0,Приложение 2 Перечень внутренней документации ИСМ отдела
8,Какой минимальный объем оперативной памяти должен быть у покупаемых компьютеров?,97,0.7048,0.0,0.7,0.0,7 Последовательность формирования реестров экологических аспектов
8,Какой минимальный объем оперативной памяти должен быть у покупаемых компьютеров?,98,0.6786,0.0,0.68,0.0,1 Назначение
8,Какой минимальный объем оперативной памяти должен быть у покупаемых компьютеров?,99,0.6731,0.0,0.67,0.0,2.3 Структуру и штатную численность Отдела утверждает генеральный директор Института исходя из условий и особенностей деятельности Института по представлению заместителя генерального директора по общим вопросам (см. Приложение 1).
8,Какой минимальный объем оперативной памяти должен быть у покупаемых компьютеров?,100,0.6664,0.0,0.67,0.0,2 Определения и сокращения
8,Какой минимальный объем оперативной памяти должен быть у покупаемых компьютеров?,101,0.6527,0.0,0.65,0.0,Идентификация экологических аспектов
8,Какой минимальный объем оперативной памяти должен быть у покупаемых компьютеров?,102,0.647,0.0,0.65,0.0,6 Ответственность
8,Какой минимальный объем оперативной памяти должен быть у покупаемых компьютеров?,103,0.6388,0.0,0.64,0.0,ПЛ-08-УИСМ
8,Какой минимальный объем оперативной памяти должен быть у покупаемых компьютеров?,104,0.6312,0.0,0.63,0.0,Основные данные документа
8,Какой минимальный объем оперативной памяти должен быть у покупаемых компьютеров?,105,0.6308,0.0,0.63,0.0,3 Нормативные ссылки
8,Какой минимальный объем оперативной памяти должен быть у покупаемых компьютеров?,106,0.6286,0.0,0.63,0.0,Журнал авансовые платежи
8,Какой минимальный объем оперативной памяти должен быть у покупаемых компьютеров?,107,0.626,0.0,0.63,0.0,5.3 Идентификация экологических аспектов
8,Какой минимальный объем оперативной памяти должен быть у покупаемых компьютеров?,108,0.6215,0.0,0.62,0.0,"7.3 Руководитель, разрешающий доступ сотрудника к конфиденциальному документу, несет персональную ответственность за данное разрешение."
8,Какой минимальный объем оперативной памяти должен быть у покупаемых компьютеров?,109,0.6115,0.0,0.61,0.0,"4.5 Разработка геологических разделов для проектов на ликвидацию, консервацию, расконсервацию (восстановление) скважин."
8,Какой минимальный объем оперативной памяти должен быть у покупаемых компьютеров?,110,0.6064,0.0,0.61,0.0,4.4 Согласовывать внутреннюю документацию ИСМ Института до её утверждения.
8,Какой минимальный объем оперативной памяти должен быть у покупаемых компьютеров?,111,0.6038,0.0,0.6,0.0,Проект горного отвода для всех видов полезных ископаемых
8,Какой минимальный объем оперативной памяти должен быть у покупаемых компьютеров?,112,0.6035,0.0,0.6,0.0,4 Система оплаты труда
8,Какой минимальный объем оперативной памяти должен быть у покупаемых компьютеров?,113,0.6027,0.0,0.6,0.0,Итоговый реестр существенных экологических аспектов
8,Какой минимальный объем оперативной памяти должен быть у покупаемых компьютеров?,114,0.6004,0.0,0.6,0.0,"5.3 Давать разъяснения, рекомендации и указания по вопросам, входящим в компетенцию Отдела."
8,Какой минимальный объем оперативной памяти должен быть у покупаемых компьютеров?,115,0.6003,0.0,0.6,0.0,4.2 Сокращения
8,Какой минимальный объем оперативной памяти должен быть у покупаемых компьютеров?,116,0.5991,0.0,0.6,0.0,"4 Термины, обозначения"
8,Какой минимальный объем оперативной памяти должен быть у покупаемых компьютеров?,117,0.594,0.0,0.59,0.0,Приложение 2. Перечень внутренней документации договорного отдела
8,Какой минимальный объем оперативной памяти должен быть у покупаемых компьютеров?,118,0.5935,0.0,0.59,0.0,Процедура Идентификация экологических аспектов ПР-6.1.2-ИЭА
8,Какой минимальный объем оперативной памяти должен быть у покупаемых компьютеров?,119,0.592,0.0,0.59,0.0,"2.1 Данная процедура обязательна для применения во всех структурных подразделениях Института, включенных в область распространения системы экологического менеджмента согласно Приказу по Институту № "
8,Какой минимальный объем оперативной памяти должен быть у покупаемых компьютеров?,120,0.5909,0.0,0.59,0.0,8 Начисление и выплата заработной платы
8,Какой минимальный объем оперативной памяти должен быть у покупаемых компьютеров?,121,0.5906,0.0,0.59,0.0,2.3 Структуру и штатную численность Отдела утверждает генеральный директор.
8,Какой минимальный объем оперативной памяти должен быть у покупаемых компьютеров?,122,0.5905,0.0,0.59,0.0,"3.4 Своевременное и качественное проведение (по договору) предусмотренного  нормативными  требованиями  комплекса  маркшейдерских работ, достаточных для обеспечения безопасного ведения работ, связанных с пользованием недрами, наиболее полного извлечения из недр запасов залегающих полезных ископаемых, обеспечения технологического цикла горных, строительно-монтажных и иных видов работ, а также для прогнозирования опасных ситуаций при проведении таких работ."
8,Какой минимальный объем оперативной памяти должен быть у покупаемых компьютеров?,123,0.5904,0.0,0.59,0.0,"1.4 Уполномоченный по ИСМ в своей деятельности руководствуется законами и нормативно-правовыми актами РФ, приказами и указаниями руководства АО «ВолгоградНИПИнефть» (далее по тексту Институт), методическими, нормативными и другими руководящими материалами по вопросам интегрированной системы менеджмента, политиками Института, требованиями национальных стандартов ГОСТ Р ИСО 9001-2015 и ГОСТ Р ИСО 14001-2016, документацией ИСМ Института."
8,Какой минимальный объем оперативной памяти должен быть у покупаемых компьютеров?,124,0.5899,0.0,0.59,0.0,ПР-6.1.2-ИЭА
8,Какой минимальный объем оперативной памяти должен быть у покупаемых компьютеров?,125,0.5895,0.0,0.59,0.0,"3.10 Анализировать, по мере необходимости актуализирует и согласовывает с руководством документы ИСМ"
8,Какой минимальный объем оперативной памяти должен быть у покупаемых компьютеров?,126,0.5844,0.0,0.58,0.0,7.6 Режим рабочего времени и отдыха дистанционного работника устанавливается в трудовом договоре (дополнительном соглашении к трудовому договору). Режим рабочего времени дистанционного работника устанавливается с понедельника по пятницу с 9.00 до 18.00.
8,Какой минимальный объем оперативной памяти должен быть у покупаемых компьютеров?,127,0.5826,0.0,0.58,0.0,6.4 Работник обязан:
8,Какой минимальный объем оперативной памяти должен быть у покупаемых компьютеров?,128,0.5824,0.0,0.58,0.0,"1.2 Настоящее Положение разработано на основании статей Конституции РФ, Трудового Кодекса РФ, Кодекса об административных правонарушениях РФ, Гражданского Кодекса РФ, Уголовного Кодекса РФ, а также Федерального закона «Об информации, информатизации и защите информации»."
8,Какой минимальный объем оперативной памяти должен быть у покупаемых компьютеров?,129,0.7224,0.72,0.58,0.7,Приложение В
8,Какой минимальный объем оперативной памяти должен быть у покупаемых компьютеров?,130,0.7095,0.71,0.0,0.71,"8 Верификация поставленной продукции, работ (услуг)"
8,Какой минимальный объем оперативной памяти должен быть у покупаемых компьютеров?,131,0.7199,0.7,0.0,0.72,"6 Оценка, выбор и переоценка поставщиков."
8,Какой минимальный объем оперативной памяти должен быть у покупаемых компьютеров?,132,0.7065,0.7,0.0,0.71,Примечания
8,Какой минимальный объем оперативной памяти должен быть у покупаемых компьютеров?,133,0.6939,0.69,0.0,0.68,3 Нормативные ссылки
8,Какой минимальный объем оперативной памяти должен быть у покупаемых компьютеров?,134,0.6781,0.68,0.0,0.67,5 Основные положения
8,Какой минимальный объем оперативной памяти должен быть у покупаемых компьютеров?,135,0.6785,0.67,0.0,0.68,ИНСТРУКЦИЯ Внешние поставки «ИН-01-ВП»
8,Какой минимальный объем оперативной памяти должен быть у покупаемых компьютеров?,136,0.6862,0.67,0.0,0.69,"7 Порядок действий при внешних поставках для осуществления работ по договорам в офисе Института и внешних поставках, связанных с развитием инфраструктуры и материальных ресурсов Института"
8,Какой минимальный объем оперативной памяти должен быть у покупаемых компьютеров?,137,0.6933,0.67,0.0,0.69,2 Область применения
8,Какой минимальный объем оперативной памяти должен быть у покупаемых компьютеров?,138,0.6698,0.67,0.0,0.66,Приложение Д
8,Какой минимальный объем оперативной памяти должен быть у покупаемых компьютеров?,139,0.6869,0.67,0.0,0.69,1 Назначение
8,Какой минимальный объем оперативной памяти должен быть у покупаемых компьютеров?,140,0.6665,0.67,0.0,0.67,Приложение Б
8,Какой минимальный объем оперативной памяти должен быть у покупаемых компьютеров?,141,0.7264,0.66,0.0,0.73,Приложение Г
8,Какой минимальный объем оперативной памяти должен быть у покупаемых компьютеров?,142,0.747,0.66,0.0,0.75,Приложение А
8,Какой минимальный объем оперативной памяти должен быть у покупаемых компьютеров?,143,0.6369,0.64,0.0,0.63,СОГЛАСОВАНО:
8,Какой минимальный объем оперативной памяти должен быть у покупаемых компьютеров?,144,0.7002,0.62,0.0,0.7,"4 Термины, обозначения, сокращения"
9,Есть ли у нас регламент по обращению с отходами?,1,0.832,0.83,0.0,0.82,3 Нормативные ссылки
9,Есть ли у нас регламент по обращению с отходами?,2,0.8302,0.83,0.65,0.81,8 Требования к транспортированию отходов
9,Есть ли у нас регламент по обращению с отходами?,3,0.8299,0.83,0.0,0.81,7 Порядок учета отходов
9,Есть ли у нас регламент по обращению с отходами?,4,0.8261,0.83,0.62,0.79,6 Порядок накопления отходов
9,Есть ли у нас регламент по обращению с отходами?,5,0.8261,0.83,0.0,0.78,6 Порядок накопления отходов
9,Есть ли у нас регламент по обращению с отходами?,6,0.8261,0.83,0.0,0.82,"11.1 При накоплении и передаче отходов специализированным лицензированным организациям должны соблюдаться действующие экологические, санитарноэпидемиологические, технические нормы и правила обращения с отходами."
9,Есть ли у нас регламент по обращению с отходами?,7,0.8221,0.82,0.0,0.79,5.3 Согласно Федеральному закону РФ «Об отходах производства и потребления» все подразделения Института обязаны:
9,Есть ли у нас регламент по обращению с отходами?,8,0.8151,0.82,0.0,0.0,"4 Термины, обозначения, сокращения"
9,Есть ли у нас регламент по обращению с отходами?,9,0.8123,0.81,0.6,0.8,9 Требования к передаче отходов сторонним специализированным организациям
9,Есть ли у нас регламент по обращению с отходами?,10,0.825,0.81,0.0,0.82,1 Назначение
9,Есть ли у нас регламент по обращению с отходами?,11,0.8091,0.81,0.0,0.81,10 Безопасное обращение с отходами
9,Есть ли у нас регламент по обращению с отходами?,12,0.7818,0.78,0.0,0.0,Порядок приема и увольнения работников
9,Есть ли у нас регламент по обращению с отходами?,13,0.8017,0.78,0.0,0.8,Инструкция о порядке обращения с отходами производства и потребления АО «ВолгоградНИПИнефть» «ИН-01-ПОО»
9,Есть ли у нас регламент по обращению с отходами?,14,0.7833,0.78,0.0,0.78,12.1 Руководители структурных подразделений несут дисциплинарную ответственность:
9,Есть ли у нас регламент по обращению с отходами?,15,0.7762,0.78,0.0,0.74,"Порядок приемки, регистрации и архивирования источников информации."
9,Есть ли у нас регламент по обращению с отходами?,16,0.7926,0.77,0.0,0.79,"1.1 Данная инструкция определяет порядок приемки, регистрации и архивирования документов, переданных во временное пользование заказчиком или сторонней организацией, внешних нормативных документов, литературы, CD выполненных отчетов, а также научно-технической документации, образовавшейся в процессе производственной деятельности института."
9,Есть ли у нас регламент по обращению с отходами?,17,0.8017,0.77,0.0,0.8,ИН-01-ПОО
9,Есть ли у нас регламент по обращению с отходами?,18,0.7689,0.77,0.0,0.76,"Регистрация, учет, архивирование и хранение поступающей геолого-технической информации, выполненных отчетов, нормативных документов"
9,Есть ли у нас регламент по обращению с отходами?,19,0.7725,0.77,0.6,0.77,3 Нормативные ссылки
9,Есть ли у нас регламент по обращению с отходами?,20,0.7782,0.77,0.0,0.78,1 Назначение
9,Есть ли у нас регламент по обращению с отходами?,21,0.7651,0.77,0.0,0.75,Порядок работы
9,Есть ли у нас регламент по обращению с отходами?,22,0.7626,0.76,0.58,0.74,Проект горного отвода для всех видов полезных ископаемых
9,Есть ли у нас регламент по обращению с отходами?,23,0.7593,0.76,0.0,0.75,7.1 Распределение документов.
9,Есть ли у нас регламент по обращению с отходами?,24,0.7579,0.76,0.0,0.0,5.1 Группа имеет право:
9,Есть ли у нас регламент по обращению с отходами?,25,0.7566,0.76,0.0,0.74,Внутренние регламентирующие документы:
9,Есть ли у нас регламент по обращению с отходами?,26,0.756,0.76,0.0,0.75,3 Нормативные ссылки
9,Есть ли у нас регламент по обращению с отходами?,27,0.7557,0.76,0.62,0.74,7.1 Утвержденные изменения в процедуру вносятся уполномоченным по ИСМ или Ответственным по ведению экологической отчетности.
9,Есть ли у нас регламент по обращению с отходами?,28,0.7524,0.75,0.0,0.0,1.1 Правила внутреннего трудового распоркода
9,Есть ли у нас регламент по обращению с отходами?,29,0.7521,0.75,0.0,0.0,"8.9 Любая продукция, работа (услуга), характеристики которой не соответствуют установленным требованиям, своевременно идентифицируется, регистрируется и не используется до принятия решений уполномоченным персоналом о ее корректировке, изъятии, замене, возврате и т.п."
9,Есть ли у нас регламент по обращению с отходами?,30,0.7608,0.75,0.0,0.76,"3.1 Выполнение проектной документации, отчётов и иной технической документации, соответствующей требованиям и ожиданиям Заказчиков по срокам, финансовым затратам, использованию современных технологий, оборудования и материалов, снижению энергозатрат и экологически вредного воздействия на окружающую среду."
9,Есть ли у нас регламент по обращению с отходами?,31,0.7505,0.75,0.6,0.0,10. Журнал контроля микроклимата в помещении архива АО «ВолгоградНИПИнефть»
9,Есть ли у нас регламент по обращению с отходами?,32,0.7504,0.75,0.59,0.0,"8 Мониторинг, измерения, анализ и оценивание"
9,Есть ли у нас регламент по обращению с отходами?,33,0.7503,0.75,0.0,0.75,8 Управление исходящей документацией
9,Есть ли у нас регламент по обращению с отходами?,34,0.749,0.75,0.0,0.0,1.2 Инструкция определяет порядок действий и согласований при внешних поставках:
9,Есть ли у нас регламент по обращению с отходами?,35,0.7485,0.75,0.0,0.0,5 Порядок проведения нормоконтроля
9,Есть ли у нас регламент по обращению с отходами?,36,0.7483,0.75,0.0,0.0,"4 Термины, обозначения, сокращения"
9,Есть ли у нас регламент по обращению с отходами?,37,0.7476,0.75,0.0,0.0,"7.11 Сохранность собственности Заказчика обеспечивается учетом полученных и подлежащих возврату документов, материалов и данных, необходимых для разработки проектных решений, а также предоставленного керна и/или шлама для проведения исследовательских работ (п.8.5.3. Руководства по интегрированной системе менеджмента):"
9,Есть ли у нас регламент по обращению с отходами?,38,0.7642,0.0,0.0,0.76,5 Правила работы с файлами
9,Есть ли у нас регламент по обращению с отходами?,39,0.7615,0.0,0.0,0.76,3 Нормативные ссылки
9,Есть ли у нас регламент по обращению с отходами?,40,0.76,0.0,0.0,0.76,F:\\\\ !Шаблоны документов\\\\Бланки регистрации
9,Есть ли у нас регламент по обращению с отходами?,41,0.76,0.0,0.0,0.76,Приложение 3. Перечень регламентированных бизнес-процессов
9,Есть ли у нас регламент по обращению с отходами?,42,0.7595,0.0,0.0,0.76,7 Приемка материалов по окончании полевых работ
9,Есть ли у нас регламент по обращению с отходами?,43,0.7574,0.0,0.0,0.76,Внутреннего трудового распорядка АО «ВолгоградНИПИнефть»
9,Есть ли у нас регламент по обращению с отходами?,44,0.7559,0.0,0.0,0.76,1 ОБЩИЕ ПОЛОЖЕНИЯ
9,Есть ли у нас регламент по обращению с отходами?,45,0.7547,0.0,0.64,0.75,Приложение 4. Перечень документированной информации отдела
9,Есть ли у нас регламент по обращению с отходами?,46,0.7536,0.0,0.0,0.75,2 Область применения
9,Есть ли у нас регламент по обращению с отходами?,47,0.7531,0.0,0.0,0.75,Приложение 3. Перечень программного обеспечения
9,Есть ли у нас регламент по обращению с отходами?,48,0.752,0.0,0.0,0.75,3 Метрологическое обеспечение
9,Есть ли у нас регламент по обращению с отходами?,49,0.7485,0.0,0.0,0.75,8 Контроль и приемка камеральных работ
9,Есть ли у нас регламент по обращению с отходами?,50,0.7474,0.0,0.64,0.75,Приложение 3. Перечень регламентированных процессов договорного отдела.
9,Есть ли у нас регламент по обращению с отходами?,51,0.7468,0.0,0.0,0.75,3 Нормативные ссылки
9,Есть ли у нас регламент по обращению с отходами?,52,0.7457,0.0,0.0,0.75,3 Нормативные ссылки
9,Есть ли у нас регламент по обращению с отходами?,53,0.7454,0.0,0.0,0.75,3 Нормативные ссылки
9,Есть ли у нас регламент по обращению с отходами?,54,0.7453,0.0,0.0,0.75,Приложение 2. Перечень регламентированных процессов информационно-технического отдела.
9,Есть ли у нас регламент по обращению с отходами?,55,0.7451,0.0,0.0,0.75,Приложение 3. Перечень регламентированных бизнес-процессов отдела
9,Есть ли у нас регламент по обращению с отходами?,56,0.7437,0.0,0.0,0.74,Положения:
9,Есть ли у нас регламент по обращению с отходами?,57,0.7436,0.0,0.0,0.74,Приложение 4. Перечень программного обеспечения отдела
9,Есть ли у нас регламент по обращению с отходами?,58,0.7434,0.0,0.0,0.74,2 Оборудование
9,Есть ли у нас регламент по обращению с отходами?,59,0.7431,0.0,0.0,0.74,4 Нормативные ссылки
9,Есть ли у нас регламент по обращению с отходами?,60,0.743,0.0,0.0,0.74,P:\\\\Информация…
9,Есть ли у нас регламент по обращению с отходами?,61,0.7424,0.0,0.58,0.74,7 Организация и стадии выполнения проектных работ
9,Есть ли у нас регламент по обращению с отходами?,62,0.7421,0.0,0.0,0.74,СОГЛАСОВАНО:
9,Есть ли у нас регламент по обращению с отходами?,63,0.7419,0.0,0.0,0.74,2 Структура
9,Есть ли у нас регламент по обращению с отходами?,64,0.7414,0.0,0.0,0.74,ПЛ-01-НК
9,Есть ли у нас регламент по обращению с отходами?,65,0.7414,0.0,0.0,0.74,ПОЛОЖЕНИЕ О нормоконтроле проектно-сметной и отчетной документации «ПЛ-01-НК»
9,Есть ли у нас регламент по обращению с отходами?,66,0.7409,0.0,0.0,0.74,6 Управление внутренними документами
9,Есть ли у нас регламент по обращению с отходами?,67,0.7408,0.0,0.0,0.74,"ПОЛОЖЕНИЕ По организации внутреннего контроля качества и приемки топографо-геодезических, картографических и проектно-изыскательских работ «ПЛ-08-ОВКК»"
9,Есть ли у нас регламент по обращению с отходами?,68,0.7408,0.0,0.0,0.74,ПЛ-08-ОВКК
9,Есть ли у нас регламент по обращению с отходами?,69,0.7402,0.0,0.0,0.74,Организация договорной работы
9,Есть ли у нас регламент по обращению с отходами?,70,0.74,0.0,0.0,0.74,Приложение 1 Перечень документированной информации
9,Есть ли у нас регламент по обращению с отходами?,71,0.7395,0.0,0.58,0.74,12 Перечень нормативных документов по контролю качества выпускаемой продукции
9,Есть ли у нас регламент по обращению с отходами?,72,0.7392,0.0,0.0,0.74,Приложение А. Стадии и этапы выполнения работ
9,Есть ли у нас регламент по обращению с отходами?,73,0.739,0.0,0.0,0.74,Приложение 3. Перечень документированной информации информационно-технического отдела.
9,Есть ли у нас регламент по обращению с отходами?,74,0.738,0.0,0.0,0.74,5 Основные положения
9,Есть ли у нас регламент по обращению с отходами?,75,0.7379,0.0,0.0,0.74,3 Нормативные ссылки
9,Есть ли у нас регламент по обращению с отходами?,76,0.7379,0.0,0.0,0.74,1 Общие положения
9,Есть ли у нас регламент по обращению с отходами?,77,0.7376,0.0,0.0,0.74,1 Общие положения
9,Есть ли у нас регламент по обращению с отходами?,78,0.7374,0.0,0.0,0.74,ПЛ-07-УИСМ
9,Есть ли у нас регламент по обращению с отходами?,79,0.7374,0.0,0.0,0.74,ПОЛОЖЕНИЕ об уполномоченном по интегрированной системе менеджмента в отделе геологии «ПЛ-07-УИСМ»
9,Есть ли у нас регламент по обращению с отходами?,80,0.7371,0.0,0.0,0.74,1 Назначение
9,Есть ли у нас регламент по обращению с отходами?,81,0.7371,0.0,0.63,0.74,1 Назначение
9,Есть ли у нас регламент по обращению с отходами?,82,0.7367,0.0,0.0,0.74,Приложение В
9,Есть ли у нас регламент по обращению с отходами?,83,0.7367,0.0,0.0,0.74,1 ОБЩИЕ ПОЛОЖЕНИЯ
9,Есть ли у нас регламент по обращению с отходами?,84,0.7362,0.0,0.0,0.74,1 Общие положения
9,Есть ли у нас регламент по обращению с отходами?,85,0.7362,0.0,0.61,0.74,5 Идентификация всех возможных экологических аспектов
9,Есть ли у нас регламент по обращению с отходами?,86,0.7361,0.0,0.0,0.74,Приложение 2. Перечень внутренней документации ИСМ отдела
9,Есть ли у нас регламент по обращению с отходами?,87,0.6496,0.0,0.65,0.0,"4.6 В течение двух рабочих дней с момента подписания приказа, работнику выдается SIM-карта под подпись и (при необходимости) мобильный аппарат по акту приема-передачи по форме указанной в Приложении В. Возврат по форме в Приложении Г."
9,Есть ли у нас регламент по обращению с отходами?,88,0.6492,0.0,0.65,0.0,Журнал авансовые платежи
9,Есть ли у нас регламент по обращению с отходами?,89,0.6466,0.0,0.65,0.0,6.1 Методика оценки экологических аспектов
9,Есть ли у нас регламент по обращению с отходами?,90,0.6447,0.0,0.64,0.0,2.4 Сотрудники Отдела назначаются на должности и освобождаются от должностей приказом генерального директора по представлению начальника Отдела.
9,Есть ли у нас регламент по обращению с отходами?,91,0.64,0.0,0.64,0.0,3.5 Контролировать ведение обязательной документированной информации отдела в соответствии с рабочей инструкцией «Правила ведения работ по договору отдела инженерных изысканий» (РИ-08-ВРД) и регламентами отдела инженерных изысканий
9,Есть ли у нас регламент по обращению с отходами?,92,0.6363,0.0,0.64,0.0,1 Назначение
9,Есть ли у нас регламент по обращению с отходами?,93,0.636,0.0,0.64,0.0,1.1 Договорной отдел (далее по тексту - Отдел) является структурным подразделением АО «ВолгоградНИПИнефть» (далее по тексту - Институт).
9,Есть ли у нас регламент по обращению с отходами?,94,0.6355,0.0,0.64,0.0,2.4 Работники Отдела назначаются на должности и освобождаются от должностей приказом генерального директора Института по представлению начальника отдела.
9,Есть ли у нас регламент по обращению с отходами?,95,0.6332,0.0,0.63,0.0,4.1 Оформление доходных и расходных договоров на выполнение работ в соответствии с инструкцией «Организация договорной работы» (ИН-05-ДР) и рабочей инструкцией «Организация работ по расходным договорам» (РИ-13РД).
9,Есть ли у нас регламент по обращению с отходами?,96,0.6296,0.0,0.63,0.0,Расчет часовой ставки
9,Есть ли у нас регламент по обращению с отходами?,97,0.6196,0.0,0.62,0.0,"5.2 Во взаимоотношениях с государственными и муниципальными органами, а также другими предприятиями, организациями, учреждениями, представительствовать в установленном порядке от имени Института по вопросам, относящимся к компетенции Отдела."
9,Есть ли у нас регламент по обращению с отходами?,98,0.6094,0.0,0.61,0.0,"2.1 Обязанности Уполномоченного по ИСМ возлагаются на сотрудника отдела с высшим или неполным высшим образованием, без предъявления требований к стажу работы в Институте."
9,Есть ли у нас регламент по обращению с отходами?,99,0.6081,0.0,0.61,0.0,"3.3 Корпоративный мобильный аппарат -  беспроводной  цифровой телефонный аппарат стандарта GSM, принадлежащий Институту и выданный сотруднику  по  Акту  приема-передачи  для  пользования  корпоративной  мобильной связью."
9,Есть ли у нас регламент по обращению с отходами?,100,0.6042,0.0,0.6,0.0,"3.7 Не допускается отвечать на вопросы, связанные с передачей персональной информации по телефону или факсу"
9,Есть ли у нас регламент по обращению с отходами?,101,0.6006,0.0,0.6,0.0,Идентификация экологических аспектов
9,Есть ли у нас регламент по обращению с отходами?,102,0.5985,0.0,0.6,0.0,7.2 Средства корпоративной мобильной связи (SIM-карта и/или мобильный аппарат) передаются работнику по акту приема-передачи. В день увольнения работник обязан вернуть SIM-карту и/или мобильный аппарат по акту приема-передачи материальных ценностей и/или переоформить SIM-карту в личное пользование.
9,Есть ли у нас регламент по обращению с отходами?,103,0.5969,0.0,0.6,0.0,ПОЛОЖЕНИЕ Об уполномоченном по интегрированной системе менеджмента в отделе инженерных изысканий «ПЛ-08-УИСМ»
9,Есть ли у нас регламент по обращению с отходами?,104,0.5942,0.0,0.59,0.0,"3.17 Участвовать в разработке, внедрении и поддержании в рабочем состоянии регламентов по основным видам работ"
9,Есть ли у нас регламент по обращению с отходами?,105,0.5911,0.0,0.59,0.0,"1.3 Уполномоченный по ИСМ выполняет свои функции независимо от других, возложенных на него должностных обязанностей."
9,Есть ли у нас регламент по обращению с отходами?,106,0.5857,0.0,0.59,0.0,ПЛ-08-УИСМ
9,Есть ли у нас регламент по обращению с отходами?,107,0.5851,0.0,0.59,0.0,1.7 В целях экономии расходов по оплате услуг связи работники подключаются к корпоративному тарифному плану на условиях льготной тарификации по оптимальному тарифу в пределах установленного лимита.
9,Есть ли у нас регламент по обращению с отходами?,108,0.5848,0.0,0.58,0.0,Согласовано:
9,Есть ли у нас регламент по обращению с отходами?,109,0.5844,0.0,0.58,0.0,"Приложение 7. Выпуск продукции на 20__ г. на основании заключенных договоров, с НДС."
9,Есть ли у нас регламент по обращению с отходами?,110,0.5831,0.0,0.58,0.0,Приложение 2 Перечень внутренней документации ИСМ отдела
9,Есть ли у нас регламент по обращению с отходами?,111,0.5824,0.0,0.58,0.0,"6.1 В качестве документального подтверждения расходов на корпоративную мобильную связь ответственное лицо организует получение от оператора, предоставляющего мобильную связь, детализации звонков по всем корпоративным номерам, используемым в Институте."
9,Есть ли у нас регламент по обращению с отходами?,112,0.5822,0.0,0.58,0.0,4.2 Получать от должностных лиц необходимые документы по вопросам ИСМ.
9,Есть ли у нас регламент по обращению с отходами?,113,0.5755,0.0,0.58,0.0,"6.9 Дистанционный работник по согласованию с ответственным должностным лицом вправе использовать персональный доступ к имеющимся у него программам, указанным в пунктах 6.3, 6.4 настоящего Положения. В этом случае дистанционному работнику выплачивается компенсация за использование таких программ. Размер компенсации согласовывается сторонами в трудовом договоре или в дополнительном соглашении."
9,Есть ли у нас регламент по обращению с отходами?,114,0.5754,0.0,0.58,0.0,1 Назначение
9,Есть ли у нас регламент по обращению с отходами?,115,0.5749,0.0,0.57,0.0,4.1 Термины.
9,Есть ли у нас регламент по обращению с отходами?,116,0.5722,0.0,0.57,0.0,№ п/п
9,Есть ли у нас регламент по обращению с отходами?,117,0.5707,0.0,0.57,0.0,"6.4 Невыполнение приказов, указаний и распоряжений по Институту."
9,Есть ли у нас регламент по обращению с отходами?,118,0.5706,0.0,0.57,0.0,"5.4 В случае перевода на дистанционную работу по инициативе работника, необходимо предоставить заявление заверенное личной подписью, с указанием основания для перевода на дистанционную работу, дату планируемого перевода, а также характер перевода: временный или постоянный."
9,Есть ли у нас регламент по обращению с отходами?,119,0.5696,0.0,0.57,0.0,Повременно-премиальная система оплаты труда
9,Есть ли у нас регламент по обращению с отходами?,120,0.5662,0.0,0.57,0.0,4 Персонал
9,Есть ли у нас регламент по обращению с отходами?,121,0.832,0.83,0.5,0.82,3 Нормативные ссылки
9,Есть ли у нас регламент по обращению с отходами?,122,0.8302,0.83,0.0,0.81,8 Требования к транспортированию отходов
9,Есть ли у нас регламент по обращению с отходами?,123,0.8299,0.83,0.0,0.81,7 Порядок учета отходов
9,Есть ли у нас регламент по обращению с отходами?,124,0.8261,0.83,0.0,0.79,6 Порядок накопления отходов
9,Есть ли у нас регламент по обращению с отходами?,125,0.8261,0.83,0.0,0.78,6 Порядок накопления отходов
9,Есть ли у нас регламент по обращению с отходами?,126,0.8151,0.82,0.5,0.5,"4 Термины, обозначения, сокращения"
9,Есть ли у нас регламент по обращению с отходами?,127,0.8123,0.81,0.0,0.8,9 Требования к передаче отходов сторонним специализированным организациям
9,Есть ли у нас регламент по обращению с отходами?,128,0.825,0.81,0.0,0.82,1 Назначение
9,Есть ли у нас регламент по обращению с отходами?,129,0.8091,0.81,0.0,0.81,10 Безопасное обращение с отходами
9,Есть ли у нас регламент по обращению с отходами?,130,0.8017,0.78,0.53,0.8,Инструкция о порядке обращения с отходами производства и потребления АО «ВолгоградНИПИнефть» «ИН-01-ПОО»
9,Есть ли у нас регламент по обращению с отходами?,131,0.7177,0.72,0.0,0.68,Лист регистрации изменений
9,Есть ли у нас регламент по обращению с отходами?,132,0.7833,0.7,0.0,0.78,12 Ответственность
9,Есть ли у нас регламент по обращению с отходами?,133,0.6975,0.7,0.51,0.68,СОГЛАСОВАНО:
9,Есть ли у нас регламент по обращению с отходами?,134,0.7889,0.69,0.0,0.79,5 Основные положения
9,Есть ли у нас регламент по обращению с отходами?,135,0.8177,0.69,0.0,0.82,11 Контроль
9,Есть ли у нас регламент по обращению с отходами?,136,0.7146,0.69,0.0,0.71,2 Область применения
10,В чем разница между накоплением и хранением отходов?,1,0.8277,0.83,0.0,0.0,"4 Термины, обозначения, сокращения"
10,В чем разница между накоплением и хранением отходов?,2,0.825,0.82,0.69,0.79,6 Порядок накопления отходов
10,В чем разница между накоплением и хранением отходов?,3,0.825,0.82,0.0,0.79,6 Порядок накопления отходов
10,В чем разница между накоплением и хранением отходов?,4,0.7992,0.8,0.0,0.74,7 Порядок учета отходов
10,В чем разница между накоплением и хранением отходов?,5,0.8061,0.78,0.63,0.81,10.2 Способы  накопления  отходов  и  их  передачи  сторонним  организациям  должны исключать возможность загрязнения окружающей территории.
10,В чем разница между накоплением и хранением отходов?,6,0.778,0.78,0.0,0.77,"11.1 При накоплении и передаче отходов специализированным лицензированным организациям должны соблюдаться действующие экологические, санитарноэпидемиологические, технические нормы и правила обращения с отходами."
10,В чем разница между накоплением и хранением отходов?,7,0.7717,0.77,0.0,0.77,8 Требования к транспортированию отходов
10,В чем разница между накоплением и хранением отходов?,8,0.7596,0.76,0.0,0.75,"12.2 За нарушение учета образования, накопления и передачи отходов, за несвоевременное  заключение  договоров  на  утилизацию,  обезвреживание  и/или размещение отходов и их выполнение отвечают ОВЭО и заместитель генерального директора по общим вопросам."
10,В чем разница между накоплением и хранением отходов?,9,0.7558,0.76,0.0,0.74,"9.6 Обязательным является наличие документального подтверждения всей цепочки движения отходов: договор с транспортной компанией на транспортирование отходов, договор транспортной компании со специализированной организацией, которой в конечном итоге будут переданы отходы на обработку, утилизацию, обезвреживание и/или размещение (захоронение)"
10,В чем разница между накоплением и хранением отходов?,10,0.7537,0.75,0.0,0.68,"Порядок приемки, регистрации и архивирования источников информации."
10,В чем разница между накоплением и хранением отходов?,11,0.7602,0.75,0.0,0.76,"5.1 Отходы в зависимости от степени негативного воздействия на окружающую среду подразделяются  в  соответствии  с  критериями,  установленными  федеральным органом исполнительной власти, осуществляющим государственное регулирование в области охраны окружающей среды, на пять классов опасности:"
10,В чем разница между накоплением и хранением отходов?,12,0.7385,0.74,0.63,0.72,7 Последовательность формирования реестров экологических аспектов
10,В чем разница между накоплением и хранением отходов?,13,0.7359,0.74,0.0,0.7,3 Нормативные ссылки
10,В чем разница между накоплением и хранением отходов?,14,0.731,0.73,0.0,0.7,Определения и сокращения
10,В чем разница между накоплением и хранением отходов?,15,0.7288,0.73,0.0,0.71,3.14 ОтвРег по результатам архивирования формирует отчет об архивировании . Отчет хранится в электронном виде не менее 5 лет.
10,В чем разница между накоплением и хранением отходов?,16,0.7404,0.73,0.74,0.72,5.3 Идентификация экологических аспектов
10,В чем разница между накоплением и хранением отходов?,17,0.7204,0.72,0.0,0.68,"4.27 Сбор, организация и хранение фактических данных по маркшейдерии и инженерным изысканиям."
10,В чем разница между накоплением и хранением отходов?,18,0.719,0.72,0.0,0.0,"4.17 Прием, заполнение, хранение и выдача трудовых книжек."
10,В чем разница между накоплением и хранением отходов?,19,0.7186,0.72,0.0,0.0,8.1 Составление и согласование документа исполнителем.
10,В чем разница между накоплением и хранением отходов?,20,0.7719,0.72,0.77,0.68,6.2 Оценка существенности экологических аспектов по суммарному количеству баллов
10,В чем разница между накоплением и хранением отходов?,21,0.7167,0.72,0.64,0.7,"5.2 Идентификация видов деятельности, процессов, источников загрязнения, продукции, услуг."
10,В чем разница между накоплением и хранением отходов?,22,0.7161,0.72,0.0,0.0,"Регистрация, учет, архивирование и хранение поступающей геолого-технической информации, выполненных отчетов, нормативных документов"
10,В чем разница между накоплением и хранением отходов?,23,0.741,0.72,0.0,0.74,1 Назначение
10,В чем разница между накоплением и хранением отходов?,24,0.7151,0.72,0.61,0.0,"Первый экземпляр остается в УФО, заносится в электронный реестр договоров, распечатыва- ется и хранится в папке «Расход- ные договоры»"
10,В чем разница между накоплением и хранением отходов?,25,0.7133,0.71,0.0,0.0,Архивирование
10,В чем разница между накоплением и хранением отходов?,26,0.7112,0.71,0.61,0.69,"4.11 Сбор, систематизация и оцифровка геолого-технологической информации."
10,В чем разница между накоплением и хранением отходов?,27,0.709,0.71,0.0,0.0,"3.5 Обеспечение приема, сохранности, учета и выдачи документов архива."
10,В чем разница между накоплением и хранением отходов?,28,0.7083,0.71,0.0,0.0,7.7 Хранение рабочих файлов проекта осуществляется в соответствии с рабочей инструкцией «Структура каталогов» (РИ-10-СтруктКат):
10,В чем разница между накоплением и хранением отходов?,29,0.7081,0.71,0.0,0.0,"Сбор, организация и хранение фактических данных по строительству скважин"
10,В чем разница между накоплением и хранением отходов?,30,0.7062,0.71,0.0,0.68,Порядок приема и увольнения работников
10,В чем разница между накоплением и хранением отходов?,31,0.7055,0.71,0.63,0.71,4.1 Термины.
10,В чем разница между накоплением и хранением отходов?,32,0.7047,0.7,0.0,0.0,"3.2 Участие в разработке проектов строительства, эксплуатации, реконструкции,  консервации  и  ликвидации  объектов  по  добыче  полезных ископаемых."
10,В чем разница между накоплением и хранением отходов?,33,0.7322,0.0,0.0,0.73,Общие положения
10,В чем разница между накоплением и хранением отходов?,34,0.72,0.0,0.0,0.72,5 Правила работы с файлами
10,В чем разница между накоплением и хранением отходов?,35,0.711,0.0,0.0,0.71,ИН-01-ПОО
10,В чем разница между накоплением и хранением отходов?,36,0.711,0.0,0.0,0.71,Инструкция о порядке обращения с отходами производства и потребления АО «ВолгоградНИПИнефть» «ИН-01-ПОО»
10,В чем разница между накоплением и хранением отходов?,37,0.7084,0.0,0.0,0.71,С производственными службами Заказчика по строительству и обустройству месторождений:
10,В чем разница между накоплением и хранением отходов?,38,0.7048,0.0,0.0,0.7,Приложение 3. Перечень программного обеспечения
10,В чем разница между накоплением и хранением отходов?,39,0.7047,0.0,0.63,0.7,Приложение 4. Перечень документированной информации отдела
10,В чем разница между накоплением и хранением отходов?,40,0.7009,0.0,0.0,0.7,Сводный реестр экологических аспектов
10,В чем разница между накоплением и хранением отходов?,41,0.6985,0.0,0.0,0.7,Приложение 1 Перечень документированной информации
10,В чем разница между накоплением и хранением отходов?,42,0.6977,0.0,0.0,0.7,Внутреннего трудового распорядка АО «ВолгоградНИПИнефть»
10,В чем разница между накоплением и хранением отходов?,43,0.6965,0.0,0.0,0.7,Итоговый реестр существенных экологических аспектов
10,В чем разница между накоплением и хранением отходов?,44,0.6959,0.0,0.0,0.7,3 Задачи
10,В чем разница между накоплением и хранением отходов?,45,0.6958,0.0,0.0,0.7,6 Идентификация и оценка рисков
10,В чем разница между накоплением и хранением отходов?,46,0.6952,0.0,0.0,0.7,Приложение 3. Кадровая документация отдела
10,В чем разница между накоплением и хранением отходов?,47,0.695,0.0,0.0,0.69,7 Приемка материалов по окончании полевых работ
10,В чем разница между накоплением и хранением отходов?,48,0.6943,0.0,0.0,0.69,Организация договорной работы
10,В чем разница между накоплением и хранением отходов?,49,0.6931,0.0,0.0,0.69,ИН-15-РегАрх
10,В чем разница между накоплением и хранением отходов?,50,0.6931,0.0,0.0,0.69,ИНСТРУКЦИЯ Регистрация и архивирование источников информации «ИН-15-РегАрх»
10,В чем разница между накоплением и хранением отходов?,51,0.6928,0.0,0.0,0.69,Порядок работы
10,В чем разница между накоплением и хранением отходов?,52,0.6924,0.0,0.0,0.69,ИН-20-ДО
10,В чем разница между накоплением и хранением отходов?,53,0.6924,0.0,0.0,0.69,ИНСТРУКЦИЯ Организация работ по документообороту «ИН-20-ДО»
10,В чем разница между накоплением и хранением отходов?,54,0.6906,0.0,0.0,0.69,10 Завершающая стадия
10,В чем разница между накоплением и хранением отходов?,55,0.6904,0.0,0.0,0.69,4 Функции
10,В чем разница между накоплением и хранением отходов?,56,0.6892,0.0,0.0,0.69,3 ОСНОВНЫЕ ФУНКЦИИ МАРКШЕЙДЕРСКО-ГЕОДЕЗИЧЕСКОЙ СЛУЖБЫ
10,В чем разница между накоплением и хранением отходов?,57,0.6889,0.0,0.0,0.69,1 ОБЩИЕ ПОЛОЖЕНИЯ
10,В чем разница между накоплением и хранением отходов?,58,0.6889,0.0,0.0,0.69,Приложение 4. Перечень программного обеспечения отдела
10,В чем разница между накоплением и хранением отходов?,59,0.6872,0.0,0.0,0.69,С отделом бурения Общества
10,В чем разница между накоплением и хранением отходов?,60,0.6863,0.0,0.0,0.69,При этом проверяются:
10,В чем разница между накоплением и хранением отходов?,61,0.6863,0.0,0.0,0.69,2 Оборудование
10,В чем разница между накоплением и хранением отходов?,62,0.6862,0.0,0.0,0.69,3 Задачи
10,В чем разница между накоплением и хранением отходов?,63,0.6837,0.0,0.0,0.68,1 Назначение
10,В чем разница между накоплением и хранением отходов?,64,0.6834,0.0,0.0,0.68,8 Срок и режим командировки
10,В чем разница между накоплением и хранением отходов?,65,0.6831,0.0,0.0,0.68,О группе охраны окружающей среды отдела бурения и «ПЛ-12-ГООС»
10,В чем разница между накоплением и хранением отходов?,66,0.6831,0.0,0.0,0.68,ПЛ-12 -ГООС
10,В чем разница между накоплением и хранением отходов?,67,0.6829,0.0,0.0,0.68,1 Назначение
10,В чем разница между накоплением и хранением отходов?,68,0.6825,0.0,0.0,0.68,Приложение Б. Информационный лист проекта
10,В чем разница между накоплением и хранением отходов?,69,0.6825,0.0,0.0,0.68,3 Правила работы с каталогами текущих проектов:
10,В чем разница между накоплением и хранением отходов?,70,0.6823,0.0,0.0,0.68,8 Контроль и приемка камеральных работ
10,В чем разница между накоплением и хранением отходов?,71,0.6809,0.0,0.0,0.68,4 Функции
10,В чем разница между накоплением и хранением отходов?,72,0.6809,0.0,0.0,0.68,"6 Оценка, выбор и переоценка поставщиков."
10,В чем разница между накоплением и хранением отходов?,73,0.6808,0.0,0.0,0.68,P:\\\\Информация…
10,В чем разница между накоплением и хранением отходов?,74,0.7994,0.0,0.8,0.68,Идентификация экологических аспектов
10,В чем разница между накоплением и хранением отходов?,75,0.6805,0.0,0.0,0.68,9 Окончание работ. Отчет о командировке
10,В чем разница между накоплением и хранением отходов?,76,0.6798,0.0,0.0,0.68,Приложение 5. Перечень программного обеспечения отдела
10,В чем разница между накоплением и хранением отходов?,77,0.6797,0.0,0.0,0.68,Рабочее время и его использование
10,В чем разница между накоплением и хранением отходов?,78,0.6789,0.0,0.0,0.68,Внутреннего трудового распорядка АО «ВолгоградНИПИнефть»
10,В чем разница между накоплением и хранением отходов?,79,0.6787,0.0,0.0,0.68,Приложение Г
10,В чем разница между накоплением и хранением отходов?,80,0.6783,0.0,0.0,0.68,ПЛ-07-УИСМ
10,В чем разница между накоплением и хранением отходов?,81,0.6783,0.0,0.0,0.68,ПОЛОЖЕНИЕ об уполномоченном по интегрированной системе менеджмента в отделе геологии «ПЛ-07-УИСМ»
10,В чем разница между накоплением и хранением отходов?,82,0.678,0.0,0.0,0.68,4 Функции
10,В чем разница между накоплением и хранением отходов?,83,0.6778,0.0,0.0,0.68,9 Составление технического отчета по выполненным работам
10,В чем разница между накоплением и хранением отходов?,84,0.6778,0.0,0.0,0.68,2 Структура
10,В чем разница между накоплением и хранением отходов?,85,0.6761,0.0,0.0,0.68,Приложение 5. Шаблоны бланков документированной информации отдела.
10,В чем разница между накоплением и хранением отходов?,86,0.7776,0.0,0.78,0.0,"8 Мониторинг, измерения, анализ и оценивание"
10,В чем разница между накоплением и хранением отходов?,87,0.7499,0.0,0.75,0.0,"4.6 В течение двух рабочих дней с момента подписания приказа, работнику выдается SIM-карта под подпись и (при необходимости) мобильный аппарат по акту приема-передачи по форме указанной в Приложении В. Возврат по форме в Приложении Г."
10,В чем разница между накоплением и хранением отходов?,88,0.742,0.0,0.74,0.0,7.2 Средства корпоративной мобильной связи (SIM-карта и/или мобильный аппарат) передаются работнику по акту приема-передачи. В день увольнения работник обязан вернуть SIM-карту и/или мобильный аппарат по акту приема-передачи материальных ценностей и/или переоформить SIM-карту в личное пользование.
10,В чем разница между накоплением и хранением отходов?,89,0.7309,0.0,0.73,0.0,"6.1 Ненадлежащее и несвоевременное выполнение задач и функций, предусмотренных настоящим положением."
10,В чем разница между накоплением и хранением отходов?,90,0.7191,0.0,0.72,0.0,1.3 В своей деятельности Отдел руководствуется:
10,В чем разница между накоплением и хранением отходов?,91,0.7149,0.0,0.71,0.0,"5.1 Трудовой договор, дополнительное соглашение к трудовому договору, предусматривающие выполнение работником трудовой функции дистанционно, а также внесение изменений в эти договоры (дополнительные соглашения к трудовым договорам) и их расторжение могут заключаться путем обмена между работником (лицом, поступающим на работу) и работодателем электронными документами, а также путем личной подписи. В случае обмена между работником и работодателем электронного документооборота используются усиленная квалифицированная электронная подпись работодателя и усиленная квалифицированная электронная подпись или усиленная неквалифицированная электронная подпись работника в соответствии с законодательством Российской Федерации об электронной подписи."
10,В чем разница между накоплением и хранением отходов?,92,0.6802,0.0,0.68,0.0,СОГЛАСОВАНО:
10,В чем разница между накоплением и хранением отходов?,93,0.6765,0.0,0.68,0.0,3 Общие положения
10,В чем разница между накоплением и хранением отходов?,94,0.676,0.0,0.68,0.0,"5.4 Требовать от сотрудников Института оказания содействия в исполнении им задач и функций, предусмотренных настоящим положением."
10,В чем разница между накоплением и хранением отходов?,95,0.665,0.0,0.67,0.0,"4.8 Обоснование стоимости работ по договорам, тендерам и иные расчеты к ним."
10,В чем разница между накоплением и хранением отходов?,96,0.6574,0.0,0.66,0.0,2.4 Сотрудники Отдела назначаются на должности и освобождаются от должностей приказом генерального директора по представлению начальника Отдела.
10,В чем разница между накоплением и хранением отходов?,97,0.6545,0.0,0.65,0.0,2.3 Структуру и штатную численность Отдела утверждает генеральный директор Института исходя из условий и особенностей деятельности Института по представлению заместителя генерального директора по общим вопросам (см. Приложение 1).
10,В чем разница между накоплением и хранением отходов?,98,0.6539,0.0,0.65,0.0,4 Система оплаты труда
10,В чем разница между накоплением и хранением отходов?,99,0.6499,0.0,0.65,0.0,1 Назначение
10,В чем разница между накоплением и хранением отходов?,100,0.6397,0.0,0.64,0.0,"3.1 Организация преддоговорной и договорной работы, участие в подготовке теной предложений."
10,В чем разница между накоплением и хранением отходов?,101,0.6392,0.0,0.64,0.0,3.2 В целях обеспечения прав и свобод человека и гражданина работодатель и его представители при обработке персональных данных работника обязаны соблюдать следующие общие требования:
10,В чем разница между накоплением и хранением отходов?,102,0.6345,0.0,0.63,0.0,1.2 Отдел создается и ликвидируется приказом генерального директора Института.
10,В чем разница между накоплением и хранением отходов?,103,0.6329,0.0,0.63,0.0,"4 Термины, обозначения"
10,В чем разница между накоплением и хранением отходов?,104,0.6314,0.0,0.63,0.0,1.5 Средства мобильной связи предоставляются сотруднику в целях повышения эффективности управления и оперативного обмена информацией.
10,В чем разница между накоплением и хранением отходов?,105,0.6309,0.0,0.63,0.0,4.1 Термины и определения:
10,В чем разница между накоплением и хранением отходов?,106,0.6298,0.0,0.63,0.0,3 Нормативные ссылки
10,В чем разница между накоплением и хранением отходов?,107,0.6298,0.0,0.63,0.0,"3.12 Предотвращать непреднамеренное использование устаревших документов и определенным образом обозначает их в случаях, когда они сохраняются в каких-либо целях"
10,В чем разница между накоплением и хранением отходов?,108,0.6291,0.0,0.63,0.0,"3.1 В порядке исключения , работы/услуги, предусмотренные РД, могут быть оплачены, не дожидаясь его подписания. Оплата производится главным бухгалой на основании счета исполнителя."
10,В чем разница между накоплением и хранением отходов?,109,0.6279,0.0,0.63,0.0,4.1 Готовить проекты документов в рамках своей деятельности и предоставлять их на рассмотрение руководства.
10,В чем разница между накоплением и хранением отходов?,110,0.6188,0.0,0.62,0.0,1 Общие положения. Контроль качества приемки работ
10,В чем разница между накоплением и хранением отходов?,111,0.6173,0.0,0.62,0.0,Приложение В
10,В чем разница между накоплением и хранением отходов?,112,0.6146,0.0,0.61,0.0,"3.3 Корпоративный мобильный аппарат -  беспроводной  цифровой телефонный аппарат стандарта GSM, принадлежащий Институту и выданный сотруднику  по  Акту  приема-передачи  для  пользования  корпоративной  мобильной связью."
10,В чем разница между накоплением и хранением отходов?,113,0.6133,0.0,0.61,0.0,"4.1 Вносить на рассмотрение руководства предложения по улучшению деятельности,  связанной  с  предусмотренными  настоящим  положением  обязанностями."
10,В чем разница между накоплением и хранением отходов?,114,0.6122,0.0,0.61,0.0,"Оформление договоров на выполнение работ, оказание услуг"
10,В чем разница между накоплением и хранением отходов?,115,0.6105,0.0,0.61,0.0,СОГЛАСОВАНО:
10,В чем разница между накоплением и хранением отходов?,116,0.608,0.0,0.61,0.0,6.8 В этом случае дистанционному работнику выплачивается компенсация за использование принадлежащего ему или арендованного им оборудования. Размер компенсации согласовывается в трудовом договоре или в дополнительном соглашении генеральным директором.
10,В чем разница между накоплением и хранением отходов?,117,0.6061,0.0,0.61,0.0,"6.1 В качестве документального подтверждения расходов на корпоративную мобильную связь ответственное лицо организует получение от оператора, предоставляющего мобильную связь, детализации звонков по всем корпоративным номерам, используемым в Институте."
10,В чем разница между накоплением и хранением отходов?,118,0.6051,0.0,0.61,0.0,Приложение 2 Перечень внутренней документации ИСМ отдела
10,В чем разница между накоплением и хранением отходов?,119,0.6045,0.0,0.6,0.0,Компьютерная справочная правовая система ГАРАНТ
10,В чем разница между накоплением и хранением отходов?,120,0.6031,0.0,0.6,0.0,7 Материальная помощь
10,В чем разница между накоплением и хранением отходов?,121,0.6017,0.0,0.6,0.0,7.10
10,В чем разница между накоплением и хранением отходов?,122,0.8277,0.83,0.52,0.5,"4 Термины, обозначения, сокращения"
10,В чем разница между накоплением и хранением отходов?,123,0.825,0.82,0.51,0.79,6 Порядок накопления отходов
10,В чем разница между накоплением и хранением отходов?,124,0.825,0.82,0.51,0.79,6 Порядок накопления отходов
10,В чем разница между накоплением и хранением отходов?,125,0.7992,0.8,0.0,0.74,7 Порядок учета отходов
10,В чем разница между накоплением и хранением отходов?,126,0.7717,0.77,0.0,0.77,8 Требования к транспортированию отходов
10,В чем разница между накоплением и хранением отходов?,127,0.7467,0.75,0.0,0.74,9 Требования к передаче отходов сторонним специализированным организациям
10,В чем разница между накоплением и хранением отходов?,128,0.7359,0.74,0.52,0.7,3 Нормативные ссылки
10,В чем разница между накоплением и хранением отходов?,129,0.8061,0.73,0.0,0.81,10 Безопасное обращение с отходами
10,В чем разница между накоплением и хранением отходов?,130,0.741,0.72,0.52,0.74,1 Назначение
10,В чем разница между накоплением и хранением отходов?,131,0.711,0.68,0.55,0.71,Инструкция о порядке обращения с отходами производства и потребления АО «ВолгоградНИПИнефть» «ИН-01-ПОО»
10,В чем разница между накоплением и хранением отходов?,132,0.7468,0.66,0.0,0.75,12 Ответственность
10,В чем разница между накоплением и хранением отходов?,133,0.7602,0.65,0.0,0.76,5 Основные положения
10,В чем разница между накоплением и хранением отходов?,134,0.774,0.65,0.0,0.77,11 Контроль
10,В чем разница между накоплением и хранением отходов?,135,0.6468,0.65,0.0,0.64,Лист регистрации изменений
10,В чем разница между накоплением и хранением отходов?,136,0.6263,0.61,0.0,0.63,2 Область применения
10,В чем разница между накоплением и хранением отходов?,137,0.6052,0.6,0.0,0.61,СОГЛАСОВАНО:
11,В чем разница между накоплением и хранением отходов?,1,0.8277,0.83,0.0,0.0,"4 Термины, обозначения, сокращения"
11,В чем разница между накоплением и хранением отходов?,2,0.825,0.82,0.8,0.79,6 Порядок накопления отходов
11,В чем разница между накоплением и хранением отходов?,3,0.825,0.82,0.63,0.79,6 Порядок накопления отходов
11,В чем разница между накоплением и хранением отходов?,4,0.7992,0.8,0.0,0.74,7 Порядок учета отходов
11,В чем разница между накоплением и хранением отходов?,5,0.8061,0.78,0.69,0.81,10.2 Способы  накопления  отходов  и  их  передачи  сторонним  организациям  должны исключать возможность загрязнения окружающей территории.
11,В чем разница между накоплением и хранением отходов?,6,0.778,0.78,0.64,0.77,"11.1 При накоплении и передаче отходов специализированным лицензированным организациям должны соблюдаться действующие экологические, санитарноэпидемиологические, технические нормы и правила обращения с отходами."
11,В чем разница между накоплением и хранением отходов?,7,0.7717,0.77,0.0,0.77,8 Требования к транспортированию отходов
11,В чем разница между накоплением и хранением отходов?,8,0.7596,0.76,0.0,0.75,"12.2 За нарушение учета образования, накопления и передачи отходов, за несвоевременное  заключение  договоров  на  утилизацию,  обезвреживание  и/или размещение отходов и их выполнение отвечают ОВЭО и заместитель генерального директора по общим вопросам."
11,В чем разница между накоплением и хранением отходов?,9,0.7558,0.76,0.0,0.74,"9.6 Обязательным является наличие документального подтверждения всей цепочки движения отходов: договор с транспортной компанией на транспортирование отходов, договор транспортной компании со специализированной организацией, которой в конечном итоге будут переданы отходы на обработку, утилизацию, обезвреживание и/или размещение (захоронение)"
11,В чем разница между накоплением и хранением отходов?,10,0.7537,0.75,0.0,0.68,"Порядок приемки, регистрации и архивирования источников информации."
11,В чем разница между накоплением и хранением отходов?,11,0.7602,0.75,0.6,0.76,"5.1 Отходы в зависимости от степени негативного воздействия на окружающую среду подразделяются  в  соответствии  с  критериями,  установленными  федеральным органом исполнительной власти, осуществляющим государственное регулирование в области охраны окружающей среды, на пять классов опасности:"
11,В чем разница между накоплением и хранением отходов?,12,0.7385,0.74,0.65,0.72,7 Последовательность формирования реестров экологических аспектов
11,В чем разница между накоплением и хранением отходов?,13,0.7359,0.74,0.0,0.7,3 Нормативные ссылки
11,В чем разница между накоплением и хранением отходов?,14,0.731,0.73,0.0,0.7,Определения и сокращения
11,В чем разница между накоплением и хранением отходов?,15,0.7288,0.73,0.0,0.71,3.14 ОтвРег по результатам архивирования формирует отчет об архивировании . Отчет хранится в электронном виде не менее 5 лет.
11,В чем разница между накоплением и хранением отходов?,16,0.767,0.73,0.77,0.72,5.3 Идентификация экологических аспектов
11,В чем разница между накоплением и хранением отходов?,17,0.7204,0.72,0.0,0.68,"4.27 Сбор, организация и хранение фактических данных по маркшейдерии и инженерным изысканиям."
11,В чем разница между накоплением и хранением отходов?,18,0.719,0.72,0.0,0.0,"4.17 Прием, заполнение, хранение и выдача трудовых книжек."
11,В чем разница между накоплением и хранением отходов?,19,0.7186,0.72,0.0,0.0,8.1 Составление и согласование документа исполнителем.
11,В чем разница между накоплением и хранением отходов?,20,0.7488,0.72,0.75,0.68,6.2 Оценка существенности экологических аспектов по суммарному количеству баллов
11,В чем разница между накоплением и хранением отходов?,21,0.7167,0.72,0.62,0.7,"5.2 Идентификация видов деятельности, процессов, источников загрязнения, продукции, услуг."
11,В чем разница между накоплением и хранением отходов?,22,0.7161,0.72,0.0,0.0,"Регистрация, учет, архивирование и хранение поступающей геолого-технической информации, выполненных отчетов, нормативных документов"
11,В чем разница между накоплением и хранением отходов?,23,0.741,0.72,0.0,0.74,1 Назначение
11,В чем разница между накоплением и хранением отходов?,24,0.7151,0.72,0.0,0.0,"Первый экземпляр остается в УФО, заносится в электронный реестр договоров, распечатыва- ется и хранится в папке «Расход- ные договоры»"
11,В чем разница между накоплением и хранением отходов?,25,0.7133,0.71,0.0,0.0,Архивирование
11,В чем разница между накоплением и хранением отходов?,26,0.7112,0.71,0.61,0.69,"4.11 Сбор, систематизация и оцифровка геолого-технологической информации."
11,В чем разница между накоплением и хранением отходов?,27,0.709,0.71,0.0,0.0,"3.5 Обеспечение приема, сохранности, учета и выдачи документов архива."
11,В чем разница между накоплением и хранением отходов?,28,0.7083,0.71,0.0,0.0,7.7 Хранение рабочих файлов проекта осуществляется в соответствии с рабочей инструкцией «Структура каталогов» (РИ-10-СтруктКат):
11,В чем разница между накоплением и хранением отходов?,29,0.7081,0.71,0.0,0.0,"Сбор, организация и хранение фактических данных по строительству скважин"
11,В чем разница между накоплением и хранением отходов?,30,0.7062,0.71,0.0,0.68,Порядок приема и увольнения работников
11,В чем разница между накоплением и хранением отходов?,31,0.7055,0.71,0.63,0.71,4.1 Термины.
11,В чем разница между накоплением и хранением отходов?,32,0.7047,0.7,0.0,0.0,"3.2 Участие в разработке проектов строительства, эксплуатации, реконструкции,  консервации  и  ликвидации  объектов  по  добыче  полезных ископаемых."
11,В чем разница между накоплением и хранением отходов?,33,0.7322,0.0,0.0,0.73,Общие положения
11,В чем разница между накоплением и хранением отходов?,34,0.72,0.0,0.0,0.72,5 Правила работы с файлами
11,В чем разница между накоплением и хранением отходов?,35,0.711,0.0,0.0,0.71,ИН-01-ПОО
11,В чем разница между накоплением и хранением отходов?,36,0.711,0.0,0.0,0.71,Инструкция о порядке обращения с отходами производства и потребления АО «ВолгоградНИПИнефть» «ИН-01-ПОО»
11,В чем разница между накоплением и хранением отходов?,37,0.7084,0.0,0.0,0.71,С производственными службами Заказчика по строительству и обустройству месторождений:
11,В чем разница между накоплением и хранением отходов?,38,0.7048,0.0,0.0,0.7,Приложение 3. Перечень программного обеспечения
11,В чем разница между накоплением и хранением отходов?,39,0.7047,0.0,0.63,0.7,Приложение 4. Перечень документированной информации отдела
11,В чем разница между накоплением и хранением отходов?,40,0.7009,0.0,0.0,0.7,Сводный реестр экологических аспектов
11,В чем разница между накоплением и хранением отходов?,41,0.6985,0.0,0.0,0.7,Приложение 1 Перечень документированной информации
11,В чем разница между накоплением и хранением отходов?,42,0.6977,0.0,0.0,0.7,Внутреннего трудового распорядка АО «ВолгоградНИПИнефть»
11,В чем разница между накоплением и хранением отходов?,43,0.6965,0.0,0.0,0.7,Итоговый реестр существенных экологических аспектов
11,В чем разница между накоплением и хранением отходов?,44,0.6959,0.0,0.0,0.7,3 Задачи
11,В чем разница между накоплением и хранением отходов?,45,0.6958,0.0,0.0,0.7,6 Идентификация и оценка рисков
11,В чем разница между накоплением и хранением отходов?,46,0.6952,0.0,0.0,0.7,Приложение 3. Кадровая документация отдела
11,В чем разница между накоплением и хранением отходов?,47,0.695,0.0,0.0,0.69,7 Приемка материалов по окончании полевых работ
11,В чем разница между накоплением и хранением отходов?,48,0.6943,0.0,0.0,0.69,Организация договорной работы
11,В чем разница между накоплением и хранением отходов?,49,0.6931,0.0,0.0,0.69,ИН-15-РегАрх
11,В чем разница между накоплением и хранением отходов?,50,0.6931,0.0,0.0,0.69,ИНСТРУКЦИЯ Регистрация и архивирование источников информации «ИН-15-РегАрх»
11,В чем разница между накоплением и хранением отходов?,51,0.6928,0.0,0.0,0.69,Порядок работы
11,В чем разница между накоплением и хранением отходов?,52,0.6924,0.0,0.0,0.69,ИН-20-ДО
11,В чем разница между накоплением и хранением отходов?,53,0.6924,0.0,0.0,0.69,ИНСТРУКЦИЯ Организация работ по документообороту «ИН-20-ДО»
11,В чем разница между накоплением и хранением отходов?,54,0.6906,0.0,0.0,0.69,10 Завершающая стадия
11,В чем разница между накоплением и хранением отходов?,55,0.6904,0.0,0.0,0.69,4 Функции
11,В чем разница между накоплением и хранением отходов?,56,0.6892,0.0,0.0,0.69,3 ОСНОВНЫЕ ФУНКЦИИ МАРКШЕЙДЕРСКО-ГЕОДЕЗИЧЕСКОЙ СЛУЖБЫ
11,В чем разница между накоплением и хранением отходов?,57,0.6889,0.0,0.0,0.69,1 ОБЩИЕ ПОЛОЖЕНИЯ
11,В чем разница между накоплением и хранением отходов?,58,0.6889,0.0,0.0,0.69,Приложение 4. Перечень программного обеспечения отдела
11,В чем разница между накоплением и хранением отходов?,59,0.6872,0.0,0.0,0.69,С отделом бурения Общества
11,В чем разница между накоплением и хранением отходов?,60,0.6863,0.0,0.0,0.69,При этом проверяются:
11,В чем разница между накоплением и хранением отходов?,61,0.6863,0.0,0.0,0.69,2 Оборудование
11,В чем разница между накоплением и хранением отходов?,62,0.6862,0.0,0.0,0.69,3 Задачи
11,В чем разница между накоплением и хранением отходов?,63,0.6837,0.0,0.0,0.68,1 Назначение
11,В чем разница между накоплением и хранением отходов?,64,0.6834,0.0,0.0,0.68,8 Срок и режим командировки
11,В чем разница между накоплением и хранением отходов?,65,0.6831,0.0,0.0,0.68,О группе охраны окружающей среды отдела бурения и «ПЛ-12-ГООС»
11,В чем разница между накоплением и хранением отходов?,66,0.6831,0.0,0.0,0.68,ПЛ-12 -ГООС
11,В чем разница между накоплением и хранением отходов?,67,0.6829,0.0,0.0,0.68,1 Назначение
11,В чем разница между накоплением и хранением отходов?,68,0.6825,0.0,0.0,0.68,Приложение Б. Информационный лист проекта
11,В чем разница между накоплением и хранением отходов?,69,0.6825,0.0,0.0,0.68,3 Правила работы с каталогами текущих проектов:
11,В чем разница между накоплением и хранением отходов?,70,0.6823,0.0,0.0,0.68,8 Контроль и приемка камеральных работ
11,В чем разница между накоплением и хранением отходов?,71,0.6809,0.0,0.0,0.68,4 Функции
11,В чем разница между накоплением и хранением отходов?,72,0.6809,0.0,0.0,0.68,"6 Оценка, выбор и переоценка поставщиков."
11,В чем разница между накоплением и хранением отходов?,73,0.6808,0.0,0.0,0.68,P:\\\\Информация…
11,В чем разница между накоплением и хранением отходов?,74,0.8182,0.0,0.82,0.68,Идентификация экологических аспектов
11,В чем разница между накоплением и хранением отходов?,75,0.6805,0.0,0.0,0.68,9 Окончание работ. Отчет о командировке
11,В чем разница между накоплением и хранением отходов?,76,0.6798,0.0,0.0,0.68,Приложение 5. Перечень программного обеспечения отдела
11,В чем разница между накоплением и хранением отходов?,77,0.6797,0.0,0.0,0.68,Рабочее время и его использование
11,В чем разница между накоплением и хранением отходов?,78,0.6789,0.0,0.0,0.68,Внутреннего трудового распорядка АО «ВолгоградНИПИнефть»
11,В чем разница между накоплением и хранением отходов?,79,0.6787,0.0,0.0,0.68,Приложение Г
11,В чем разница между накоплением и хранением отходов?,80,0.6783,0.0,0.0,0.68,ПЛ-07-УИСМ
11,В чем разница между накоплением и хранением отходов?,81,0.6783,0.0,0.0,0.68,ПОЛОЖЕНИЕ об уполномоченном по интегрированной системе менеджмента в отделе геологии «ПЛ-07-УИСМ»
11,В чем разница между накоплением и хранением отходов?,82,0.678,0.0,0.0,0.68,4 Функции
11,В чем разница между накоплением и хранением отходов?,83,0.6778,0.0,0.0,0.68,9 Составление технического отчета по выполненным работам
11,В чем разница между накоплением и хранением отходов?,84,0.6778,0.0,0.0,0.68,2 Структура
11,В чем разница между накоплением и хранением отходов?,85,0.6761,0.0,0.0,0.68,Приложение 5. Шаблоны бланков документированной информации отдела.
11,В чем разница между накоплением и хранением отходов?,86,0.752,0.0,0.75,0.0,"8 Мониторинг, измерения, анализ и оценивание"
11,В чем разница между накоплением и хранением отходов?,87,0.7273,0.0,0.73,0.0,"6.1 Ненадлежащее и несвоевременное выполнение задач и функций, предусмотренных настоящим положением."
11,В чем разница между накоплением и хранением отходов?,88,0.724,0.0,0.72,0.0,"4.6 В течение двух рабочих дней с момента подписания приказа, работнику выдается SIM-карта под подпись и (при необходимости) мобильный аппарат по акту приема-передачи по форме указанной в Приложении В. Возврат по форме в Приложении Г."
11,В чем разница между накоплением и хранением отходов?,89,0.7178,0.0,0.72,0.0,7.2 Средства корпоративной мобильной связи (SIM-карта и/или мобильный аппарат) передаются работнику по акту приема-передачи. В день увольнения работник обязан вернуть SIM-карту и/или мобильный аппарат по акту приема-передачи материальных ценностей и/или переоформить SIM-карту в личное пользование.
11,В чем разница между накоплением и хранением отходов?,90,0.6967,0.0,0.7,0.0,1.3 В своей деятельности Отдел руководствуется:
11,В чем разница между накоплением и хранением отходов?,91,0.6917,0.0,0.69,0.0,"5.1 Трудовой договор, дополнительное соглашение к трудовому договору, предусматривающие выполнение работником трудовой функции дистанционно, а также внесение изменений в эти договоры (дополнительные соглашения к трудовым договорам) и их расторжение могут заключаться путем обмена между работником (лицом, поступающим на работу) и работодателем электронными документами, а также путем личной подписи. В случае обмена между работником и работодателем электронного документооборота используются усиленная квалифицированная электронная подпись работодателя и усиленная квалифицированная электронная подпись или усиленная неквалифицированная электронная подпись работника в соответствии с законодательством Российской Федерации об электронной подписи."
11,В чем разница между накоплением и хранением отходов?,92,0.673,0.0,0.67,0.0,"5.4 Требовать от сотрудников Института оказания содействия в исполнении им задач и функций, предусмотренных настоящим положением."
11,В чем разница между накоплением и хранением отходов?,93,0.6687,0.0,0.67,0.0,1.9 Контроль над исполнением настоящего Положения возлагается на учетно-финансовый отдел с назначением ответственного лица.
11,В чем разница между накоплением и хранением отходов?,94,0.6622,0.0,0.66,0.0,"4.8 Обоснование стоимости работ по договорам, тендерам и иные расчеты к ним."
11,В чем разница между накоплением и хранением отходов?,95,0.6585,0.0,0.66,0.0,3 Общие положения
11,В чем разница между накоплением и хранением отходов?,96,0.6547,0.0,0.65,0.0,2.4 Сотрудники Отдела назначаются на должности и освобождаются от должностей приказом генерального директора по представлению начальника Отдела.
11,В чем разница между накоплением и хранением отходов?,97,0.6518,0.0,0.65,0.0,2.3 Структуру и штатную численность Отдела утверждает генеральный директор Института исходя из условий и особенностей деятельности Института по представлению заместителя генерального директора по общим вопросам (см. Приложение 1).
11,В чем разница между накоплением и хранением отходов?,98,0.6473,0.0,0.65,0.0,1 Назначение
11,В чем разница между накоплением и хранением отходов?,99,0.6472,0.0,0.65,0.0,СОГЛАСОВАНО:
11,В чем разница между накоплением и хранением отходов?,100,0.6372,0.0,0.64,0.0,"3.1 Организация преддоговорной и договорной работы, участие в подготовке теной предложений."
11,В чем разница между накоплением и хранением отходов?,101,0.6365,0.0,0.64,0.0,4 Система оплаты труда
11,В чем разница между накоплением и хранением отходов?,102,0.6321,0.0,0.63,0.0,1.2 Отдел создается и ликвидируется приказом генерального директора Института.
11,В чем разница между накоплением и хранением отходов?,103,0.6275,0.0,0.63,0.0,3 Нормативные ссылки
11,В чем разница между накоплением и хранением отходов?,104,0.6275,0.0,0.63,0.0,"3.12 Предотвращать непреднамеренное использование устаревших документов и определенным образом обозначает их в случаях, когда они сохраняются в каких-либо целях"
11,В чем разница между накоплением и хранением отходов?,105,0.6256,0.0,0.63,0.0,4.1 Готовить проекты документов в рамках своей деятельности и предоставлять их на рассмотрение руководства.
11,В чем разница между накоплением и хранением отходов?,106,0.6237,0.0,0.62,0.0,3.2 В целях обеспечения прав и свобод человека и гражданина работодатель и его представители при обработке персональных данных работника обязаны соблюдать следующие общие требования:
11,В чем разница между накоплением и хранением отходов?,107,0.6227,0.0,0.62,0.0,"4 Термины, обозначения"
11,В чем разница между накоплением и хранением отходов?,108,0.6188,0.0,0.62,0.0,1.1 Учетно-финансовый отдел является структурным подразделением АО «ВолгоградНИПИнефть» (далее по тексту Институт).
11,В чем разница между накоплением и хранением отходов?,109,0.617,0.0,0.62,0.0,1 Общие положения. Контроль качества приемки работ
11,В чем разница между накоплением и хранением отходов?,110,0.6169,0.0,0.62,0.0,4.1 Термины и определения:
11,В чем разница между накоплением и хранением отходов?,111,0.6125,0.0,0.61,0.0,"3.3 Корпоративный мобильный аппарат -  беспроводной  цифровой телефонный аппарат стандарта GSM, принадлежащий Институту и выданный сотруднику  по  Акту  приема-передачи  для  пользования  корпоративной  мобильной связью."
11,В чем разница между накоплением и хранением отходов?,112,0.6102,0.0,0.61,0.0,"Оформление договоров на выполнение работ, оказание услуг"
11,В чем разница между накоплением и хранением отходов?,113,0.6046,0.0,0.6,0.0,"3.1 В порядке исключения , работы/услуги, предусмотренные РД, могут быть оплачены, не дожидаясь его подписания. Оплата производится главным бухгалой на основании счета исполнителя."
11,В чем разница между накоплением и хранением отходов?,114,0.6032,0.0,0.6,0.0,Приложение 2 Перечень внутренней документации ИСМ отдела
11,В чем разница между накоплением и хранением отходов?,115,0.6026,0.0,0.6,0.0,Компьютерная справочная правовая система ГАРАНТ
11,В чем разница между накоплением и хранением отходов?,116,0.5996,0.0,0.6,0.0,Приложение В
11,В чем разница между накоплением и хранением отходов?,117,0.598,0.0,0.6,0.0,4.15 Мониторинг окружающей среды и оценка воздействия на экосистемы.
11,В чем разница между накоплением и хранением отходов?,118,0.8277,0.83,0.53,0.5,"4 Термины, обозначения, сокращения"
11,В чем разница между накоплением и хранением отходов?,119,0.825,0.82,0.52,0.79,6 Порядок накопления отходов
11,В чем разница между накоплением и хранением отходов?,120,0.825,0.82,0.52,0.79,6 Порядок накопления отходов
11,В чем разница между накоплением и хранением отходов?,121,0.7992,0.8,0.0,0.74,7 Порядок учета отходов
11,В чем разница между накоплением и хранением отходов?,122,0.7717,0.77,0.0,0.77,8 Требования к транспортированию отходов
11,В чем разница между накоплением и хранением отходов?,123,0.7467,0.75,0.0,0.74,9 Требования к передаче отходов сторонним специализированным организациям
11,В чем разница между накоплением и хранением отходов?,124,0.7359,0.74,0.51,0.7,3 Нормативные ссылки
11,В чем разница между накоплением и хранением отходов?,125,0.8061,0.73,0.0,0.81,10 Безопасное обращение с отходами
11,В чем разница между накоплением и хранением отходов?,126,0.741,0.72,0.52,0.74,1 Назначение
11,В чем разница между накоплением и хранением отходов?,127,0.711,0.68,0.55,0.71,Инструкция о порядке обращения с отходами производства и потребления АО «ВолгоградНИПИнефть» «ИН-01-ПОО»
11,В чем разница между накоплением и хранением отходов?,128,0.7468,0.66,0.0,0.75,12 Ответственность
11,В чем разница между накоплением и хранением отходов?,129,0.7602,0.65,0.0,0.76,5 Основные положения
11,В чем разница между накоплением и хранением отходов?,130,0.774,0.65,0.0,0.77,11 Контроль
11,В чем разница между накоплением и хранением отходов?,131,0.6468,0.65,0.0,0.64,Лист регистрации изменений
11,В чем разница между накоплением и хранением отходов?,132,0.6263,0.61,0.0,0.63,2 Область применения
11,В чем разница между накоплением и хранением отходов?,133,0.6052,0.6,0.0,0.61,СОГЛАСОВАНО:
12,Какие есть классы опасности отходов?,1,0.8759,0.88,0.61,0.84,"5.1 Отходы в зависимости от степени негативного воздействия на окружающую среду подразделяются  в  соответствии  с  критериями,  установленными  федеральным органом исполнительной власти, осуществляющим государственное регулирование в области охраны окружающей среды, на пять классов опасности:"
12,Какие есть классы опасности отходов?,2,0.8341,0.82,0.58,0.83,"9.2 Отходы III-IV классов опасности передаются сторонним специализированным организациям только при наличии заключенного договора. Организация должна иметь лицензию на осуществление деятельности по сбору, транспортированию, обработке, утилизации, обезвреживанию, размещению отходов I-IV классов опасности, в приложении к которой обязательно должны быть прописаны те виды"
12,Какие есть классы опасности отходов?,3,0.8089,0.81,0.63,0.8,"6.10 Отходы IV-V классов опасности, запрещенные к захоронению на полигоне"
12,Какие есть классы опасности отходов?,4,0.7991,0.8,0.0,0.74,7.3 При заполнении реестра риска используются следующие шкалы (приложение В данной инструкции)
12,Какие есть классы опасности отходов?,5,0.8274,0.8,0.66,0.83,8 Требования к транспортированию отходов
12,Какие есть классы опасности отходов?,6,0.7974,0.8,0.7,0.79,"6.9 Отходы III класса опасности должны накапливаться в металлических, стеклянных или пластиковых емкостях, контейнерах с плотно закрывающейся крышкой, раздельно с другими видами отходов"
12,Какие есть классы опасности отходов?,7,0.7896,0.79,0.0,0.75,7 Порядок учета отходов
12,Какие есть классы опасности отходов?,8,0.7773,0.78,0.76,0.77,5.4 Идентификация видов воздействия экологических аспектов на ОС
12,Какие есть классы опасности отходов?,9,0.7739,0.77,0.0,0.74,12.1 Руководители структурных подразделений несут дисциплинарную ответственность:
12,Какие есть классы опасности отходов?,10,0.7967,0.77,0.55,0.8,10 Безопасное обращение с отходами
12,Какие есть классы опасности отходов?,11,0.7709,0.77,0.0,0.0,"4 Термины, обозначения, сокращения"
12,Какие есть классы опасности отходов?,12,0.7679,0.77,0.0,0.73,3 Нормативные ссылки
12,Какие есть классы опасности отходов?,13,0.7662,0.77,0.0,0.74,"11.1 При накоплении и передаче отходов специализированным лицензированным организациям должны соблюдаться действующие экологические, санитарноэпидемиологические, технические нормы и правила обращения с отходами."
12,Какие есть классы опасности отходов?,14,0.7615,0.76,0.0,0.74,Оценка последствий риска
12,Какие есть классы опасности отходов?,15,0.7589,0.76,0.61,0.75,"5.2 Идентификация видов деятельности, процессов, источников загрязнения, продукции, услуг."
12,Какие есть классы опасности отходов?,16,0.753,0.75,0.0,0.71,Риски
12,Какие есть классы опасности отходов?,17,0.7506,0.75,0.0,0.7,Приложение 3. Перечень программного обеспечения
12,Какие есть классы опасности отходов?,18,0.7434,0.74,0.0,0.72,7 Реестр рисков
12,Какие есть классы опасности отходов?,19,0.7434,0.74,0.0,0.69,7 Реестр рисков
12,Какие есть классы опасности отходов?,20,0.7433,0.74,0.0,0.74,7.8.4 Операционные (производственные) риски
12,Какие есть классы опасности отходов?,21,0.7391,0.74,0.0,0.72,6.7 Идентификация рисков в обязательном порядке
12,Какие есть классы опасности отходов?,22,0.7376,0.74,0.65,0.72,7 Последовательность формирования реестров экологических аспектов
12,Какие есть классы опасности отходов?,23,0.7371,0.74,0.66,0.72,6 Определение существенного воздействия экологических аспектов на ОС
12,Какие есть классы опасности отходов?,24,0.7355,0.74,0.0,0.74,6.13 Идентифицированные риски подлежат оценке. Процесс оценки рисков проводится с целью выделения значимых рисков. Оценка рисков предусматривает проведение следующих этапов (Приложение В данной инструкции):
12,Какие есть классы опасности отходов?,25,0.731,0.73,0.0,0.0,6.1 Группа несет ответственность за:
12,Какие есть классы опасности отходов?,26,0.7271,0.73,0.62,0.0,Проект горного отвода для всех видов полезных ископаемых
12,Какие есть классы опасности отходов?,27,0.727,0.73,0.0,0.71,4.1 Термины и определения:
12,Какие есть классы опасности отходов?,28,0.7238,0.72,0.0,0.0,6.2
12,Какие есть классы опасности отходов?,29,0.7446,0.0,0.0,0.74,1 Назначение
12,Какие есть классы опасности отходов?,30,0.7412,0.0,0.0,0.74,Итоговый реестр существенных экологических аспектов
12,Какие есть классы опасности отходов?,31,0.7311,0.0,0.0,0.73,Сводный реестр экологических аспектов
12,Какие есть классы опасности отходов?,32,0.7294,0.0,0.0,0.73,ИН-01-ПОО
12,Какие есть классы опасности отходов?,33,0.7294,0.0,0.0,0.73,Инструкция о порядке обращения с отходами производства и потребления АО «ВолгоградНИПИнефть» «ИН-01-ПОО»
12,Какие есть классы опасности отходов?,34,0.7256,0.0,0.0,0.73,1 Назначение
12,Какие есть классы опасности отходов?,35,0.7168,0.0,0.0,0.72,4 Функции
12,Какие есть классы опасности отходов?,36,0.7163,0.0,0.0,0.72,Приложение 4. Перечень программного обеспечения отдела
12,Какие есть классы опасности отходов?,37,0.713,0.0,0.0,0.71,О группе охраны окружающей среды отдела бурения и «ПЛ-12-ГООС»
12,Какие есть классы опасности отходов?,38,0.713,0.0,0.0,0.71,ПЛ-12 -ГООС
12,Какие есть классы опасности отходов?,39,0.7085,0.0,0.64,0.71,4 Термины и сокращения
12,Какие есть классы опасности отходов?,40,0.706,0.0,0.0,0.71,3 Задачи
12,Какие есть классы опасности отходов?,41,0.7043,0.0,0.0,0.7,ИНСТРУКЦИЯ Управление рисками «ИН-01-УР»
12,Какие есть классы опасности отходов?,42,0.7043,0.0,0.0,0.7,ИН-01-УР
12,Какие есть классы опасности отходов?,43,0.7041,0.0,0.0,0.7,5 Основные положения
12,Какие есть классы опасности отходов?,44,0.7023,0.0,0.0,0.7,1 Общие положения
12,Какие есть классы опасности отходов?,45,0.7019,0.0,0.0,0.7,Отдел несет ответственность за:
12,Какие есть классы опасности отходов?,46,0.6998,0.0,0.0,0.7,Общие положения
12,Какие есть классы опасности отходов?,47,0.6994,0.0,0.0,0.7,Отдел несет ответственность за:
12,Какие есть классы опасности отходов?,48,0.6983,0.0,0.0,0.7,Положения:
12,Какие есть классы опасности отходов?,49,0.6946,0.0,0.0,0.69,Методы идентификации рисков
12,Какие есть классы опасности отходов?,50,0.6923,0.0,0.0,0.69,"2 ОСНОВНЫЕ ОБЯЗАННОСТИ, ПРИНЦИПЫ И ПРАВИЛА СЛУЖЕБНОГО ПОВЕДЕНИЯ РАБОТНИКОВ"
12,Какие есть классы опасности отходов?,51,0.6916,0.0,0.62,0.69,3 Нормативные ссылки
12,Какие есть классы опасности отходов?,52,0.6913,0.0,0.0,0.69,5 Правила работы с файлами
12,Какие есть классы опасности отходов?,53,0.6909,0.0,0.0,0.69,1 Назначение
12,Какие есть классы опасности отходов?,54,0.69,0.0,0.0,0.69,6 Ответственность
12,Какие есть классы опасности отходов?,55,0.6892,0.0,0.0,0.69,Приложение 1. Структура Группы
12,Какие есть классы опасности отходов?,56,0.6888,0.0,0.0,0.69,Приложение А
12,Какие есть классы опасности отходов?,57,0.6886,0.0,0.0,0.69,Внутреннего трудового распорядка АО «ВолгоградНИПИнефть»
12,Какие есть классы опасности отходов?,58,0.6876,0.0,0.53,0.69,4 Функции
12,Какие есть классы опасности отходов?,59,0.6875,0.0,0.0,0.69,5 Ответственность
12,Какие есть классы опасности отходов?,60,0.6868,0.0,0.59,0.69,5 Защита персональных данных
12,Какие есть классы опасности отходов?,61,0.6859,0.0,0.0,0.69,9 Обязательства работника
12,Какие есть классы опасности отходов?,62,0.6856,0.0,0.57,0.69,F:\\\\ !Шаблоны документов\\\\Бланки регистрации
12,Какие есть классы опасности отходов?,63,0.6855,0.0,0.0,0.69,3 ОСНОВНЫЕ ФУНКЦИИ МАРКШЕЙДЕРСКО-ГЕОДЕЗИЧЕСКОЙ СЛУЖБЫ
12,Какие есть классы опасности отходов?,64,0.6855,0.0,0.0,0.69,2 Структура
12,Какие есть классы опасности отходов?,65,0.6854,0.0,0.0,0.69,5 Ответственности
12,Какие есть классы опасности отходов?,66,0.6853,0.0,0.0,0.69,3 Задачи
12,Какие есть классы опасности отходов?,67,0.6851,0.0,0.0,0.69,Процедура Идентификация экологических аспектов ПР-6.1.2-ИЭА
12,Какие есть классы опасности отходов?,68,0.6851,0.0,0.0,0.69,ПР-6.1.2-ИЭА
12,Какие есть классы опасности отходов?,69,0.6848,0.0,0.0,0.68,3 Нормативные ссылки
12,Какие есть классы опасности отходов?,70,0.6848,0.0,0.0,0.68,Отдел несет ответственность за:
12,Какие есть классы опасности отходов?,71,0.684,0.0,0.0,0.68,10 Завершающая стадия
12,Какие есть классы опасности отходов?,72,0.6836,0.0,0.55,0.68,4 Функции
12,Какие есть классы опасности отходов?,73,0.6835,0.0,0.0,0.68,"7 Ответственность за разглашение конфиденциальной информации, связанной с персональными данными"
12,Какие есть классы опасности отходов?,74,0.6826,0.0,0.54,0.68,3 ОСНОВНЫЕ ФУНКЦИИ МАРКШЕЙДЕРСКО-ГЕОДЕЗИЧЕСКОЙ СЛУЖБЫ
12,Какие есть классы опасности отходов?,75,0.6822,0.0,0.0,0.68,5 Ответственность
12,Какие есть классы опасности отходов?,76,0.7564,0.0,0.76,0.68,Приложение 4. Перечень документированной информации отдела
12,Какие есть классы опасности отходов?,77,0.6819,0.0,0.0,0.68,СОГЛАСОВАНО:
12,Какие есть классы опасности отходов?,78,0.6811,0.0,0.0,0.68,"6 Оценка, выбор и переоценка поставщиков."
12,Какие есть классы опасности отходов?,79,0.6806,0.0,0.53,0.68,Главный маркшейдер - начальник отдела инженерных изысканий МГС соответственно обеспечивает:
12,Какие есть классы опасности отходов?,80,0.7171,0.0,0.72,0.0,Приложение 6. Формы журналов отдела
12,Какие есть классы опасности отходов?,81,0.6852,0.0,0.69,0.0,"4.8 Обоснование стоимости работ по договорам, тендерам и иные расчеты к ним."
12,Какие есть классы опасности отходов?,82,0.6604,0.0,0.66,0.0,3.4 Вести протоколы совещаний отдела
12,Какие есть классы опасности отходов?,83,0.6466,0.0,0.65,0.0,Работа в ночное время
12,Какие есть классы опасности отходов?,84,0.6406,0.0,0.64,0.0,3.2 В служебном поведении работник воздерживается от:
12,Какие есть классы опасности отходов?,85,0.6351,0.0,0.64,0.0,"Оформление договоров на выполнение работ, оказание услуг"
12,Какие есть классы опасности отходов?,86,0.633,0.0,0.63,0.0,7 Организация и стадии выполнения проектных работ
12,Какие есть классы опасности отходов?,87,0.6319,0.0,0.63,0.0,1.8 Для реализации настоящего положения используются мобильные (сотовые) телефоны (приобретенные Институтом или принадлежащие работнику).
12,Какие есть классы опасности отходов?,88,0.6158,0.0,0.62,0.0,Идентификация экологических аспектов
12,Какие есть классы опасности отходов?,89,0.6055,0.0,0.61,0.0,"3.9 При принятии решений, затрагивающих интересы работника, работодатель не имеет права основываться на персональных данных работника, полученных исключительно в результате их автоматизированной обработки или электронного получения. Работодатель учитывает личные качества работника, его добросовестный и эффективный труд"
12,Какие есть классы опасности отходов?,90,0.6016,0.0,0.6,0.0,"Приложение 7. Выпуск продукции на 20__ г. на основании заключенных договоров, с НДС."
12,Какие есть классы опасности отходов?,91,0.5903,0.0,0.59,0.0,"3.3 Контролировать ведение документированной информации ИСМ отдела, анализировать замечания, вести протоколы еженедельных совещаний, отвечать за актуальность внутренних и внешних НД, выпускать тираж проектной документации, обеспечивать соответствие идентификации проекта согласно требованиям процедуры «Управление документированной информацией» (ПР7.5-УДИ)"
12,Какие есть классы опасности отходов?,92,0.5851,0.0,0.59,0.0,Приложение 2. Перечень внутренней документации
12,Какие есть классы опасности отходов?,93,0.5806,0.0,0.58,0.0,3.2 Изучение нормативных и регламентирующих государственных документов в области маркшейдерии и инженерных изысканий.
12,Какие есть классы опасности отходов?,94,0.5772,0.0,0.58,0.0,"3.4 Использование персональных данных возможно только в соответствии с целями, определившими их получение."
12,Какие есть классы опасности отходов?,95,0.573,0.0,0.57,0.0,"5.1 Трудовой договор, дополнительное соглашение к трудовому договору, предусматривающие выполнение работником трудовой функции дистанционно, а также внесение изменений в эти договоры (дополнительные соглашения к трудовым договорам) и их расторжение могут заключаться путем обмена между работником (лицом, поступающим на работу) и работодателем электронными документами, а также путем личной подписи. В случае обмена между работником и работодателем электронного документооборота используются усиленная квалифицированная электронная подпись работодателя и усиленная квалифицированная электронная подпись или усиленная неквалифицированная электронная подпись работника в соответствии с законодательством Российской Федерации об электронной подписи."
12,Какие есть классы опасности отходов?,96,0.5718,0.0,0.57,0.0,"Первый экземпляр остается в УФО, заносится в электронный реестр договоров, распечатыва- ется и хранится в папке «Расход- ные договоры»"
12,Какие есть классы опасности отходов?,97,0.5684,0.0,0.57,0.0,"5.7 Все лица, связанные с получением, обработкой и защитой перс่านных данных, обязаны подписать обязательство о неразглашении персональных данных работников."
12,Какие есть классы опасности отходов?,98,0.5595,0.0,0.56,0.0,"1.14 Комплект обязательной горно-графической маркшейдерско-геодезической документации при проектировании, консервации, ликвидации объектов выполненной Обществом для Заказчика в нефтегазодобывающей, нефтегазотранспортной или нефтегазоперерабатывающей отраслях подлежит постоянному хранению в архиве ЗАО «ВолгоградНИПИнефть», в Государственных Архивных фондах Российской Федерации. Порядок учета, хранения и пользования документацией регламентируется установленными требованиями."
12,Какие есть классы опасности отходов?,99,0.5565,0.0,0.56,0.0,12 Перечень нормативных документов по контролю качества выпускаемой продукции
12,Какие есть классы опасности отходов?,100,0.5526,0.0,0.55,0.0,3 Метрологическое обеспечение
12,Какие есть классы опасности отходов?,101,0.5433,0.0,0.54,0.0,"2.1 Своевременное и качественное проведение комплекса маркшейдерских и топографо-геодезических работ для Заказчика (по договору) при поиске, разведке, разработке и обустройстве нефтяных и газовых месторождений, достаточных для объективной оценки эффективности обеспечения безопасного ведения работ и охраны недр, связанных с разработкой месторождений углеводородного сырья, наиболее полного и комплексного освоения этих месторождений, технического цикла нефтедобывающих и газодобывающих, строительно-монтажных работ."
12,Какие есть классы опасности отходов?,102,0.5421,0.0,0.54,0.0,ПОЛОЖЕНИЕ Об уполномоченном по интегрированной системе менеджмента в отделе инженерных изысканий «ПЛ-08-УИСМ»
12,Какие есть классы опасности отходов?,103,0.541,0.0,0.54,0.0,С Геологическим отделом Общества:
12,Какие есть классы опасности отходов?,104,0.5405,0.0,0.54,0.0,7 Материальная помощь
12,Какие есть классы опасности отходов?,105,0.5394,0.0,0.54,0.0,"10 Функциональные обязанности должностных лиц по контролю качества геодезических, инженерно-изыскательских и картографических работ"
12,Какие есть классы опасности отходов?,106,0.537,0.0,0.54,0.0,"3.1 Перед началом работ по проекту сотрудники должны ознакомиться с перечнем документов находящихся в архиве института. Такую информацию можно получить на внутреннем портале, вкладка архивы."
12,Какие есть классы опасности отходов?,107,0.5335,0.0,0.53,0.0,Инструментальный контроль
12,Какие есть классы опасности отходов?,108,0.8274,0.8,0.0,0.83,8 Требования к транспортированию отходов
12,Какие есть классы опасности отходов?,109,0.7896,0.79,0.0,0.75,7 Порядок учета отходов
12,Какие есть классы опасности отходов?,110,0.7924,0.79,0.0,0.79,6 Порядок накопления отходов
12,Какие есть классы опасности отходов?,111,0.7957,0.79,0.0,0.8,6 Порядок накопления отходов
12,Какие есть классы опасности отходов?,112,0.8341,0.78,0.0,0.83,9 Требования к передаче отходов сторонним специализированным организациям
12,Какие есть классы опасности отходов?,113,0.7967,0.77,0.0,0.8,10 Безопасное обращение с отходами
12,Какие есть классы опасности отходов?,114,0.7709,0.77,0.0,0.5,"4 Термины, обозначения, сокращения"
12,Какие есть классы опасности отходов?,115,0.7679,0.77,0.0,0.73,3 Нормативные ссылки
12,Какие есть классы опасности отходов?,116,0.7446,0.72,0.0,0.74,1 Назначение
12,Какие есть классы опасности отходов?,117,0.7294,0.71,0.0,0.73,Инструкция о порядке обращения с отходами производства и потребления АО «ВолгоградНИПИнефть» «ИН-01-ПОО»
12,Какие есть классы опасности отходов?,118,0.7394,0.69,0.0,0.74,12 Ответственность
12,Какие есть классы опасности отходов?,119,0.7392,0.67,0.0,0.74,11 Контроль
12,Какие есть классы опасности отходов?,120,0.8443,0.66,0.0,0.84,5 Основные положения
12,Какие есть классы опасности отходов?,121,0.6433,0.64,0.0,0.62,Лист регистрации изменений
12,Какие есть классы опасности отходов?,122,0.6498,0.63,0.0,0.65,2 Область применения
12,Какие есть классы опасности отходов?,123,0.6266,0.63,0.0,0.63,СОГЛАСОВАНО:
13,Сколько можно хранить отходы у себя на территории?,1,0.8371,0.84,0.74,0.8,6.2 Накопление отходов на территории подразделений Института допускается на срок не более 11 месяцев
13,Сколько можно хранить отходы у себя на территории?,2,0.8129,0.81,0.6,0.8,6 Порядок накопления отходов
13,Сколько можно хранить отходы у себя на территории?,3,0.8035,0.8,0.0,0.78,7 Порядок учета отходов
13,Сколько можно хранить отходы у себя на территории?,4,0.7985,0.8,0.0,0.78,8 Требования к транспортированию отходов
13,Сколько можно хранить отходы у себя на территории?,5,0.7923,0.79,0.0,0.0,"4 Термины, обозначения, сокращения"
13,Сколько можно хранить отходы у себя на территории?,6,0.7987,0.79,0.0,0.8,10.2 Способы  накопления  отходов  и  их  передачи  сторонним  организациям  должны исключать возможность загрязнения окружающей территории.
13,Сколько можно хранить отходы у себя на территории?,7,0.7864,0.79,0.0,0.73,3 Нормативные ссылки
13,Сколько можно хранить отходы у себя на территории?,8,0.7844,0.78,0.0,0.78,"11.1 При накоплении и передаче отходов специализированным лицензированным организациям должны соблюдаться действующие экологические, санитарноэпидемиологические, технические нормы и правила обращения с отходами."
13,Сколько можно хранить отходы у себя на территории?,9,0.7881,0.78,0.0,0.79,9 Требования к передаче отходов сторонним специализированным организациям
13,Сколько можно хранить отходы у себя на территории?,10,0.78,0.78,0.0,0.76,"12.2 За нарушение учета образования, накопления и передачи отходов, за несвоевременное  заключение  договоров  на  утилизацию,  обезвреживание  и/или размещение отходов и их выполнение отвечают ОВЭО и заместитель генерального директора по общим вопросам."
13,Сколько можно хранить отходы у себя на территории?,11,0.7793,0.78,0.0,0.77,5.3 Согласно Федеральному закону РФ «Об отходах производства и потребления» все подразделения Института обязаны:
13,Сколько можно хранить отходы у себя на территории?,12,0.7653,0.76,0.0,0.77,7 Приемка материалов по окончании полевых работ
13,Сколько можно хранить отходы у себя на территории?,13,0.7572,0.76,0.0,0.71,"Порядок приемки, регистрации и архивирования источников информации."
13,Сколько можно хранить отходы у себя на территории?,14,0.7569,0.76,0.0,0.74,3.14 ОтвРег по результатам архивирования формирует отчет об архивировании . Отчет хранится в электронном виде не менее 5 лет.
13,Сколько можно хранить отходы у себя на территории?,15,0.7474,0.75,0.0,0.71,"1.14 Комплект обязательной горно-графической маркшейдерско-геодезической документации при проектировании, консервации, ликвидации объектов выполненной Обществом для Заказчика в нефтегазодобывающей, нефтегазотранспортной или нефтегазоперерабатывающей отраслях подлежит постоянному хранению в архиве ЗАО «ВолгоградНИПИнефть», в Государственных Архивных фондах Российской Федерации. Порядок учета, хранения и пользования документацией регламентируется установленными требованиями."
13,Сколько можно хранить отходы у себя на территории?,16,0.7466,0.75,0.65,0.7,Контроль на небольших объектах
13,Сколько можно хранить отходы у себя на территории?,17,0.746,0.75,0.0,0.72,"3.1 Выполнение проектной документации, отчётов и иной технической документации, соответствующей требованиям и ожиданиям Заказчиков по срокам, финансовым затратам, использованию современных технологий, оборудования и материалов, снижению энергозатрат и экологически вредного воздействия на окружающую среду."
13,Сколько можно хранить отходы у себя на территории?,18,0.744,0.74,0.0,0.0,"Первый экземпляр остается в УФО, заносится в электронный реестр договоров, распечатыва- ется и хранится в папке «Расход- ные договоры»"
13,Сколько можно хранить отходы у себя на территории?,19,0.7554,0.74,0.0,0.76,"1.1 Данная инструкция определяет порядок приемки, регистрации и архивирования документов, переданных во временное пользование заказчиком или сторонней организацией, внешних нормативных документов, литературы, CD выполненных отчетов, а также научно-технической документации, образовавшейся в процессе производственной деятельности института."
13,Сколько можно хранить отходы у себя на территории?,20,0.7622,0.74,0.0,0.76,1 Назначение
13,Сколько можно хранить отходы у себя на территории?,21,0.7355,0.74,0.0,0.71,Приложение 3. Кадровая документация отдела
13,Сколько можно хранить отходы у себя на территории?,22,0.7352,0.74,0.0,0.0,11. График поверки средств измерений микроклимата в помещении архива АО «ВолгоградНИПИнефть» на 20__ год
13,Сколько можно хранить отходы у себя на территории?,23,0.7349,0.73,0.0,0.0,"Регистрация, учет, архивирование и хранение поступающей геолого-технической информации, выполненных отчетов, нормативных документов"
13,Сколько можно хранить отходы у себя на территории?,24,0.734,0.73,0.6,0.7,3 Метрологическое обеспечение
13,Сколько можно хранить отходы у себя на территории?,25,0.7338,0.73,0.0,0.0,"3.2 Участие в разработке проектов строительства, эксплуатации, реконструкции,  консервации  и  ликвидации  объектов  по  добыче  полезных ископаемых."
13,Сколько можно хранить отходы у себя на территории?,26,0.7336,0.73,0.73,0.71,7 Последовательность формирования реестров экологических аспектов
13,Сколько можно хранить отходы у себя на территории?,27,0.7385,0.73,0.0,0.74,С производственными службами Заказчика по строительству и обустройству месторождений:
13,Сколько можно хранить отходы у себя на территории?,28,0.7315,0.73,0.0,0.0,5.2 Права ответственного по ведению экологической отчетности:
13,Сколько можно хранить отходы у себя на территории?,29,0.7296,0.73,0.61,0.0,Проект горного отвода для всех видов полезных ископаемых
13,Сколько можно хранить отходы у себя на территории?,30,0.7295,0.73,0.0,0.0,Список рассылки
13,Сколько можно хранить отходы у себя на территории?,31,0.7288,0.73,0.0,0.0,Порядок приема и увольнения работников
13,Сколько можно хранить отходы у себя на территории?,32,0.7283,0.73,0.0,0.7,"1.5 Требования настоящего Положения обязательны для выполнения всеми отделами и службами Общества, а также для предприятий, выполняющих договорные работы для Общества по проектированию, строительству, эксплуатации, консервации и ликвидации нефтегазодобывающих, нефтегазотранспортных, нефтегазоперерабатывающих объектов и планов развития горных работ."
13,Сколько можно хранить отходы у себя на территории?,33,0.7496,0.0,0.0,0.75,ИН-01-ПОО
13,Сколько можно хранить отходы у себя на территории?,34,0.7496,0.0,0.0,0.75,Инструкция о порядке обращения с отходами производства и потребления АО «ВолгоградНИПИнефть» «ИН-01-ПОО»
13,Сколько можно хранить отходы у себя на территории?,35,0.7488,0.0,0.0,0.75,Приложение Г
13,Сколько можно хранить отходы у себя на территории?,36,0.8775,0.0,0.88,0.73,Приложение 4. Перечень документированной информации отдела
13,Сколько можно хранить отходы у себя на территории?,37,0.7217,0.0,0.0,0.72,Время отдыха
13,Сколько можно хранить отходы у себя на территории?,38,0.7208,0.0,0.0,0.72,Приложение 1 Перечень документированной информации
13,Сколько можно хранить отходы у себя на территории?,39,0.7188,0.0,0.0,0.72,Внутреннего трудового распорядка АО «ВолгоградНИПИнефть»
13,Сколько можно хранить отходы у себя на территории?,40,0.7184,0.0,0.0,0.72,10 Завершающая стадия
13,Сколько можно хранить отходы у себя на территории?,41,0.7183,0.0,0.0,0.72,СОГЛАСОВАНО:
13,Сколько можно хранить отходы у себя на территории?,42,0.718,0.0,0.0,0.72,5 Правила работы с файлами
13,Сколько можно хранить отходы у себя на территории?,43,0.718,0.0,0.0,0.72,9 Обязательства работника
13,Сколько можно хранить отходы у себя на территории?,44,0.7161,0.0,0.0,0.72,Приложение 3. Перечень программного обеспечения
13,Сколько можно хранить отходы у себя на территории?,45,0.7161,0.0,0.0,0.72,9 Составление технического отчета по выполненным работам
13,Сколько можно хранить отходы у себя на территории?,46,0.7154,0.0,0.0,0.72,1 Общие положения
13,Сколько можно хранить отходы у себя на территории?,47,0.7128,0.0,0.0,0.71,Приложение 3. Перечень документированной информации информационно-технического отдела.
13,Сколько можно хранить отходы у себя на территории?,48,0.7122,0.0,0.0,0.71,3 ОСНОВНЫЕ ФУНКЦИИ МАРКШЕЙДЕРСКО-ГЕОДЕЗИЧЕСКОЙ СЛУЖБЫ
13,Сколько можно хранить отходы у себя на территории?,49,0.7122,0.0,0.0,0.71,"8 Иные положения, связанные с организацией труда дистанционных работников"
13,Сколько можно хранить отходы у себя на территории?,50,0.7119,0.0,0.0,0.71,7 Порядок организации труда дистанционных работников
13,Сколько можно хранить отходы у себя на территории?,51,0.7116,0.0,0.0,0.71,Внутреннего трудового распорядка АО «ВолгоградНИПИнефть»
13,Сколько можно хранить отходы у себя на территории?,52,0.7106,0.0,0.0,0.71,Рабочее время и его использование
13,Сколько можно хранить отходы у себя на территории?,53,0.7105,0.0,0.0,0.71,Он обязан:
13,Сколько можно хранить отходы у себя на территории?,54,0.71,0.0,0.0,0.71,Приложение 4. Перечень программного обеспечения отдела
13,Сколько можно хранить отходы у себя на территории?,55,0.7094,0.0,0.0,0.71,7 Стадия проектирования
13,Сколько можно хранить отходы у себя на территории?,56,0.7087,0.0,0.0,0.71,2 Область применения
13,Сколько можно хранить отходы у себя на территории?,57,0.7083,0.0,0.0,0.71,О группе охраны окружающей среды отдела бурения и «ПЛ-12-ГООС»
13,Сколько можно хранить отходы у себя на территории?,58,0.7083,0.0,0.0,0.71,ПЛ-12 -ГООС
13,Сколько можно хранить отходы у себя на территории?,59,0.7073,0.0,0.0,0.71,Исполнитель обязан:
13,Сколько можно хранить отходы у себя на территории?,60,0.7057,0.0,0.0,0.71,С отделом бурения Общества
13,Сколько можно хранить отходы у себя на территории?,61,0.7057,0.0,0.0,0.71,9 Заключительные положения
13,Сколько можно хранить отходы у себя на территории?,62,0.7055,0.0,0.0,0.71,3 Задачи
13,Сколько можно хранить отходы у себя на территории?,63,0.7051,0.0,0.0,0.71,7 Порядок организации труда дистанционных работников
13,Сколько можно хранить отходы у себя на территории?,64,0.705,0.0,0.0,0.7,"8 Мониторинг, измерения, анализ и оценивание"
13,Сколько можно хранить отходы у себя на территории?,65,0.7043,0.0,0.0,0.7,2 Оборудование
13,Сколько можно хранить отходы у себя на территории?,66,0.7039,0.0,0.0,0.7,4 Функции
13,Сколько можно хранить отходы у себя на территории?,67,0.7028,0.0,0.61,0.7,1 Назначение
13,Сколько можно хранить отходы у себя на территории?,68,0.7022,0.0,0.59,0.7,Сводный реестр экологических аспектов
13,Сколько можно хранить отходы у себя на территории?,69,0.7012,0.0,0.0,0.7,СОГЛАСОВАНО:
13,Сколько можно хранить отходы у себя на территории?,70,0.701,0.0,0.69,0.7,5 Идентификация всех возможных экологических аспектов
13,Сколько можно хранить отходы у себя на территории?,71,0.701,0.0,0.0,0.7,3 Нормативные ссылки
13,Сколько можно хранить отходы у себя на территории?,72,0.7007,0.0,0.0,0.7,Внутреннего трудового распорядка АО «ВолгоградНИПИнефть»
13,Сколько можно хранить отходы у себя на территории?,73,0.7007,0.0,0.0,0.7,8 Срок и режим командировки
13,Сколько можно хранить отходы у себя на территории?,74,0.6997,0.0,0.0,0.7,Внутреннего трудового распорядка АО «ВолгоградНИПИнефть»
13,Сколько можно хранить отходы у себя на территории?,75,0.6995,0.0,0.0,0.7,"ПОЛОЖЕНИЕ По организации внутреннего контроля качества и приемки топографо-геодезических, картографических и проектно-изыскательских работ «ПЛ-08-ОВКК»"
13,Сколько можно хранить отходы у себя на территории?,76,0.6995,0.0,0.0,0.7,ПЛ-08-ОВКК
13,Сколько можно хранить отходы у себя на территории?,77,0.8331,0.0,0.83,0.7,5 Идентификация всех возможных экологических аспектов
13,Сколько можно хранить отходы у себя на территории?,78,0.6989,0.0,0.59,0.7,"8 Верификация поставленной продукции, работ (услуг)"
13,Сколько можно хранить отходы у себя на территории?,79,0.6988,0.0,0.0,0.7,С отделом проектирования разработки нефтяных и газовых месторождений Общества:
13,Сколько можно хранить отходы у себя на территории?,80,0.6985,0.0,0.0,0.7,3 Задачи
13,Сколько можно хранить отходы у себя на территории?,81,0.6981,0.0,0.0,0.7,"10 Функциональные обязанности должностных лиц по контролю качества геодезических, инженерно-изыскательских и картографических работ"
13,Сколько можно хранить отходы у себя на территории?,82,0.698,0.0,0.0,0.7,Положения:
13,Сколько можно хранить отходы у себя на территории?,83,0.6977,0.0,0.0,0.7,Организация договорной работы
13,Сколько можно хранить отходы у себя на территории?,84,0.6971,0.0,0.0,0.7,5 Ответственность
13,Сколько можно хранить отходы у себя на территории?,85,0.8238,0.0,0.82,0.0,6 Определение существенного воздействия экологических аспектов на ОС
13,Сколько можно хранить отходы у себя на территории?,86,0.8111,0.0,0.81,0.0,"Оформление договоров на выполнение работ, оказание услуг"
13,Сколько можно хранить отходы у себя на территории?,87,0.7853,0.0,0.79,0.0,4.1 Оформление доходных и расходных договоров на выполнение работ в соответствии с инструкцией «Организация договорной работы» (ИН-05-ДР) и рабочей инструкцией «Организация работ по расходным договорам» (РИ-13РД).
13,Сколько можно хранить отходы у себя на территории?,88,0.757,0.0,0.76,0.0,"Приложение 7. Выпуск продукции на 20__ г. на основании заключенных договоров, с НДС."
13,Сколько можно хранить отходы у себя на территории?,89,0.7249,0.0,0.72,0.0,4.1 Термины.
13,Сколько можно хранить отходы у себя на территории?,90,0.7151,0.0,0.72,0.0,"4 Термины, обозначения"
13,Сколько можно хранить отходы у себя на территории?,91,0.6891,0.0,0.69,0.0,"5.5 Во время нахождения сотрудника в служебной командировке все звонки, произведенные вне рабочего времени (в том числе в выходные и праздничные дни), подлежат оплате Институтом в пределах установленного лимита."
13,Сколько можно хранить отходы у себя на территории?,92,0.6826,0.0,0.68,0.0,"2.1 Обязанности Уполномоченного по ИСМ возлагаются на сотрудника отдела с высшим или неполным высшим образованием, без предъявления требований к стажу работы в Институте."
13,Сколько можно хранить отходы у себя на территории?,93,0.6762,0.0,0.68,0.0,"3.5 Проводить мониторинг тендерных предложений и готовить тендерную документацию на право заключения договоров (контрактов) на выполнение работ, оказание услуг, относящихся к сфере деятельности отдела геологии согласно требованиям инструкции «По подготовке тендерного предложения» (ИН-01ПТП)"
13,Сколько можно хранить отходы у себя на территории?,94,0.6725,0.0,0.67,0.0,Приложение 6. Формы журналов отдела
13,Сколько можно хранить отходы у себя на территории?,95,0.6705,0.0,0.67,0.0,"4.5 Разработка геологических разделов для проектов на ликвидацию, консервацию, расконсервацию (восстановление) скважин."
13,Сколько можно хранить отходы у себя на территории?,96,0.6687,0.0,0.67,0.0,Расчет часовой ставки
13,Сколько можно хранить отходы у себя на территории?,97,0.6613,0.0,0.66,0.0,3.2 При работе с рамочными договорами на обучение к счету на оплату прикладывается расшифровка Заявки на обучение:
13,Сколько можно хранить отходы у себя на территории?,98,0.6608,0.0,0.66,0.0,8 Начисление и выплата заработной платы
13,Сколько можно хранить отходы у себя на территории?,99,0.6509,0.0,0.65,0.0,"6.11 Всем дистанционным работникам выплачивается компенсация за повышенные расходы на электрическую энергию, Интернет и мобильную связь. Размер компенсации согласовывается генеральным директором и отражается в трудовом договоре или дополнительном соглашении."
13,Сколько можно хранить отходы у себя на территории?,100,0.6429,0.0,0.64,0.0,1.2 Обязанности Уполномоченного по ИСМ возлагаются начальником отдела инженерных изысканий на сотрудника отдела.
13,Сколько можно хранить отходы у себя на территории?,101,0.6405,0.0,0.64,0.0,4.1 Готовить проекты документов в рамках своей деятельности и предоставлять их на рассмотрение руководства.
13,Сколько можно хранить отходы у себя на территории?,102,0.6404,0.0,0.64,0.0,1.7 В целях экономии расходов по оплате услуг связи работники подключаются к корпоративному тарифному плану на условиях льготной тарификации по оптимальному тарифу в пределах установленного лимита.
13,Сколько можно хранить отходы у себя на территории?,103,0.6403,0.0,0.64,0.0,Итоговый реестр существенных экологических аспектов
13,Сколько можно хранить отходы у себя на территории?,104,0.6394,0.0,0.64,0.0,1.3 Действие инструкции распространяется на всех сотрудников Института.
13,Сколько можно хранить отходы у себя на территории?,105,0.6384,0.0,0.64,0.0,7 Организация и стадии выполнения проектных работ
13,Сколько можно хранить отходы у себя на территории?,106,0.6333,0.0,0.63,0.0,2.4 Сотрудники Отдела назначаются на должности и освобождаются от должностей приказом генерального директора по представлению начальника Отдела.
13,Сколько можно хранить отходы у себя на территории?,107,0.628,0.0,0.63,0.0,Процедура Идентификация экологических аспектов ПР-6.1.2-ИЭА
13,Сколько можно хранить отходы у себя на территории?,108,0.6239,0.0,0.62,0.0,Определения и сокращения
13,Сколько можно хранить отходы у себя на территории?,109,0.6231,0.0,0.62,0.0,ПР-6.1.2-ИЭА
13,Сколько можно хранить отходы у себя на территории?,110,0.6229,0.0,0.62,0.0,"6.4 Невыполнение приказов, указаний и распоряжений по Институту."
13,Сколько можно хранить отходы у себя на территории?,111,0.6166,0.0,0.62,0.0,"5.4 Представлять на совещаниях Института предложения по вопросам, входящим в компетенцию Отдела."
13,Сколько можно хранить отходы у себя на территории?,112,0.616,0.0,0.62,0.0,2.4 Работники Отдела назначаются на должности и освобождаются от должностей приказом генерального директора Института по представлению начальника отдела.
13,Сколько можно хранить отходы у себя на территории?,113,0.6154,0.0,0.62,0.0,Приложение 2 Перечень внутренней документации ИСМ отдела
13,Сколько можно хранить отходы у себя на территории?,114,0.611,0.0,0.61,0.0,"5.5 Совершать иные действия, необходимые для выполнения задач, возложенных на Отдел."
13,Сколько можно хранить отходы у себя на территории?,115,0.6092,0.0,0.61,0.0,"1.2 Настоящее Положение разработано на основании статей Конституции РФ, Трудового Кодекса РФ, Кодекса об административных правонарушениях РФ, Гражданского Кодекса РФ, Уголовного Кодекса РФ, а также Федерального закона «Об информации, информатизации и защите информации»."
13,Сколько можно хранить отходы у себя на территории?,116,0.609,0.0,0.61,0.0,"3.9 При принятии решений, затрагивающих интересы работника, работодатель не имеет права основываться на персональных данных работника, полученных исключительно в результате их автоматизированной обработки или электронного получения. Работодатель учитывает личные качества работника, его добросовестный и эффективный труд"
13,Сколько можно хранить отходы у себя на территории?,117,0.6076,0.0,0.61,0.0,Компьютерная справочная правовая система ГАРАНТ
13,Сколько можно хранить отходы у себя на территории?,118,0.6046,0.0,0.6,0.0,"4.2 Выполнение маркшейдерских съёмок, вынос в натуру скважин, создание, обновление, расширение опорных маркшейдерских сетей, создание соответствующих отчётов."
13,Сколько можно хранить отходы у себя на территории?,119,0.6023,0.0,0.6,0.0,1 Назначение
13,Сколько можно хранить отходы у себя на территории?,120,0.6017,0.0,0.6,0.0,5.6 «Внешняя защита».
13,Сколько можно хранить отходы у себя на территории?,121,0.5987,0.0,0.6,0.0,Маркетинговая информация
13,Сколько можно хранить отходы у себя на территории?,122,0.5957,0.0,0.6,0.0,Идентификация экологических аспектов
13,Сколько можно хранить отходы у себя на территории?,123,0.5956,0.0,0.6,0.0,Приложение 2. Перечень внутренней документации
13,Сколько можно хранить отходы у себя на территории?,124,0.5942,0.0,0.59,0.0,ЗАЯВЛЕНИЕ
13,Сколько можно хранить отходы у себя на территории?,125,0.5915,0.0,0.59,0.0,ЗАЯВКА на предоставление корпоративной мобильной связи
13,Сколько можно хранить отходы у себя на территории?,126,0.8129,0.81,0.0,0.8,6 Порядок накопления отходов
13,Сколько можно хранить отходы у себя на территории?,127,0.8129,0.81,0.0,0.8,6 Порядок накопления отходов
13,Сколько можно хранить отходы у себя на территории?,128,0.8035,0.8,0.0,0.78,7 Порядок учета отходов
13,Сколько можно хранить отходы у себя на территории?,129,0.7985,0.8,0.0,0.78,8 Требования к транспортированию отходов
13,Сколько можно хранить отходы у себя на территории?,130,0.7923,0.79,0.0,0.5,"4 Термины, обозначения, сокращения"
13,Сколько можно хранить отходы у себя на территории?,131,0.7864,0.79,0.0,0.73,3 Нормативные ссылки
13,Сколько можно хранить отходы у себя на территории?,132,0.7881,0.78,0.0,0.79,9 Требования к передаче отходов сторонним специализированным организациям
13,Сколько можно хранить отходы у себя на территории?,133,0.7987,0.76,0.0,0.8,10 Безопасное обращение с отходами
13,Сколько можно хранить отходы у себя на территории?,134,0.7622,0.74,0.0,0.76,1 Назначение
13,Сколько можно хранить отходы у себя на территории?,135,0.7496,0.72,0.0,0.75,Инструкция о порядке обращения с отходами производства и потребления АО «ВолгоградНИПИнефть» «ИН-01-ПОО»
13,Сколько можно хранить отходы у себя на территории?,136,0.6797,0.68,0.0,0.65,Лист регистрации изменений
13,Сколько можно хранить отходы у себя на территории?,137,0.668,0.67,0.0,0.65,СОГЛАСОВАНО:
13,Сколько можно хранить отходы у себя на территории?,138,0.758,0.67,0.0,0.76,12 Ответственность
13,Сколько можно хранить отходы у себя на территории?,139,0.6656,0.67,0.56,0.66,2 Область применения
13,Сколько можно хранить отходы у себя на территории?,140,0.7744,0.66,0.0,0.77,5 Основные положения
13,Сколько можно хранить отходы у себя на территории?,141,0.7844,0.65,0.0,0.78,11 Контроль
14,Есть ли ограничения по сроку хранения отходов I класса?,1,0.8198,0.82,0.0,0.8,"5.1 Отходы в зависимости от степени негативного воздействия на окружающую среду подразделяются  в  соответствии  с  критериями,  установленными  федеральным органом исполнительной власти, осуществляющим государственное регулирование в области охраны окружающей среды, на пять классов опасности:"
14,Есть ли ограничения по сроку хранения отходов I класса?,2,0.813,0.81,0.7,0.8,6.2 Накопление отходов на территории подразделений Института допускается на срок не более 11 месяцев
14,Есть ли ограничения по сроку хранения отходов I класса?,3,0.8133,0.81,0.65,0.81,8 Требования к транспортированию отходов
14,Есть ли ограничения по сроку хранения отходов I класса?,4,0.8055,0.81,0.0,0.78,7 Порядок учета отходов
14,Есть ли ограничения по сроку хранения отходов I класса?,5,0.8052,0.81,0.0,0.8,6 Порядок накопления отходов
14,Есть ли ограничения по сроку хранения отходов I класса?,6,0.8057,0.8,0.67,0.81,"9.2 Отходы III-IV классов опасности передаются сторонним специализированным организациям только при наличии заключенного договора. Организация должна иметь лицензию на осуществление деятельности по сбору, транспортированию, обработке, утилизации, обезвреживанию, размещению отходов I-IV классов опасности, в приложении к которой обязательно должны быть прописаны те виды"
14,Есть ли ограничения по сроку хранения отходов I класса?,7,0.7922,0.79,0.0,0.77,"11.1 При накоплении и передаче отходов специализированным лицензированным организациям должны соблюдаться действующие экологические, санитарноэпидемиологические, технические нормы и правила обращения с отходами."
14,Есть ли ограничения по сроку хранения отходов I класса?,8,0.7884,0.79,0.0,0.74,3 Нормативные ссылки
14,Есть ли ограничения по сроку хранения отходов I класса?,9,0.7803,0.78,0.0,0.0,"4 Термины, обозначения, сокращения"
14,Есть ли ограничения по сроку хранения отходов I класса?,10,0.8001,0.77,0.0,0.8,10.3 В соответствии с экологическими нормами Институт должен выполнять следующие требования:
14,Есть ли ограничения по сроку хранения отходов I класса?,11,0.7544,0.75,0.0,0.74,"12.2 За нарушение учета образования, накопления и передачи отходов, за несвоевременное  заключение  договоров  на  утилизацию,  обезвреживание  и/или размещение отходов и их выполнение отвечают ОВЭО и заместитель генерального директора по общим вопросам."
14,Есть ли ограничения по сроку хранения отходов I класса?,12,0.7516,0.75,0.63,0.0,"Первый экземпляр остается в УФО, заносится в электронный реестр договоров, распечатыва- ется и хранится в папке «Расход- ные договоры»"
14,Есть ли ограничения по сроку хранения отходов I класса?,13,0.7636,0.75,0.0,0.76,1 Назначение
14,Есть ли ограничения по сроку хранения отходов I класса?,14,0.7432,0.74,0.0,0.71,"3.1 Выполнение проектной документации, отчётов и иной технической документации, соответствующей требованиям и ожиданиям Заказчиков по срокам, финансовым затратам, использованию современных технологий, оборудования и материалов, снижению энергозатрат и экологически вредного воздействия на окружающую среду."
14,Есть ли ограничения по сроку хранения отходов I класса?,15,0.7445,0.74,0.0,0.74,Инструкция о порядке обращения с отходами производства и потребления АО «ВолгоградНИПИнефть» «ИН-01-ПОО»
14,Есть ли ограничения по сроку хранения отходов I класса?,16,0.741,0.74,0.0,0.0,7.3 При заполнении реестра риска используются следующие шкалы (приложение В данной инструкции)
14,Есть ли ограничения по сроку хранения отходов I класса?,17,0.7445,0.74,0.0,0.74,ИН-01-ПОО
14,Есть ли ограничения по сроку хранения отходов I класса?,18,0.7398,0.74,0.0,0.7,"Порядок приемки, регистрации и архивирования источников информации."
14,Есть ли ограничения по сроку хранения отходов I класса?,19,0.7365,0.74,0.0,0.73,"1.1 Данная инструкция определяет порядок приемки, регистрации и архивирования документов, переданных во временное пользование заказчиком или сторонней организацией, внешних нормативных документов, литературы, CD выполненных отчетов, а также научно-технической документации, образовавшейся в процессе производственной деятельности института."
14,Есть ли ограничения по сроку хранения отходов I класса?,20,0.7363,0.74,0.0,0.71,Итоговый реестр существенных экологических аспектов
14,Есть ли ограничения по сроку хранения отходов I класса?,21,0.7343,0.73,0.0,0.0,11. График поверки средств измерений микроклимата в помещении архива АО «ВолгоградНИПИнефть» на 20__ год
14,Есть ли ограничения по сроку хранения отходов I класса?,22,0.7338,0.73,0.72,0.72,7.1 Утвержденные изменения в процедуру вносятся уполномоченным по ИСМ или Ответственным по ведению экологической отчетности.
14,Есть ли ограничения по сроку хранения отходов I класса?,23,0.731,0.73,0.0,0.0,Список рассылки
14,Есть ли ограничения по сроку хранения отходов I класса?,24,0.7299,0.73,0.0,0.72,8.3 Не допускается
14,Есть ли ограничения по сроку хранения отходов I класса?,25,0.7375,0.73,0.0,0.74,7 Приемка материалов по окончании полевых работ
14,Есть ли ограничения по сроку хранения отходов I класса?,26,0.7263,0.73,0.0,0.0,"Регистрация, учет, архивирование и хранение поступающей геолого-технической информации, выполненных отчетов, нормативных документов"
14,Есть ли ограничения по сроку хранения отходов I класса?,27,0.7257,0.73,0.0,0.7,"1.14 Комплект обязательной горно-графической маркшейдерско-геодезической документации при проектировании, консервации, ликвидации объектов выполненной Обществом для Заказчика в нефтегазодобывающей, нефтегазотранспортной или нефтегазоперерабатывающей отраслях подлежит постоянному хранению в архиве ЗАО «ВолгоградНИПИнефть», в Государственных Архивных фондах Российской Федерации. Порядок учета, хранения и пользования документацией регламентируется установленными требованиями."
14,Есть ли ограничения по сроку хранения отходов I класса?,28,0.7255,0.73,0.0,0.71,Приложение 3. Перечень программного обеспечения
14,Есть ли ограничения по сроку хранения отходов I класса?,29,0.725,0.72,0.63,0.71,3 Нормативные ссылки
14,Есть ли ограничения по сроку хранения отходов I класса?,30,0.725,0.72,0.0,0.69,5.1 Группа имеет право:
14,Есть ли ограничения по сроку хранения отходов I класса?,31,0.7243,0.72,0.0,0.0,Риски
14,Есть ли ограничения по сроку хранения отходов I класса?,32,0.7224,0.72,0.63,0.7,Приложение 3. Кадровая документация отдела
14,Есть ли ограничения по сроку хранения отходов I класса?,33,0.7222,0.72,0.0,0.0,6.1 Группа несет ответственность за:
14,Есть ли ограничения по сроку хранения отходов I класса?,34,0.7219,0.72,0.0,0.0,Список рассылки
14,Есть ли ограничения по сроку хранения отходов I класса?,35,0.7216,0.72,0.65,0.7,"2.1 Данная процедура обязательна для применения во всех структурных подразделениях Института, включенных в область распространения системы экологического менеджмента согласно Приказу по Институту № "
14,Есть ли ограничения по сроку хранения отходов I класса?,36,0.7213,0.72,0.0,0.71,"5.2 Идентификация видов деятельности, процессов, источников загрязнения, продукции, услуг."
14,Есть ли ограничения по сроку хранения отходов I класса?,37,0.7243,0.0,0.0,0.72,F:\\\\ !Шаблоны документов\\\\Бланки регистрации
14,Есть ли ограничения по сроку хранения отходов I класса?,38,0.7241,0.0,0.0,0.72,5 Правила работы с файлами
14,Есть ли ограничения по сроку хранения отходов I класса?,39,0.7192,0.0,0.0,0.72,9 Обязательства работника
14,Есть ли ограничения по сроку хранения отходов I класса?,40,0.7155,0.0,0.0,0.72,Приложение Г
14,Есть ли ограничения по сроку хранения отходов I класса?,41,0.8589,0.0,0.86,0.71,Приложение 4. Перечень документированной информации отдела
14,Есть ли ограничения по сроку хранения отходов I класса?,42,0.7117,0.0,0.0,0.71,Рабочее время и его использование
14,Есть ли ограничения по сроку хранения отходов I класса?,43,0.711,0.0,0.0,0.71,Сводный реестр экологических аспектов
14,Есть ли ограничения по сроку хранения отходов I класса?,44,0.7104,0.0,0.0,0.71,Внутреннего трудового распорядка АО «ВолгоградНИПИнефть»
14,Есть ли ограничения по сроку хранения отходов I класса?,45,0.7095,0.0,0.0,0.71,"7 Учет ошибок, обнаруженных при нормоконтроле"
14,Есть ли ограничения по сроку хранения отходов I класса?,46,0.7082,0.0,0.0,0.71,10 Завершающая стадия
14,Есть ли ограничения по сроку хранения отходов I класса?,47,0.707,0.0,0.0,0.71,Приложение В
14,Есть ли ограничения по сроку хранения отходов I класса?,48,0.7064,0.0,0.0,0.71,2 Квалификационные требования
14,Есть ли ограничения по сроку хранения отходов I класса?,49,0.7063,0.0,0.0,0.71,5 Идентификация всех возможных экологических аспектов
14,Есть ли ограничения по сроку хранения отходов I класса?,50,0.7059,0.0,0.0,0.71,1 Общие положения. Контроль качества приемки работ
14,Есть ли ограничения по сроку хранения отходов I класса?,51,0.7054,0.0,0.0,0.71,1 Общие положения
14,Есть ли ограничения по сроку хранения отходов I класса?,52,0.7053,0.0,0.0,0.71,3 Задачи
14,Есть ли ограничения по сроку хранения отходов I класса?,53,0.7053,0.0,0.63,0.71,2 Квалификационные требования
14,Есть ли ограничения по сроку хранения отходов I класса?,54,0.7039,0.0,0.61,0.7,1 Назначение
14,Есть ли ограничения по сроку хранения отходов I класса?,55,0.7033,0.0,0.0,0.7,"6 Оценка, выбор и переоценка поставщиков."
14,Есть ли ограничения по сроку хранения отходов I класса?,56,0.7033,0.0,0.0,0.7,Приложение 3. Перечень документированной информации информационно-технического отдела.
14,Есть ли ограничения по сроку хранения отходов I класса?,57,0.7031,0.0,0.0,0.7,2 Квалификационные требования
14,Есть ли ограничения по сроку хранения отходов I класса?,58,0.7027,0.0,0.0,0.7,СОГЛАСОВАНО:
14,Есть ли ограничения по сроку хранения отходов I класса?,59,0.7025,0.0,0.0,0.7,Внутреннего трудового распорядка АО «ВолгоградНИПИнефть»
14,Есть ли ограничения по сроку хранения отходов I класса?,60,0.7024,0.0,0.0,0.7,Приложение 1. Структура Группы
14,Есть ли ограничения по сроку хранения отходов I класса?,61,0.702,0.0,0.0,0.7,7 Стадия проектирования
14,Есть ли ограничения по сроку хранения отходов I класса?,62,0.7013,0.0,0.0,0.7,Приложение 4. Перечень программного обеспечения отдела
14,Есть ли ограничения по сроку хранения отходов I класса?,63,0.7011,0.0,0.0,0.7,1 ОБЩИЕ ПОЛОЖЕНИЯ
14,Есть ли ограничения по сроку хранения отходов I класса?,64,0.7002,0.0,0.0,0.7,Приложение 1 Перечень документированной информации
14,Есть ли ограничения по сроку хранения отходов I класса?,65,0.7002,0.0,0.0,0.7,2 Область применения
14,Есть ли ограничения по сроку хранения отходов I класса?,66,0.6981,0.0,0.0,0.7,"9 Стадия экспертиз, защит и согласований"
14,Есть ли ограничения по сроку хранения отходов I класса?,67,0.7532,0.0,0.75,0.7,6 Определение существенного воздействия экологических аспектов на ОС
14,Есть ли ограничения по сроку хранения отходов I класса?,68,0.6979,0.0,0.0,0.7,СОГЛАСОВАНО:
14,Есть ли ограничения по сроку хранения отходов I класса?,69,0.6977,0.0,0.0,0.7,9 Окончание работ. Отчет о командировке
14,Есть ли ограничения по сроку хранения отходов I класса?,70,0.6964,0.0,0.0,0.7,С производственными службами Заказчика по строительству и обустройству месторождений:
14,Есть ли ограничения по сроку хранения отходов I класса?,71,0.6963,0.0,0.62,0.7,"8 Мониторинг, измерения, анализ и оценивание"
14,Есть ли ограничения по сроку хранения отходов I класса?,72,0.6963,0.0,0.0,0.7,3 Нормативные ссылки
14,Есть ли ограничения по сроку хранения отходов I класса?,73,0.6962,0.0,0.0,0.7,Отдел несет ответственность за:
14,Есть ли ограничения по сроку хранения отходов I класса?,74,0.696,0.0,0.0,0.7,2 Структура
14,Есть ли ограничения по сроку хранения отходов I класса?,75,0.6957,0.0,0.0,0.7,Внутреннего трудового распорядка АО «ВолгоградНИПИнефть»
14,Есть ли ограничения по сроку хранения отходов I класса?,76,0.6946,0.0,0.0,0.69,9 Составление технического отчета по выполненным работам
14,Есть ли ограничения по сроку хранения отходов I класса?,77,0.7516,0.0,0.75,0.69,4 Порядок предоставления корпоративной мобильной связи
14,Есть ли ограничения по сроку хранения отходов I класса?,78,0.6942,0.0,0.0,0.69,9 Заключительные положения
14,Есть ли ограничения по сроку хранения отходов I класса?,79,0.6938,0.0,0.0,0.69,Приложение А. Стадии и этапы выполнения работ
14,Есть ли ограничения по сроку хранения отходов I класса?,80,0.6938,0.0,0.6,0.69,6 Премирование
14,Есть ли ограничения по сроку хранения отходов I класса?,81,0.6924,0.0,0.0,0.69,3 Нормативные ссылки
14,Есть ли ограничения по сроку хранения отходов I класса?,82,0.6916,0.0,0.0,0.69,7 Порядок организации труда дистанционных работников
14,Есть ли ограничения по сроку хранения отходов I класса?,83,0.6916,0.0,0.0,0.69,Положения:
14,Есть ли ограничения по сроку хранения отходов I класса?,84,0.6915,0.0,0.0,0.69,ПЛ-12 -ГООС
14,Есть ли ограничения по сроку хранения отходов I класса?,85,0.7686,0.0,0.77,0.0,2.3 Структуру и штатную численность Отдела утверждает генеральный директор Института исходя из условий и особенностей деятельности Института по представлению заместителя генерального директора по общим вопросам (см. Приложение 1).
14,Есть ли ограничения по сроку хранения отходов I класса?,86,0.7398,0.0,0.74,0.0,7.2 Средства корпоративной мобильной связи (SIM-карта и/или мобильный аппарат) передаются работнику по акту приема-передачи. В день увольнения работник обязан вернуть SIM-карту и/или мобильный аппарат по акту приема-передачи материальных ценностей и/или переоформить SIM-карту в личное пользование.
14,Есть ли ограничения по сроку хранения отходов I класса?,87,0.7371,0.0,0.74,0.0,"Оформление договоров на выполнение работ, оказание услуг"
14,Есть ли ограничения по сроку хранения отходов I класса?,88,0.7357,0.0,0.74,0.0,"3.3 Корпоративный мобильный аппарат -  беспроводной  цифровой телефонный аппарат стандарта GSM, принадлежащий Институту и выданный сотруднику  по  Акту  приема-передачи  для  пользования  корпоративной  мобильной связью."
14,Есть ли ограничения по сроку хранения отходов I класса?,89,0.7078,0.0,0.71,0.0,Приложение 2 Перечень внутренней документации ИСМ отдела
14,Есть ли ограничения по сроку хранения отходов I класса?,90,0.6897,0.0,0.69,0.0,Проект горного отвода для всех видов полезных ископаемых
14,Есть ли ограничения по сроку хранения отходов I класса?,91,0.6888,0.0,0.69,0.0,Идентификация экологических аспектов
14,Есть ли ограничения по сроку хранения отходов I класса?,92,0.6794,0.0,0.68,0.0,"6.4 Невыполнение приказов, указаний и распоряжений по Институту."
14,Есть ли ограничения по сроку хранения отходов I класса?,93,0.6777,0.0,0.68,0.0,1.1 Договорной отдел (далее по тексту - Отдел) является структурным подразделением АО «ВолгоградНИПИнефть» (далее по тексту - Институт).
14,Есть ли ограничения по сроку хранения отходов I класса?,94,0.6706,0.0,0.67,0.0,"3.7 Не допускается отвечать на вопросы, связанные с передачей персональной информации по телефону или факсу"
14,Есть ли ограничения по сроку хранения отходов I класса?,95,0.662,0.0,0.66,0.0,1 Назначение
14,Есть ли ограничения по сроку хранения отходов I класса?,96,0.6586,0.0,0.66,0.0,1.7 В целях экономии расходов по оплате услуг связи работники подключаются к корпоративному тарифному плану на условиях льготной тарификации по оптимальному тарифу в пределах установленного лимита.
14,Есть ли ограничения по сроку хранения отходов I класса?,97,0.6471,0.0,0.65,0.0,2.4 Сотрудники Отдела назначаются на должности и освобождаются от должностей приказом генерального директора по представлению начальника Отдела.
14,Есть ли ограничения по сроку хранения отходов I класса?,98,0.6469,0.0,0.65,0.0,Согласовано:
14,Есть ли ограничения по сроку хранения отходов I класса?,99,0.6409,0.0,0.64,0.0,Расчет часовой ставки
14,Есть ли ограничения по сроку хранения отходов I класса?,100,0.6355,0.0,0.64,0.0,"5.3 Давать разъяснения, рекомендации и указания по вопросам, входящим в компетенцию Отдела."
14,Есть ли ограничения по сроку хранения отходов I класса?,101,0.6337,0.0,0.63,0.0,Определения и сокращения
14,Есть ли ограничения по сроку хранения отходов I класса?,102,0.6279,0.0,0.63,0.0,Журнал авансовые платежи
14,Есть ли ограничения по сроку хранения отходов I класса?,103,0.6279,0.0,0.63,0.0,ПОЛОЖЕНИЕ Об уполномоченном по интегрированной системе менеджмента в отделе инженерных изысканий «ПЛ-08-УИСМ»
14,Есть ли ограничения по сроку хранения отходов I класса?,104,0.6243,0.0,0.62,0.0,4.1 Термины.
14,Есть ли ограничения по сроку хранения отходов I класса?,105,0.6206,0.0,0.62,0.0,4.9 Создание отчетов по подсчету запасов.
14,Есть ли ограничения по сроку хранения отходов I класса?,106,0.62,0.0,0.62,0.0,4.1 Оформление доходных и расходных договоров на выполнение работ в соответствии с инструкцией «Организация договорной работы» (ИН-05-ДР) и рабочей инструкцией «Организация работ по расходным договорам» (РИ-13РД).
14,Есть ли ограничения по сроку хранения отходов I класса?,107,0.6147,0.0,0.61,0.0,"7.3 Руководитель, разрешающий доступ сотрудника к конфиденциальному документу, несет персональную ответственность за данное разрешение."
14,Есть ли ограничения по сроку хранения отходов I класса?,108,0.6133,0.0,0.61,0.0,ПЛ-08-УИСМ
14,Есть ли ограничения по сроку хранения отходов I класса?,109,0.6122,0.0,0.61,0.0,Согласовано:
14,Есть ли ограничения по сроку хранения отходов I класса?,110,0.6065,0.0,0.61,0.0,"5.3 Сотрудник, использующий корпоративную мобильную связь, обязан отвечать на входящие телефонные звонки в течение рабочего дня, а также в период отпуска или временной нетрудоспособности в целях обеспечения оперативной связи. За несоблюдение данного пункта к сотруднику может быть применено дисциплинарное взыскание."
14,Есть ли ограничения по сроку хранения отходов I класса?,111,0.6042,0.0,0.6,0.0,3.2 Консультировать сотрудников отдела по вопросам интегрированной системы менеджмента и разработке документации ИСМ
14,Есть ли ограничения по сроку хранения отходов I класса?,112,0.5998,0.0,0.6,0.0,7.14
14,Есть ли ограничения по сроку хранения отходов I класса?,113,0.595,0.0,0.6,0.0,"6.4 Невыполнение приказов, указаний и распоряжений по Институту."
14,Есть ли ограничения по сроку хранения отходов I класса?,114,0.5936,0.0,0.59,0.0,"Приложение 7. Выпуск продукции на 20__ г. на основании заключенных договоров, с НДС."
14,Есть ли ограничения по сроку хранения отходов I класса?,115,0.5899,0.0,0.59,0.0,"5.4 В случае перевода на дистанционную работу по инициативе работника, необходимо предоставить заявление заверенное личной подписью, с указанием основания для перевода на дистанционную работу, дату планируемого перевода, а также характер перевода: временный или постоянный."
14,Есть ли ограничения по сроку хранения отходов I класса?,116,0.5893,0.0,0.59,0.0,8.4 Входной контроль поставленной продукции заключается в сопоставлении сопроводительной документации и проверке:
14,Есть ли ограничения по сроку хранения отходов I класса?,117,0.588,0.0,0.59,0.0,4.5 Вносить предложения по улучшениям ИСМ.
14,Есть ли ограничения по сроку хранения отходов I класса?,118,0.5878,0.0,0.59,0.0,4 Персонал
14,Есть ли ограничения по сроку хранения отходов I класса?,119,0.8133,0.81,0.0,0.81,8 Требования к транспортированию отходов
14,Есть ли ограничения по сроку хранения отходов I класса?,120,0.8055,0.81,0.0,0.78,7 Порядок учета отходов
14,Есть ли ограничения по сроку хранения отходов I класса?,121,0.8052,0.81,0.0,0.8,6 Порядок накопления отходов
14,Есть ли ограничения по сроку хранения отходов I класса?,122,0.8052,0.81,0.0,0.8,6 Порядок накопления отходов
14,Есть ли ограничения по сроку хранения отходов I класса?,123,0.7884,0.79,0.5,0.74,3 Нормативные ссылки
14,Есть ли ограничения по сроку хранения отходов I класса?,124,0.8057,0.79,0.0,0.81,9 Требования к передаче отходов сторонним специализированным организациям
14,Есть ли ограничения по сроку хранения отходов I класса?,125,0.7803,0.78,0.0,0.5,"4 Термины, обозначения, сокращения"
14,Есть ли ограничения по сроку хранения отходов I класса?,126,0.8001,0.76,0.0,0.8,10 Безопасное обращение с отходами
14,Есть ли ограничения по сроку хранения отходов I класса?,127,0.7636,0.75,0.0,0.76,1 Назначение
14,Есть ли ограничения по сроку хранения отходов I класса?,128,0.7445,0.74,0.0,0.74,Инструкция о порядке обращения с отходами производства и потребления АО «ВолгоградНИПИнефть» «ИН-01-ПОО»
14,Есть ли ограничения по сроку хранения отходов I класса?,129,0.6878,0.69,0.0,0.66,Лист регистрации изменений
14,Есть ли ограничения по сроку хранения отходов I класса?,130,0.7703,0.69,0.0,0.77,11 Контроль
14,Есть ли ограничения по сроку хранения отходов I класса?,131,0.796,0.68,0.0,0.8,5 Основные положения
14,Есть ли ограничения по сроку хранения отходов I класса?,132,0.7388,0.67,0.0,0.74,12 Ответственность
14,Есть ли ограничения по сроку хранения отходов I класса?,133,0.6724,0.67,0.51,0.66,СОГЛАСОВАНО:
14,Есть ли ограничения по сроку хранения отходов I класса?,134,0.6766,0.67,0.0,0.68,2 Область применения
15,Есть ли ограничения по сроку хранения отходов?,1,0.826,0.83,0.67,0.8,6.2 Накопление отходов на территории подразделений Института допускается на срок не более 11 месяцев
15,Есть ли ограничения по сроку хранения отходов?,2,0.8215,0.82,0.0,0.8,8 Требования к транспортированию отходов
15,Есть ли ограничения по сроку хранения отходов?,3,0.8166,0.82,0.0,0.8,6 Порядок накопления отходов
15,Есть ли ограничения по сроку хранения отходов?,4,0.8142,0.81,0.0,0.0,"4 Термины, обозначения, сокращения"
15,Есть ли ограничения по сроку хранения отходов?,5,0.8135,0.81,0.0,0.79,7 Порядок учета отходов
15,Есть ли ограничения по сроку хранения отходов?,6,0.8053,0.81,0.0,0.79,"11.1 При накоплении и передаче отходов специализированным лицензированным организациям должны соблюдаться действующие экологические, санитарноэпидемиологические, технические нормы и правила обращения с отходами."
15,Есть ли ограничения по сроку хранения отходов?,7,0.8012,0.8,0.0,0.74,3 Нормативные ссылки
15,Есть ли ограничения по сроку хранения отходов?,8,0.7991,0.8,0.62,0.8,9 Требования к передаче отходов сторонним специализированным организациям
15,Есть ли ограничения по сроку хранения отходов?,9,0.7909,0.79,0.0,0.79,5.3 Согласно Федеральному закону РФ «Об отходах производства и потребления» все подразделения Института обязаны:
15,Есть ли ограничения по сроку хранения отходов?,10,0.8147,0.79,0.0,0.81,10.2 Способы  накопления  отходов  и  их  передачи  сторонним  организациям  должны исключать возможность загрязнения окружающей территории.
15,Есть ли ограничения по сроку хранения отходов?,11,0.7791,0.78,0.0,0.76,"12.2 За нарушение учета образования, накопления и передачи отходов, за несвоевременное  заключение  договоров  на  утилизацию,  обезвреживание  и/или размещение отходов и их выполнение отвечают ОВЭО и заместитель генерального директора по общим вопросам."
15,Есть ли ограничения по сроку хранения отходов?,12,0.7582,0.76,0.0,0.72,"Порядок приемки, регистрации и архивирования источников информации."
15,Есть ли ограничения по сроку хранения отходов?,13,0.7528,0.75,0.0,0.72,"3.1 Выполнение проектной документации, отчётов и иной технической документации, соответствующей требованиям и ожиданиям Заказчиков по срокам, финансовым затратам, использованию современных технологий, оборудования и материалов, снижению энергозатрат и экологически вредного воздействия на окружающую среду."
15,Есть ли ограничения по сроку хранения отходов?,14,0.7507,0.75,0.67,0.0,"Первый экземпляр остается в УФО, заносится в электронный реестр договоров, распечатыва- ется и хранится в папке «Расход- ные договоры»"
15,Есть ли ограничения по сроку хранения отходов?,15,0.756,0.75,0.0,0.76,7 Приемка материалов по окончании полевых работ
15,Есть ли ограничения по сроку хранения отходов?,16,0.7471,0.75,0.0,0.74,3.14 ОтвРег по результатам архивирования формирует отчет об архивировании . Отчет хранится в электронном виде не менее 5 лет.
15,Есть ли ограничения по сроку хранения отходов?,17,0.7669,0.74,0.0,0.77,1 Назначение
15,Есть ли ограничения по сроку хранения отходов?,18,0.7433,0.74,0.0,0.74,8.3 Не допускается
15,Есть ли ограничения по сроку хранения отходов?,19,0.7414,0.74,0.0,0.0,11. График поверки средств измерений микроклимата в помещении архива АО «ВолгоградНИПИнефть» на 20__ год
15,Есть ли ограничения по сроку хранения отходов?,20,0.7401,0.74,0.68,0.72,Приложение 3. Кадровая документация отдела
15,Есть ли ограничения по сроку хранения отходов?,21,0.738,0.74,0.0,0.72,3 Метрологическое обеспечение
15,Есть ли ограничения по сроку хранения отходов?,22,0.7378,0.74,0.0,0.0,"Регистрация, учет, архивирование и хранение поступающей геолого-технической информации, выполненных отчетов, нормативных документов"
15,Есть ли ограничения по сроку хранения отходов?,23,0.7407,0.74,0.0,0.74,"1.1 Данная инструкция определяет порядок приемки, регистрации и архивирования документов, переданных во временное пользование заказчиком или сторонней организацией, внешних нормативных документов, литературы, CD выполненных отчетов, а также научно-технической документации, образовавшейся в процессе производственной деятельности института."
15,Есть ли ограничения по сроку хранения отходов?,24,0.7355,0.74,0.0,0.7,"1.14 Комплект обязательной горно-графической маркшейдерско-геодезической документации при проектировании, консервации, ликвидации объектов выполненной Обществом для Заказчика в нефтегазодобывающей, нефтегазотранспортной или нефтегазоперерабатывающей отраслях подлежит постоянному хранению в архиве ЗАО «ВолгоградНИПИнефть», в Государственных Архивных фондах Российской Федерации. Порядок учета, хранения и пользования документацией регламентируется установленными требованиями."
15,Есть ли ограничения по сроку хранения отходов?,25,0.7327,0.73,0.0,0.72,Приложение 3. Перечень программного обеспечения
15,Есть ли ограничения по сроку хранения отходов?,26,0.7892,0.73,0.79,0.71,7 Последовательность формирования реестров экологических аспектов
15,Есть ли ограничения по сроку хранения отходов?,27,0.731,0.73,0.0,0.73,10.4 Необходимость хранения неактуальных редакций ПД в деле проекта на диске Р определяется ОИ (ГИПом). Использование неактуальных версий ПД предотвращается в соответствии с процедурой «Управление несоответствующей продукцией» (ПР-8.7-УНП):
15,Есть ли ограничения по сроку хранения отходов?,28,0.7295,0.73,0.0,0.71,Принципы организации сервисного обслуживания оборудования
15,Есть ли ограничения по сроку хранения отходов?,29,0.728,0.73,0.0,0.7,"8.9 Любая продукция, работа (услуга), характеристики которой не соответствуют установленным требованиям, своевременно идентифицируется, регистрируется и не используется до принятия решений уполномоченным персоналом о ее корректировке, изъятии, замене, возврате и т.п."
15,Есть ли ограничения по сроку хранения отходов?,30,0.7278,0.73,0.0,0.0,5.2 Права ответственного по ведению экологической отчетности:
15,Есть ли ограничения по сроку хранения отходов?,31,0.7278,0.73,0.0,0.7,История документа
15,Есть ли ограничения по сроку хранения отходов?,32,0.727,0.73,0.0,0.0,"2.3 Данные документы являются конфиденциальными, хотя, учитывая их массовость и единое место обработки и хранения - соответствующий гриф ограничения на них не ставится."
15,Есть ли ограничения по сроку хранения отходов?,33,0.7269,0.73,0.0,0.0,"7.11 Сохранность собственности Заказчика обеспечивается учетом полученных и подлежащих возврату документов, материалов и данных, необходимых для разработки проектных решений, а также предоставленного керна и/или шлама для проведения исследовательских работ (п.8.5.3. Руководства по интегрированной системе менеджмента):"
15,Есть ли ограничения по сроку хранения отходов?,34,0.7268,0.73,0.0,0.0,8.1 Составление и согласование документа исполнителем.
15,Есть ли ограничения по сроку хранения отходов?,35,0.7573,0.0,0.0,0.76,5 Правила работы с файлами
15,Есть ли ограничения по сроку хранения отходов?,36,0.7436,0.0,0.0,0.74,ИН-01-ПОО
15,Есть ли ограничения по сроку хранения отходов?,37,0.7436,0.0,0.0,0.74,Инструкция о порядке обращения с отходами производства и потребления АО «ВолгоградНИПИнефть» «ИН-01-ПОО»
15,Есть ли ограничения по сроку хранения отходов?,38,0.7382,0.0,0.0,0.74,Приложение Г
15,Есть ли ограничения по сроку хранения отходов?,39,0.7367,0.0,0.0,0.74,Внутреннего трудового распорядка АО «ВолгоградНИПИнефть»
15,Есть ли ограничения по сроку хранения отходов?,40,0.724,0.0,0.0,0.72,9 Обязательства работника
15,Есть ли ограничения по сроку хранения отходов?,41,0.7225,0.0,0.0,0.72,Внутреннего трудового распорядка АО «ВолгоградНИПИнефть»
15,Есть ли ограничения по сроку хранения отходов?,42,0.7218,0.0,0.0,0.72,Рабочее время и его использование
15,Есть ли ограничения по сроку хранения отходов?,43,0.9091,0.0,0.91,0.72,Приложение 4. Перечень документированной информации отдела
15,Есть ли ограничения по сроку хранения отходов?,44,0.7179,0.0,0.0,0.72,Приложение 1 Перечень документированной информации
15,Есть ли ограничения по сроку хранения отходов?,45,0.7323,0.0,0.73,0.72,3 Обработка персональных данных
15,Есть ли ограничения по сроку хранения отходов?,46,0.7166,0.0,0.0,0.72,С производственными службами Заказчика по строительству и обустройству месторождений:
15,Есть ли ограничения по сроку хранения отходов?,47,0.7159,0.0,0.0,0.72,Внутреннего трудового распорядка АО «ВолгоградНИПИнефть»
15,Есть ли ограничения по сроку хранения отходов?,48,0.7112,0.0,0.0,0.71,9 Окончание работ. Отчет о командировке
15,Есть ли ограничения по сроку хранения отходов?,49,0.7098,0.0,0.0,0.71,Приложение 4. Перечень программного обеспечения отдела
15,Есть ли ограничения по сроку хранения отходов?,50,0.709,0.0,0.69,0.71,3 Нормативные ссылки
15,Есть ли ограничения по сроку хранения отходов?,51,0.708,0.0,0.0,0.71,5 Идентификация всех возможных экологических аспектов
15,Есть ли ограничения по сроку хранения отходов?,52,0.7079,0.0,0.0,0.71,Сводный реестр экологических аспектов
15,Есть ли ограничения по сроку хранения отходов?,53,0.7076,0.0,0.0,0.71,Внутреннего трудового распорядка АО «ВолгоградНИПИнефть»
15,Есть ли ограничения по сроку хранения отходов?,54,0.7063,0.0,0.0,0.71,Приложение 3. Перечень документированной информации информационно-технического отдела.
15,Есть ли ограничения по сроку хранения отходов?,55,0.706,0.0,0.0,0.71,"8 Иные положения, связанные с организацией труда дистанционных работников"
15,Есть ли ограничения по сроку хранения отходов?,56,0.7057,0.0,0.0,0.71,1 Общие положения
15,Есть ли ограничения по сроку хранения отходов?,57,0.7027,0.0,0.0,0.7,7 Порядок организации труда дистанционных работников
15,Есть ли ограничения по сроку хранения отходов?,58,0.7027,0.0,0.0,0.7,"6 Обязанности и права специалиста, осуществляющего нормоконтроль"
15,Есть ли ограничения по сроку хранения отходов?,59,0.7026,0.0,0.66,0.7,4 Термины и сокращения
15,Есть ли ограничения по сроку хранения отходов?,60,0.7025,0.0,0.0,0.7,7 Стадия проектирования
15,Есть ли ограничения по сроку хранения отходов?,61,0.702,0.0,0.0,0.7,Основные права и обязанности работников
15,Есть ли ограничения по сроку хранения отходов?,62,0.7019,0.0,0.0,0.7,"7 Учет ошибок, обнаруженных при нормоконтроле"
15,Есть ли ограничения по сроку хранения отходов?,63,0.7018,0.0,0.0,0.7,9 Составление технического отчета по выполненным работам
15,Есть ли ограничения по сроку хранения отходов?,64,0.7017,0.0,0.0,0.7,3 Обработка персональных данных
15,Есть ли ограничения по сроку хранения отходов?,65,0.7013,0.0,0.0,0.7,"6 Оценка, выбор и переоценка поставщиков."
15,Есть ли ограничения по сроку хранения отходов?,66,0.7008,0.0,0.0,0.7,8 Контроль и приемка камеральных работ
15,Есть ли ограничения по сроку хранения отходов?,67,0.7004,0.0,0.0,0.7,При этом проверяются:
15,Есть ли ограничения по сроку хранения отходов?,68,0.7003,0.0,0.0,0.7,Исполнитель обязан:
15,Есть ли ограничения по сроку хранения отходов?,69,0.6999,0.0,0.0,0.7,Итоговый реестр существенных экологических аспектов
15,Есть ли ограничения по сроку хранения отходов?,70,0.6997,0.0,0.0,0.7,1 Общие положения. Контроль качества приемки работ
15,Есть ли ограничения по сроку хранения отходов?,71,0.6997,0.0,0.0,0.7,5 Идентификация всех возможных экологических аспектов
15,Есть ли ограничения по сроку хранения отходов?,72,0.6996,0.0,0.0,0.7,7 Порядок организации труда дистанционных работников
15,Есть ли ограничения по сроку хранения отходов?,73,0.6996,0.0,0.0,0.7,3 Задачи
15,Есть ли ограничения по сроку хранения отходов?,74,0.6995,0.0,0.0,0.7,8 Срок и режим командировки
15,Есть ли ограничения по сроку хранения отходов?,75,0.6994,0.0,0.0,0.7,3 Задачи
15,Есть ли ограничения по сроку хранения отходов?,76,0.6991,0.0,0.0,0.7,1 Общие положения
15,Есть ли ограничения по сроку хранения отходов?,77,0.6988,0.0,0.0,0.7,Он обязан:
15,Есть ли ограничения по сроку хранения отходов?,78,0.7423,0.0,0.74,0.7,6 Ответственность
15,Есть ли ограничения по сроку хранения отходов?,79,0.6984,0.0,0.0,0.7,3 ОСНОВНЫЕ ФУНКЦИИ МАРКШЕЙДЕРСКО-ГЕОДЕЗИЧЕСКОЙ СЛУЖБЫ
15,Есть ли ограничения по сроку хранения отходов?,80,0.6982,0.0,0.0,0.7,2 Область применения
15,Есть ли ограничения по сроку хранения отходов?,81,0.6982,0.0,0.0,0.7,Приложение В
15,Есть ли ограничения по сроку хранения отходов?,82,0.6975,0.0,0.0,0.7,Отдел несет ответственность за:
15,Есть ли ограничения по сроку хранения отходов?,83,0.6971,0.0,0.0,0.7,Ответственность работников за нарушение трудовой дисциплины
15,Есть ли ограничения по сроку хранения отходов?,84,0.8421,0.0,0.84,0.0,2.3 Структуру и штатную численность Отдела утверждает генеральный директор Института исходя из условий и особенностей деятельности Института по представлению заместителя генерального директора по общим вопросам (см. Приложение 1).
15,Есть ли ограничения по сроку хранения отходов?,85,0.8276,0.0,0.83,0.0,"4.6 В течение двух рабочих дней с момента подписания приказа, работнику выдается SIM-карта под подпись и (при необходимости) мобильный аппарат по акту приема-передачи по форме указанной в Приложении В. Возврат по форме в Приложении Г."
15,Есть ли ограничения по сроку хранения отходов?,86,0.8266,0.0,0.83,0.0,6.1 Методика оценки экологических аспектов
15,Есть ли ограничения по сроку хранения отходов?,87,0.8136,0.0,0.81,0.0,7.2 Средства корпоративной мобильной связи (SIM-карта и/или мобильный аппарат) передаются работнику по акту приема-передачи. В день увольнения работник обязан вернуть SIM-карту и/или мобильный аппарат по акту приема-передачи материальных ценностей и/или переоформить SIM-карту в личное пользование.
15,Есть ли ограничения по сроку хранения отходов?,88,0.8105,0.0,0.81,0.0,"Оформление договоров на выполнение работ, оказание услуг"
15,Есть ли ограничения по сроку хранения отходов?,89,0.8076,0.0,0.81,0.0,"3.3 Корпоративный мобильный аппарат -  беспроводной  цифровой телефонный аппарат стандарта GSM, принадлежащий Институту и выданный сотруднику  по  Акту  приема-передачи  для  пользования  корпоративной  мобильной связью."
15,Есть ли ограничения по сроку хранения отходов?,90,0.7759,0.0,0.78,0.0,Приложение 2 Перечень внутренней документации ИСМ отдела
15,Есть ли ограничения по сроку хранения отходов?,91,0.7542,0.0,0.75,0.0,Проект горного отвода для всех видов полезных ископаемых
15,Есть ли ограничения по сроку хранения отходов?,92,0.7531,0.0,0.75,0.0,Идентификация экологических аспектов
15,Есть ли ограничения по сроку хранения отходов?,93,0.7488,0.0,0.75,0.0,1.1 Договорной отдел (далее по тексту - Отдел) является структурным подразделением АО «ВолгоградНИПИнефть» (далее по тексту - Институт).
15,Есть ли ограничения по сроку хранения отходов?,94,0.72,0.0,0.72,0.0,1 Назначение
15,Есть ли ограничения по сроку хранения отходов?,95,0.7194,0.0,0.72,0.0,1.7 В целях экономии расходов по оплате услуг связи работники подключаются к корпоративному тарифному плану на условиях льготной тарификации по оптимальному тарифу в пределах установленного лимита.
15,Есть ли ограничения по сроку хранения отходов?,96,0.7092,0.0,0.71,0.0,2.4 Сотрудники Отдела назначаются на должности и освобождаются от должностей приказом генерального директора по представлению начальника Отдела.
15,Есть ли ограничения по сроку хранения отходов?,97,0.7023,0.0,0.7,0.0,Согласовано:
15,Есть ли ограничения по сроку хранения отходов?,98,0.7009,0.0,0.7,0.0,Расчет часовой ставки
15,Есть ли ограничения по сроку хранения отходов?,99,0.6968,0.0,0.7,0.0,"2.1 Данная процедура обязательна для применения во всех структурных подразделениях Института, включенных в область распространения системы экологического менеджмента согласно Приказу по Институту № "
15,Есть ли ограничения по сроку хранения отходов?,100,0.6936,0.0,0.69,0.0,"5.3 Давать разъяснения, рекомендации и указания по вопросам, входящим в компетенцию Отдела."
15,Есть ли ограничения по сроку хранения отходов?,101,0.6863,0.0,0.69,0.0,"2.1 Обязанности Уполномоченного по ИСМ возлагаются на сотрудника отдела с высшим или неполным высшим образованием, без предъявления требований к стажу работы в Институте."
15,Есть ли ограничения по сроку хранения отходов?,102,0.6832,0.0,0.68,0.0,Журнал авансовые платежи
15,Есть ли ограничения по сроку хранения отходов?,103,0.6832,0.0,0.68,0.0,ПОЛОЖЕНИЕ Об уполномоченном по интегрированной системе менеджмента в отделе инженерных изысканий «ПЛ-08-УИСМ»
15,Есть ли ограничения по сроку хранения отходов?,104,0.6725,0.0,0.67,0.0,4.1 Оформление доходных и расходных договоров на выполнение работ в соответствии с инструкцией «Организация договорной работы» (ИН-05-ДР) и рабочей инструкцией «Организация работ по расходным договорам» (РИ-13РД).
15,Есть ли ограничения по сроку хранения отходов?,105,0.6713,0.0,0.67,0.0,"8 Мониторинг, измерения, анализ и оценивание"
15,Есть ли ограничения по сроку хранения отходов?,106,0.6664,0.0,0.67,0.0,4.9 Создание отчетов по подсчету запасов.
15,Есть ли ограничения по сроку хранения отходов?,107,0.6643,0.0,0.66,0.0,Определения и сокращения
15,Есть ли ограничения по сроку хранения отходов?,108,0.6633,0.0,0.66,0.0,ПЛ-08-УИСМ
15,Есть ли ограничения по сроку хранения отходов?,109,0.6617,0.0,0.66,0.0,Согласовано:
15,Есть ли ограничения по сроку хранения отходов?,110,0.655,0.0,0.66,0.0,1 Назначение
15,Есть ли ограничения по сроку хранения отходов?,111,0.6523,0.0,0.65,0.0,"7.3 Руководитель, разрешающий доступ сотрудника к конфиденциальному документу, несет персональную ответственность за данное разрешение."
15,Есть ли ограничения по сроку хранения отходов?,112,0.6506,0.0,0.65,0.0,3.2 Консультировать сотрудников отдела по вопросам интегрированной системы менеджмента и разработке документации ИСМ
15,Есть ли ограничения по сроку хранения отходов?,113,0.6417,0.0,0.64,0.0,"5.3 Сотрудник, использующий корпоративную мобильную связь, обязан отвечать на входящие телефонные звонки в течение рабочего дня, а также в период отпуска или временной нетрудоспособности в целях обеспечения оперативной связи. За несоблюдение данного пункта к сотруднику может быть применено дисциплинарное взыскание."
15,Есть ли ограничения по сроку хранения отходов?,114,0.6389,0.0,0.64,0.0,6 Премирование
15,Есть ли ограничения по сроку хранения отходов?,115,0.633,0.0,0.63,0.0,7.14
15,Есть ли ограничения по сроку хранения отходов?,116,0.6311,0.0,0.63,0.0,"6.4 Невыполнение приказов, указаний и распоряжений по Институту."
15,Есть ли ограничения по сроку хранения отходов?,117,0.6305,0.0,0.63,0.0,"5.4 В случае перевода на дистанционную работу по инициативе работника, необходимо предоставить заявление заверенное личной подписью, с указанием основания для перевода на дистанционную работу, дату планируемого перевода, а также характер перевода: временный или постоянный."
15,Есть ли ограничения по сроку хранения отходов?,118,0.6278,0.0,0.63,0.0,4.5 Вносить предложения по улучшениям ИСМ.
15,Есть ли ограничения по сроку хранения отходов?,119,0.6275,0.0,0.63,0.0,4 Персонал
15,Есть ли ограничения по сроку хранения отходов?,120,0.6237,0.0,0.62,0.0,СОГЛАСОВАНО:
15,Есть ли ограничения по сроку хранения отходов?,121,0.8215,0.82,0.0,0.8,8 Требования к транспортированию отходов
15,Есть ли ограничения по сроку хранения отходов?,122,0.8166,0.82,0.0,0.8,6 Порядок накопления отходов
15,Есть ли ограничения по сроку хранения отходов?,123,0.8166,0.82,0.0,0.8,6 Порядок накопления отходов
15,Есть ли ограничения по сроку хранения отходов?,124,0.8142,0.81,0.0,0.5,"4 Термины, обозначения, сокращения"
15,Есть ли ограничения по сроку хранения отходов?,125,0.8135,0.81,0.0,0.79,7 Порядок учета отходов
15,Есть ли ограничения по сроку хранения отходов?,126,0.8012,0.8,0.0,0.74,3 Нормативные ссылки
15,Есть ли ограничения по сроку хранения отходов?,127,0.7991,0.8,0.0,0.8,9 Требования к передаче отходов сторонним специализированным организациям
15,Есть ли ограничения по сроку хранения отходов?,128,0.8147,0.77,0.0,0.81,10 Безопасное обращение с отходами
15,Есть ли ограничения по сроку хранения отходов?,129,0.7669,0.74,0.0,0.77,1 Назначение
15,Есть ли ограничения по сроку хранения отходов?,130,0.7436,0.72,0.0,0.74,Инструкция о порядке обращения с отходами производства и потребления АО «ВолгоградНИПИнефть» «ИН-01-ПОО»
15,Есть ли ограничения по сроку хранения отходов?,131,0.6957,0.7,0.0,0.66,Лист регистрации изменений
15,Есть ли ограничения по сроку хранения отходов?,132,0.7888,0.67,0.0,0.79,11 Контроль
15,Есть ли ограничения по сроку хранения отходов?,133,0.7593,0.67,0.0,0.76,12 Ответственность
15,Есть ли ограничения по сроку хранения отходов?,134,0.7887,0.67,0.0,0.79,5 Основные положения
15,Есть ли ограничения по сроку хранения отходов?,135,0.6672,0.67,0.51,0.65,СОГЛАСОВАНО:
15,Есть ли ограничения по сроку хранения отходов?,136,0.6665,0.66,0.0,0.67,2 Область применения
16,Кто такой федеральный оператор в контексте отходов?,1,0.7942,0.79,0.5,0.78,8.1 Деятельность по транспортированию отходов II класса
16,Кто такой федеральный оператор в контексте отходов?,2,0.7991,0.79,0.0,0.8,9.1 Отходы II класса опасности передаются только Федеральному оператору по обращению с отходами I и II классов опасности или привлеченному им оператору по обращению с отходами I и II классов опасности на основании заключенного договора
16,Кто такой федеральный оператор в контексте отходов?,3,0.7832,0.78,0.0,0.75,11.3 За передачу отходов сторонним организациям отвечают ОВЭО и заместитель генерального директора по общим вопросам.
16,Кто такой федеральный оператор в контексте отходов?,4,0.7615,0.76,0.0,0.76,7.1 Обращение с отходами контролируется ОВЭО и заместителем генерального директора по общим вопросам.
16,Кто такой федеральный оператор в контексте отходов?,5,0.759,0.76,0.0,0.0,"4 Термины, обозначения, сокращения"
16,Кто такой федеральный оператор в контексте отходов?,6,0.7578,0.76,0.0,0.74,5.3 Согласно Федеральному закону РФ «Об отходах производства и потребления» все подразделения Института обязаны:
16,Кто такой федеральный оператор в контексте отходов?,7,0.7562,0.76,0.0,0.75,"12.2 За нарушение учета образования, накопления и передачи отходов, за несвоевременное  заключение  договоров  на  утилизацию,  обезвреживание  и/или размещение отходов и их выполнение отвечают ОВЭО и заместитель генерального директора по общим вопросам."
16,Кто такой федеральный оператор в контексте отходов?,8,0.7464,0.75,0.0,0.72,3 Нормативные ссылки
16,Кто такой федеральный оператор в контексте отходов?,9,0.7455,0.75,0.5,0.7,6 Порядок накопления отходов
16,Кто такой федеральный оператор в контексте отходов?,10,0.7455,0.75,0.5,0.71,6 Порядок накопления отходов
16,Кто такой федеральный оператор в контексте отходов?,11,0.7315,0.73,0.0,0.69,"7.1 Государственный надзор и контроль за организацией работы по маркшейдерскому обеспечению и соблюдением правил выполнения маркшейдерских работ при проектировании, строительстве, эксплуатации, консервации и ликвидации объектов нефтегазодобывающей отрасли, утвержденных в установленном порядке требований (правил и норм) по безопасному ведению горных работ, предупреждению и устранению их вредного влияния на население, окружающую природную среду, объекты народного хозяйства осуществляют органы Федеральной службы по"
16,Кто такой федеральный оператор в контексте отходов?,12,0.7379,0.73,0.5,0.74,"10.1 Персонал, занятый накоплением и передачей отходов сторонним организациям, должен быть обучен правилам безопасности по обращению с отходами в объеме настоящей инструкции и инструкции по охране труда и промышленной безопасности  по  данному  рабочему  месту  и  несет  личную  ответственность  за соблюдение определенных в них требований безопасности."
16,Кто такой федеральный оператор в контексте отходов?,13,0.7174,0.72,0.0,0.0,Список сотрудников ответственных за внешние поставки
16,Кто такой федеральный оператор в контексте отходов?,14,0.7234,0.72,0.0,0.72,1 Назначение
16,Кто такой федеральный оператор в контексте отходов?,15,0.7157,0.72,0.0,0.0,Тендер
16,Кто такой федеральный оператор в контексте отходов?,16,0.7137,0.71,0.0,0.0,"Первый экземпляр остается в УФО, заносится в электронный реестр договоров, распечатыва- ется и хранится в папке «Расход- ные договоры»"
16,Кто такой федеральный оператор в контексте отходов?,17,0.7135,0.71,0.0,0.67,Приложение 3. Перечень программного обеспечения
16,Кто такой федеральный оператор в контексте отходов?,18,0.7111,0.71,0.0,0.68,4.2 Применяемые сокращения :
16,Кто такой федеральный оператор в контексте отходов?,19,0.7101,0.71,0.0,0.69,4.2 Функции ответственного по ведению экологической отчетности:
16,Кто такой федеральный оператор в контексте отходов?,20,0.7081,0.71,0.51,0.68,7.1 Утвержденные изменения в процедуру вносятся уполномоченным по ИСМ или Ответственным по ведению экологической отчетности.
16,Кто такой федеральный оператор в контексте отходов?,21,0.7047,0.7,0.52,0.69,5.4 Идентификация видов воздействия экологических аспектов на ОС
16,Кто такой федеральный оператор в контексте отходов?,22,0.7029,0.7,0.0,0.0,6.2 Формирование ТП.
16,Кто такой федеральный оператор в контексте отходов?,23,0.7028,0.7,0.0,0.67,5.2 Права ответственного по ведению экологической отчетности:
16,Кто такой федеральный оператор в контексте отходов?,24,0.7016,0.7,0.0,0.0,4.2 Внешний доступ.
16,Кто такой федеральный оператор в контексте отходов?,25,0.7008,0.7,0.5,0.0,"5.4 Сотрудник, использующий корпоративную мобильную связь, обязан самостоятельно отслеживать остатки трафика по выбранному абонентскому тарифу оператора и своевременно сообщать ответственном лицу для изменения тарифа в пределах установленного лимита."
16,Кто такой федеральный оператор в контексте отходов?,26,0.6999,0.7,0.0,0.68,4.1 Термины.
16,Кто такой федеральный оператор в контексте отходов?,27,0.6991,0.7,0.0,0.67,"1.14 Комплект обязательной горно-графической маркшейдерско-геодезической документации при проектировании, консервации, ликвидации объектов выполненной Обществом для Заказчика в нефтегазодобывающей, нефтегазотранспортной или нефтегазоперерабатывающей отраслях подлежит постоянному хранению в архиве ЗАО «ВолгоградНИПИнефть», в Государственных Архивных фондах Российской Федерации. Порядок учета, хранения и пользования документацией регламентируется установленными требованиями."
16,Кто такой федеральный оператор в контексте отходов?,28,0.6988,0.7,0.0,0.0,8.1 Составление и согласование документа исполнителем.
16,Кто такой федеральный оператор в контексте отходов?,29,0.6984,0.7,0.0,0.0,4 Термины и сокращения
16,Кто такой федеральный оператор в контексте отходов?,30,0.6974,0.7,0.0,0.0,3.2 Применяемые сокращения:
16,Кто такой федеральный оператор в контексте отходов?,31,0.6958,0.7,0.0,0.0,Итоговый реестр существенных экологических аспектов
16,Кто такой федеральный оператор в контексте отходов?,32,0.6958,0.7,0.0,0.0,"2.3 Организация и осуществление, совместно с геологической и другими службами (как Общества, так и Заказчика), контроля за правильностью разработки месторождений и пользования недрами, и за выполнением требований связанных с охраной недр."
16,Кто такой федеральный оператор в контексте отходов?,33,0.6954,0.7,0.0,0.0,Проект горного отвода для всех видов полезных ископаемых
16,Кто такой федеральный оператор в контексте отходов?,34,0.6953,0.7,0.0,0.67,"5.7 Ответственность за своевременное формирование пакета документации, содержащей ТП, с учетом всех требований компании, объявившей конкурс, и своевременное предоставление пакета документов в приемную для отправки адресату, возлагается на ОИ."
16,Кто такой федеральный оператор в контексте отходов?,35,0.695,0.7,0.0,0.0,История документа
16,Кто такой федеральный оператор в контексте отходов?,36,0.6948,0.69,0.0,0.0,"Порядок приемки, регистрации и архивирования источников информации."
16,Кто такой федеральный оператор в контексте отходов?,37,0.7069,0.0,0.0,0.71,Общие положения
16,Кто такой федеральный оператор в контексте отходов?,38,0.6988,0.0,0.0,0.7,ИН-01-ПОО
16,Кто такой федеральный оператор в контексте отходов?,39,0.6988,0.0,0.0,0.7,Инструкция о порядке обращения с отходами производства и потребления АО «ВолгоградНИПИнефть» «ИН-01-ПОО»
16,Кто такой федеральный оператор в контексте отходов?,40,0.6928,0.0,0.0,0.69,1 Общие положения
16,Кто такой федеральный оператор в контексте отходов?,41,0.6875,0.0,0.0,0.69,С производственными службами Заказчика по строительству и обустройству месторождений:
16,Кто такой федеральный оператор в контексте отходов?,42,0.6838,0.0,0.0,0.68,1 Общие положения
16,Кто такой федеральный оператор в контексте отходов?,43,0.6826,0.0,0.0,0.68,Приложение 4. Перечень программного обеспечения отдела
16,Кто такой федеральный оператор в контексте отходов?,44,0.6815,0.0,0.0,0.68,О группе охраны окружающей среды отдела бурения и «ПЛ-12-ГООС»
16,Кто такой федеральный оператор в контексте отходов?,45,0.6815,0.0,0.0,0.68,ПЛ-12 -ГООС
16,Кто такой федеральный оператор в контексте отходов?,46,0.6802,0.0,0.0,0.68,10 Завершающая стадия
16,Кто такой федеральный оператор в контексте отходов?,47,0.6791,0.0,0.0,0.68,"7 Порядок действий при внешних поставках для осуществления работ по договорам в офисе Института и внешних поставках, связанных с развитием инфраструктуры и материальных ресурсов Института"
16,Кто такой федеральный оператор в контексте отходов?,48,0.6789,0.0,0.0,0.68,1 Общие положения
16,Кто такой федеральный оператор в контексте отходов?,49,0.6788,0.0,0.0,0.68,СОГЛАСОВАНО:
16,Кто такой федеральный оператор в контексте отходов?,50,0.6781,0.0,0.0,0.68,1 Назначение
16,Кто такой федеральный оператор в контексте отходов?,51,0.6774,0.0,0.0,0.68,3 ОСНОВНЫЕ ФУНКЦИИ МАРКШЕЙДЕРСКО-ГЕОДЕЗИЧЕСКОЙ СЛУЖБЫ
16,Кто такой федеральный оператор в контексте отходов?,52,0.6768,0.0,0.0,0.68,3 Задачи
16,Кто такой федеральный оператор в контексте отходов?,53,0.6767,0.0,0.0,0.68,СОГЛАСОВАНО:
16,Кто такой федеральный оператор в контексте отходов?,54,0.6759,0.0,0.0,0.68,8 Контроль и приемка камеральных работ
16,Кто такой федеральный оператор в контексте отходов?,55,0.673,0.0,0.0,0.67,ПЛ-07-УИСМ
16,Кто такой федеральный оператор в контексте отходов?,56,0.673,0.0,0.0,0.67,ПОЛОЖЕНИЕ об уполномоченном по интегрированной системе менеджмента в отделе геологии «ПЛ-07-УИСМ»
16,Кто такой федеральный оператор в контексте отходов?,57,0.6726,0.0,0.0,0.67,5 Ответственность
16,Кто такой федеральный оператор в контексте отходов?,58,0.6725,0.0,0.51,0.67,"7 Материальная ответственность работника, использующего корпоративную SIM-карту и корпоративный мобильный аппарат"
16,Кто такой федеральный оператор в контексте отходов?,59,0.6722,0.0,0.0,0.67,1 ОБЩИЕ ПОЛОЖЕНИЯ
16,Кто такой федеральный оператор в контексте отходов?,60,0.6721,0.0,0.0,0.67,Приложение 5. Перечень программного обеспечения отдела
16,Кто такой федеральный оператор в контексте отходов?,61,0.672,0.0,0.0,0.67,2 Область применения
16,Кто такой федеральный оператор в контексте отходов?,62,0.672,0.0,0.0,0.67,1 Общие положения
16,Кто такой федеральный оператор в контексте отходов?,63,0.6716,0.0,0.0,0.67,2 Квалификационные требования
16,Кто такой федеральный оператор в контексте отходов?,64,0.6708,0.0,0.0,0.67,3 Нормативные ссылки
16,Кто такой федеральный оператор в контексте отходов?,65,0.6703,0.0,0.0,0.67,2 Квалификационные требования
16,Кто такой федеральный оператор в контексте отходов?,66,0.6703,0.0,0.0,0.67,7 Приемка материалов по окончании полевых работ
16,Кто такой федеральный оператор в контексте отходов?,67,0.67,0.0,0.0,0.67,3 Обязанности
16,Кто такой федеральный оператор в контексте отходов?,68,0.6695,0.0,0.0,0.67,2 Структура
16,Кто такой федеральный оператор в контексте отходов?,69,0.6693,0.0,0.0,0.67,"8 Иные положения, связанные с организацией труда дистанционных работников"
16,Кто такой федеральный оператор в контексте отходов?,70,0.6692,0.0,0.0,0.67,Приложение Б. Информационный лист проекта
16,Кто такой федеральный оператор в контексте отходов?,71,0.6682,0.0,0.0,0.67,5 Правила работы с файлами
16,Кто такой федеральный оператор в контексте отходов?,72,0.668,0.0,0.0,0.67,"6 Оценка, выбор и переоценка поставщиков."
16,Кто такой федеральный оператор в контексте отходов?,73,0.668,0.0,0.0,0.67,СОГЛАСОВАНО:
16,Кто такой федеральный оператор в контексте отходов?,74,0.6677,0.0,0.0,0.67,2 Область применения
16,Кто такой федеральный оператор в контексте отходов?,75,0.6676,0.0,0.0,0.67,Положения:
16,Кто такой федеральный оператор в контексте отходов?,76,0.6673,0.0,0.0,0.67,3 Задачи
16,Кто такой федеральный оператор в контексте отходов?,77,0.6669,0.0,0.0,0.67,12 Перечень нормативных документов по контролю качества выпускаемой продукции
16,Кто такой федеральный оператор в контексте отходов?,78,0.6665,0.0,0.0,0.67,5 Идентификация всех возможных экологических аспектов
16,Кто такой федеральный оператор в контексте отходов?,79,0.666,0.0,0.0,0.67,5 Ответственности
16,Кто такой федеральный оператор в контексте отходов?,80,0.666,0.0,0.0,0.67,Главный маркшейдер - начальник отдела инженерных изысканий МГС соответственно обеспечивает:
16,Кто такой федеральный оператор в контексте отходов?,81,0.6657,0.0,0.0,0.67,ПЛ-01-НК
16,Кто такой федеральный оператор в контексте отходов?,82,0.6657,0.0,0.0,0.67,ПОЛОЖЕНИЕ О нормоконтроле проектно-сметной и отчетной документации «ПЛ-01-НК»
16,Кто такой федеральный оператор в контексте отходов?,83,0.6655,0.0,0.0,0.67,1 Назначение
16,Кто такой федеральный оператор в контексте отходов?,84,0.6648,0.0,0.0,0.66,"6 Обязанности и права специалиста, осуществляющего нормоконтроль"
16,Кто такой федеральный оператор в контексте отходов?,85,0.6648,0.0,0.0,0.66,ИНСТРУКЦИЯ Внешние поставки «ИН-01-ВП»
16,Кто такой федеральный оператор в контексте отходов?,86,0.6648,0.0,0.0,0.66,ИН-01-ВП
16,Кто такой федеральный оператор в контексте отходов?,87,0.6647,0.0,0.0,0.66,3 Обязанности
16,Кто такой федеральный оператор в контексте отходов?,88,0.6641,0.0,0.0,0.66,2 Оборудование
16,Кто такой федеральный оператор в контексте отходов?,89,0.664,0.0,0.0,0.66,6 Порядок обеспечения дистанционных работников необходимым оборудованием и иными средствами
16,Кто такой федеральный оператор в контексте отходов?,90,0.6639,0.0,0.0,0.66,5 Ответственность
16,Кто такой федеральный оператор в контексте отходов?,91,0.5041,0.0,0.5,0.0,"3.1 Корпоративная  мобильная  связь -  совокупность  услуг  мобильной  связи, предоставляемых оператором мобильной связи на основании договора, заключенного с Институтом, и используемых сотрудниками Института."
16,Кто такой федеральный оператор в контексте отходов?,92,0.5028,0.0,0.5,0.0,"1.10 Ответственное лицо представляет интересы Института перед оператором мобильной связи (получает/аннулирует и переоформляет SIM -карты, изменяет тарифы, доп. услуги и т.п.)."
16,Кто такой федеральный оператор в контексте отходов?,93,0.5018,0.0,0.5,0.0,"6.1 В качестве документального подтверждения расходов на корпоративную мобильную связь ответственное лицо организует получение от оператора, предоставляющего мобильную связь, детализации звонков по всем корпоративным номерам, используемым в Институте."
16,Кто такой федеральный оператор в контексте отходов?,94,0.7991,0.77,0.0,0.8,9 Требования к передаче отходов сторонним специализированным организациям
16,Кто такой федеральный оператор в контексте отходов?,95,0.7595,0.76,0.0,0.76,7 Порядок учета отходов
16,Кто такой федеральный оператор в контексте отходов?,96,0.759,0.76,0.0,0.5,"4 Термины, обозначения, сокращения"
16,Кто такой федеральный оператор в контексте отходов?,97,0.782,0.76,0.0,0.78,8 Требования к транспортированию отходов
16,Кто такой федеральный оператор в контексте отходов?,98,0.7464,0.75,0.0,0.72,3 Нормативные ссылки
16,Кто такой федеральный оператор в контексте отходов?,99,0.7455,0.75,0.0,0.7,6 Порядок накопления отходов
16,Кто такой федеральный оператор в контексте отходов?,100,0.7455,0.75,0.0,0.71,6 Порядок накопления отходов
16,Кто такой федеральный оператор в контексте отходов?,101,0.7234,0.72,0.0,0.72,1 Назначение
16,Кто такой федеральный оператор в контексте отходов?,102,0.7379,0.71,0.0,0.74,10 Безопасное обращение с отходами
16,Кто такой федеральный оператор в контексте отходов?,103,0.6988,0.68,0.0,0.7,Инструкция о порядке обращения с отходами производства и потребления АО «ВолгоградНИПИнефть» «ИН-01-ПОО»
16,Кто такой федеральный оператор в контексте отходов?,104,0.7471,0.66,0.0,0.75,12 Ответственность
16,Кто такой федеральный оператор в контексте отходов?,105,0.7477,0.65,0.0,0.75,11 Контроль
16,Кто такой федеральный оператор в контексте отходов?,106,0.6432,0.64,0.0,0.63,СОГЛАСОВАНО:
16,Кто такой федеральный оператор в контексте отходов?,107,0.642,0.64,0.0,0.6,Лист регистрации изменений
16,Кто такой федеральный оператор в контексте отходов?,108,0.7365,0.64,0.0,0.74,5 Основные положения
16,Кто такой федеральный оператор в контексте отходов?,109,0.6246,0.61,0.0,0.62,2 Область применения
17,Кто отвечает за ведение учета отходов?,1,0.837,0.84,0.0,0.81,7 Порядок учета отходов
17,Кто отвечает за ведение учета отходов?,2,0.8275,0.83,0.0,0.83,"12.2 За нарушение учета образования, накопления и передачи отходов, за несвоевременное  заключение  договоров  на  утилизацию,  обезвреживание  и/или размещение отходов и их выполнение отвечают ОВЭО и заместитель генерального директора по общим вопросам."
17,Кто отвечает за ведение учета отходов?,3,0.8274,0.83,0.0,0.83,11.3 За передачу отходов сторонним организациям отвечают ОВЭО и заместитель генерального директора по общим вопросам.
17,Кто отвечает за ведение учета отходов?,4,0.8067,0.81,0.0,0.75,6 Порядок накопления отходов
17,Кто отвечает за ведение учета отходов?,5,0.8067,0.81,0.0,0.74,6 Порядок накопления отходов
17,Кто отвечает за ведение учета отходов?,6,0.8043,0.8,0.0,0.78,8 Требования к транспортированию отходов
17,Кто отвечает за ведение учета отходов?,7,0.8027,0.8,0.0,0.78,9 Требования к передаче отходов сторонним специализированным организациям
17,Кто отвечает за ведение учета отходов?,8,0.8003,0.8,0.0,0.79,5.3 Согласно Федеральному закону РФ «Об отходах производства и потребления» все подразделения Института обязаны:
17,Кто отвечает за ведение учета отходов?,9,0.8095,0.8,0.0,0.81,"10.1 Персонал, занятый накоплением и передачей отходов сторонним организациям, должен быть обучен правилам безопасности по обращению с отходами в объеме настоящей инструкции и инструкции по охране труда и промышленной безопасности  по  данному  рабочему  месту  и  несет  личную  ответственность  за соблюдение определенных в них требований безопасности."
17,Кто отвечает за ведение учета отходов?,10,0.7862,0.79,0.0,0.0,"4 Термины, обозначения, сокращения"
17,Кто отвечает за ведение учета отходов?,11,0.7851,0.79,0.0,0.76,3 Нормативные ссылки
17,Кто отвечает за ведение учета отходов?,12,0.7777,0.78,0.0,0.74,5.2 Права ответственного по ведению экологической отчетности:
17,Кто отвечает за ведение учета отходов?,13,0.7749,0.77,0.0,0.74,"7.1 Государственный надзор и контроль за организацией работы по маркшейдерскому обеспечению и соблюдением правил выполнения маркшейдерских работ при проектировании, строительстве, эксплуатации, консервации и ликвидации объектов нефтегазодобывающей отрасли, утвержденных в установленном порядке требований (правил и норм) по безопасному ведению горных работ, предупреждению и устранению их вредного влияния на население, окружающую природную среду, объекты народного хозяйства осуществляют органы Федеральной службы по"
17,Кто отвечает за ведение учета отходов?,14,0.7722,0.77,0.0,0.76,4.2 Функции ответственного по ведению экологической отчетности:
17,Кто отвечает за ведение учета отходов?,15,0.7699,0.77,0.0,0.72,Отдел несет ответственность за:
17,Кто отвечает за ведение учета отходов?,16,0.7699,0.77,0.68,0.74,Отдел несет ответственность за:
17,Кто отвечает за ведение учета отходов?,17,0.7672,0.77,0.0,0.0,1.9 Контроль над исполнением настоящего Положения возлагается на учетно-финансовый отдел с назначением ответственного лица.
17,Кто отвечает за ведение учета отходов?,18,0.7664,0.77,0.0,0.76,"5.2 Ответственность за изучение, анализ, сбор, подготовку, хранение информации о проводимых тендерах возлагается на ОИ соответствующего производственного подразделения, в случае его отсутствия - на сотрудника назначенного НО."
17,Кто отвечает за ведение учета отходов?,19,0.7883,0.76,0.79,0.73,7.1 Утвержденные изменения в процедуру вносятся уполномоченным по ИСМ или Ответственным по ведению экологической отчетности.
17,Кто отвечает за ведение учета отходов?,20,0.7598,0.76,0.0,0.0,"3.7 Ответственность за полноту и качество обработки документов (сохранение и регистрацию) несет начальник отдела, получивший информацию."
17,Кто отвечает за ведение учета отходов?,21,0.7589,0.76,0.0,0.73,5 Ответственность
17,Кто отвечает за ведение учета отходов?,22,0.7568,0.76,0.0,0.74,2.5 Один из сотрудников группы назначается ответственным по ведению экологической отчетности приказом генерального директора.
17,Кто отвечает за ведение учета отходов?,23,0.7892,0.76,0.0,0.79,1 Назначение
17,Кто отвечает за ведение учета отходов?,24,0.7567,0.76,0.0,0.0,Список сотрудников ответственных за внешние поставки
17,Кто отвечает за ведение учета отходов?,25,0.7558,0.76,0.0,0.0,6 ОТВЕТСТВЕННОСТЬ
17,Кто отвечает за ведение учета отходов?,26,0.753,0.75,0.0,0.0,6.1 Группа несет ответственность за:
17,Кто отвечает за ведение учета отходов?,27,0.753,0.75,0.0,0.73,6 Ответственность
17,Кто отвечает за ведение учета отходов?,28,0.7505,0.75,0.0,0.0,"8 Мониторинг, измерения, анализ и оценивание"
17,Кто отвечает за ведение учета отходов?,29,0.7481,0.75,0.0,0.0,Ответственность работников за нарушение трудовой дисциплины
17,Кто отвечает за ведение учета отходов?,30,0.7471,0.75,0.0,0.73,"2.3 Должностных лиц, ответственных за своевременную отправку адресату пакета документации, содержащей ТП"
17,Кто отвечает за ведение учета отходов?,31,0.7469,0.75,0.0,0.0,Функциональные обязанности руководителя работ
17,Кто отвечает за ведение учета отходов?,32,0.7477,0.75,0.0,0.75,1.2 Обязанности Уполномоченного по ИСМ возлагаются начальником отдела геологии на сотрудника отдела.
17,Кто отвечает за ведение учета отходов?,33,0.745,0.74,0.0,0.0,"2.3 Организация и осуществление, совместно с геологической и другими службами (как Общества, так и Заказчика), контроля за правильностью разработки месторождений и пользования недрами, и за выполнением требований связанных с охраной недр."
17,Кто отвечает за ведение учета отходов?,34,0.773,0.74,0.0,0.77,"1.4 Ответственность за сохранность собственности заказчика несет начальник отдела, инициировавшего получение документа."
17,Кто отвечает за ведение учета отходов?,35,0.7429,0.74,0.0,0.72,"1.6 Структура и штат МГС устанавливается исходя из необходимости своевременного, качественного и в установленные требованиями нормативных документов сроки выполнения комплекса маркшейдерских работ, необходимого при проектировании, строительстве, эксплуатации, реконструкции, консервации и ликвидации объектов нефтегазовой отрасли, с учетом видов полезного ископаемого, геологического строения месторождения, горнотехнических и гидрогеологических факторов, объемов и технологии ведения горных, строительно-монтажных и строительных работ, площади горного и земельного отводов, их застроенности и климатических условий региона. Численность МГС определяется в соответствии с методикой, которую утверждает генеральный директор Общества по согласованию с Федеральной службой по экологическому, технологическому и атомному надзору, либо его территориальном органом. На руководителя Общества возлагается ответственность за укомплектование отдела необходимым штатом инженернотехнических работников и рабочих, обеспечение ее специально оборудованными помещениями, автотранспортом, инструментами, приборами и материалами, и современной вычислительной техникой (персональными компьютерами с необходимыми программным обеспечением, средствами измерения и контроля, графопостроителями и др.)."
17,Кто отвечает за ведение учета отходов?,36,0.7425,0.74,0.0,0.72,"7.9 Работодатель обязан вести учет рабочего времени, фактически отработанного каждым сотрудником."
17,Кто отвечает за ведение учета отходов?,37,0.7524,0.0,0.0,0.75,ИН-01-ПОО
17,Кто отвечает за ведение учета отходов?,38,0.7524,0.0,0.0,0.75,Инструкция о порядке обращения с отходами производства и потребления АО «ВолгоградНИПИнефть» «ИН-01-ПОО»
17,Кто отвечает за ведение учета отходов?,39,0.7485,0.0,0.0,0.75,1 Назначение
17,Кто отвечает за ведение учета отходов?,40,0.7471,0.0,0.0,0.75,3 Задачи
17,Кто отвечает за ведение учета отходов?,41,0.7411,0.0,0.0,0.74,3 Обязанности
17,Кто отвечает за ведение учета отходов?,42,0.7411,0.0,0.0,0.74,5 Ответственности
17,Кто отвечает за ведение учета отходов?,43,0.7406,0.0,0.0,0.74,5 Ответственность
17,Кто отвечает за ведение учета отходов?,44,0.7399,0.0,0.0,0.74,3 Обязанности
17,Кто отвечает за ведение учета отходов?,45,0.7397,0.0,0.0,0.74,3 Задачи
17,Кто отвечает за ведение учета отходов?,46,0.8895,0.0,0.89,0.74,6 Ответственность
17,Кто отвечает за ведение учета отходов?,47,0.7376,0.0,0.0,0.74,1 Общие положения
17,Кто отвечает за ведение учета отходов?,48,0.8458,0.0,0.85,0.74,"7 Ответственность за разглашение конфиденциальной информации, связанной с персональными данными"
17,Кто отвечает за ведение учета отходов?,49,0.7367,0.0,0.0,0.74,6 Ответственность
17,Кто отвечает за ведение учета отходов?,50,0.7342,0.0,0.0,0.73,1 Общие положения
17,Кто отвечает за ведение учета отходов?,51,0.7612,0.0,0.76,0.73,3 Обязанности
17,Кто отвечает за ведение учета отходов?,52,0.7308,0.0,0.0,0.73,7 Управление входящей документацией
17,Кто отвечает за ведение учета отходов?,53,0.7306,0.0,0.0,0.73,ПЛ-01-НК
17,Кто отвечает за ведение учета отходов?,54,0.7306,0.0,0.0,0.73,ПОЛОЖЕНИЕ О нормоконтроле проектно-сметной и отчетной документации «ПЛ-01-НК»
17,Кто отвечает за ведение учета отходов?,55,0.7303,0.0,0.0,0.73,6 Ответственность
17,Кто отвечает за ведение учета отходов?,56,0.7285,0.0,0.0,0.73,8 Контроль и приемка камеральных работ
17,Кто отвечает за ведение учета отходов?,57,0.7285,0.0,0.0,0.73,3 ОСНОВНЫЕ ФУНКЦИИ МАРКШЕЙДЕРСКО-ГЕОДЕЗИЧЕСКОЙ СЛУЖБЫ
17,Кто отвечает за ведение учета отходов?,58,0.7284,0.0,0.0,0.73,1 Общие положения
17,Кто отвечает за ведение учета отходов?,59,0.7283,0.0,0.0,0.73,5 Идентификация всех возможных экологических аспектов
17,Кто отвечает за ведение учета отходов?,60,0.7274,0.0,0.0,0.73,ПЛ-07-УИСМ
17,Кто отвечает за ведение учета отходов?,61,0.7274,0.0,0.0,0.73,ПОЛОЖЕНИЕ об уполномоченном по интегрированной системе менеджмента в отделе геологии «ПЛ-07-УИСМ»
17,Кто отвечает за ведение учета отходов?,62,0.7533,0.0,0.75,0.73,3 Нормативные ссылки
17,Кто отвечает за ведение учета отходов?,63,0.7259,0.0,0.0,0.73,5 Идентификация всех возможных экологических аспектов
17,Кто отвечает за ведение учета отходов?,64,0.7255,0.0,0.0,0.73,3 Задачи
17,Кто отвечает за ведение учета отходов?,65,0.7255,0.0,0.0,0.73,Приложение 4. График документооборота АО «ВолгоградНИПИнефть»
17,Кто отвечает за ведение учета отходов?,66,0.7255,0.0,0.0,0.73,СОГЛАСОВАНО:
17,Кто отвечает за ведение учета отходов?,67,0.7249,0.0,0.0,0.72,Главный маркшейдер - начальник отдела инженерных изысканий МГС соответственно обеспечивает:
17,Кто отвечает за ведение учета отходов?,68,0.7243,0.0,0.0,0.72,СОГЛАСОВАНО:
17,Кто отвечает за ведение учета отходов?,69,0.7228,0.0,0.0,0.72,С отделом проектирования разработки нефтяных и газовых месторождений Общества:
17,Кто отвечает за ведение учета отходов?,70,0.7219,0.0,0.0,0.72,4 Функции
17,Кто отвечает за ведение учета отходов?,71,0.7216,0.0,0.0,0.72,Приложение Г
17,Кто отвечает за ведение учета отходов?,72,0.7214,0.0,0.0,0.72,О группе охраны окружающей среды отдела бурения и «ПЛ-12-ГООС»
17,Кто отвечает за ведение учета отходов?,73,0.7214,0.0,0.0,0.72,ПЛ-12 -ГООС
17,Кто отвечает за ведение учета отходов?,74,0.7214,0.0,0.0,0.72,СОГЛАСОВАНО:
17,Кто отвечает за ведение учета отходов?,75,0.7213,0.0,0.0,0.72,2 Область применения
17,Кто отвечает за ведение учета отходов?,76,0.7209,0.0,0.0,0.72,F:\\\\ !Шаблоны документов\\\\Бланки регистрации
17,Кто отвечает за ведение учета отходов?,77,0.7207,0.0,0.0,0.72,Сводный реестр экологических аспектов
17,Кто отвечает за ведение учета отходов?,78,0.7205,0.0,0.0,0.72,4 Функции
17,Кто отвечает за ведение учета отходов?,79,0.7202,0.0,0.0,0.72,4 Функции
17,Кто отвечает за ведение учета отходов?,80,0.8259,0.0,0.83,0.72,Приложение 4. Перечень документированной информации отдела
17,Кто отвечает за ведение учета отходов?,81,0.7198,0.0,0.0,0.72,3 Задачи
17,Кто отвечает за ведение учета отходов?,82,0.7196,0.0,0.0,0.72,Внутреннего трудового распорядка АО «ВолгоградНИПИнефть»
17,Кто отвечает за ведение учета отходов?,83,0.7194,0.0,0.0,0.72,6 Идентификация и оценка рисков
17,Кто отвечает за ведение учета отходов?,84,0.7192,0.0,0.0,0.72,2 Структура
17,Кто отвечает за ведение учета отходов?,85,0.7189,0.0,0.0,0.72,9 Составление технического отчета по выполненным работам
17,Кто отвечает за ведение учета отходов?,86,0.9161,0.0,0.92,0.0,"7.1 Работник несет ответственность за сохранность выданных ему средств корпоративной мобильной связи (SIM-карты, мобильного аппарата). В случае утери или неумышленной порчи средств корпоративной мобильной связи работник за счет личных денежных средств:"
17,Кто отвечает за ведение учета отходов?,87,0.9033,0.0,0.9,0.0,"Оформление договоров на выполнение работ, оказание услуг"
17,Кто отвечает за ведение учета отходов?,88,0.8654,0.0,0.87,0.0,6.2 Оценка существенности экологических аспектов по суммарному количеству баллов
17,Кто отвечает за ведение учета отходов?,89,0.8648,0.0,0.86,0.0,2 Определения и сокращения
17,Кто отвечает за ведение учета отходов?,90,0.8434,0.0,0.84,0.0,"4.3 При отсутствии у работника мобильного аппарата для пользования корпоративной мобильной связью, ему вместе с корпоративной SIM-картой может выдаваться корпоративный мобильный аппарат."
17,Кто отвечает за ведение учета отходов?,91,0.7985,0.0,0.8,0.0,8 Начисление и выплата заработной платы
17,Кто отвечает за ведение учета отходов?,92,0.7902,0.0,0.79,0.0,"5.1 Трудовой договор, дополнительное соглашение к трудовому договору, предусматривающие выполнение работником трудовой функции дистанционно, а также внесение изменений в эти договоры (дополнительные соглашения к трудовым договорам) и их расторжение могут заключаться путем обмена между работником (лицом, поступающим на работу) и работодателем электронными документами, а также путем личной подписи. В случае обмена между работником и работодателем электронного документооборота используются усиленная квалифицированная электронная подпись работодателя и усиленная квалифицированная электронная подпись или усиленная неквалифицированная электронная подпись работника в соответствии с законодательством Российской Федерации об электронной подписи."
17,Кто отвечает за ведение учета отходов?,93,0.7895,0.0,0.79,0.0,Приложение 2 Перечень внутренней документации ИСМ отдела
17,Кто отвечает за ведение учета отходов?,94,0.7833,0.0,0.78,0.0,Название документа
17,Кто отвечает за ведение учета отходов?,95,0.7793,0.0,0.78,0.0,Журнал авансовые платежи
17,Кто отвечает за ведение учета отходов?,96,0.7785,0.0,0.78,0.0,ПЛ-08-УИСМ
17,Кто отвечает за ведение учета отходов?,97,0.7714,0.0,0.77,0.0,4.3 Доведение плановых заданий (распоряжений) по договорам до руководителей подразделений Института.
17,Кто отвечает за ведение учета отходов?,98,0.7599,0.0,0.76,0.0,"Приложение 7. Выпуск продукции на 20__ г. на основании заключенных договоров, с НДС."
17,Кто отвечает за ведение учета отходов?,99,0.758,0.0,0.76,0.0,6.8 В этом случае дистанционному работнику выплачивается компенсация за использование принадлежащего ему или арендованного им оборудования. Размер компенсации согласовывается в трудовом договоре или в дополнительном соглашении генеральным директором.
17,Кто отвечает за ведение учета отходов?,100,0.7481,0.0,0.75,0.0,"Оплата счета (на аванс, за выполненные работы/оказанные услуги) по до-говору:"
17,Кто отвечает за ведение учета отходов?,101,0.7396,0.0,0.74,0.0,Основные данные документа
17,Кто отвечает за ведение учета отходов?,102,0.7358,0.0,0.74,0.0,ЗАЯВЛЕНИЕ
17,Кто отвечает за ведение учета отходов?,103,0.7334,0.0,0.73,0.0,4.4 Согласовывать внутреннюю документацию ИСМ Института до её утверждения.
17,Кто отвечает за ведение учета отходов?,104,0.7249,0.0,0.72,0.0,Идентификация экологических аспектов
17,Кто отвечает за ведение учета отходов?,105,0.717,0.0,0.72,0.0,8.1 Работодатель в целях обеспечения безопасных условий труда и охраны труда дистанционных работников в период выполнения ими трудовой функции дистанционно обеспечивает:
17,Кто отвечает за ведение учета отходов?,106,0.7133,0.0,0.71,0.0,1 Назначение
17,Кто отвечает за ведение учета отходов?,107,0.7098,0.0,0.71,0.0,Компьютерная справочная правовая система ГАРАНТ
17,Кто отвечает за ведение учета отходов?,108,0.6984,0.0,0.7,0.0,6.2 В случае превышения расходов на связь сверх установленного лимита удержание может не производится на основании согласованной с генеральным директором объяснительной записки. Данное исключение носит разовый характер и не влияет на изменение лимита в дальнейшем.
17,Кто отвечает за ведение учета отходов?,109,0.6897,0.0,0.69,0.0,Приложение 2. Перечень внутренней документации договорного отдела
17,Кто отвечает за ведение учета отходов?,110,0.689,0.0,0.69,0.0,2.3 Структуру и штатную численность Отдела утверждает генеральный директор Института исходя из условий и особенностей деятельности Института по представлению заместителя генерального директора по общим вопросам (см. Приложение 1).
17,Кто отвечает за ведение учета отходов?,111,0.6876,0.0,0.69,0.0,Сверхурочная работа
17,Кто отвечает за ведение учета отходов?,112,0.6845,0.0,0.68,0.0,Лист регистрации изменений
17,Кто отвечает за ведение учета отходов?,113,0.683,0.0,0.68,0.0,"5.6 Оплата счетов за услуги мобильной связи осуществляется бухгалтерией на основании договоров, заключенных Институтом с оператором мобильной связи."
17,Кто отвечает за ведение учета отходов?,114,0.6823,0.0,0.68,0.0,3 Метрологическое обеспечение
17,Кто отвечает за ведение учета отходов?,115,0.6784,0.0,0.68,0.0,Проект горного отвода для всех видов полезных ископаемых
17,Кто отвечает за ведение учета отходов?,116,0.6742,0.0,0.67,0.0,1 Назначение
17,Кто отвечает за ведение учета отходов?,117,0.6733,0.0,0.67,0.0,"1.2 Настоящее Положение разработано на основании статей Конституции РФ, Трудового Кодекса РФ, Кодекса об административных правонарушениях РФ, Гражданского Кодекса РФ, Уголовного Кодекса РФ, а также Федерального закона «Об информации, информатизации и защите информации»."
17,Кто отвечает за ведение учета отходов?,118,0.6633,0.0,0.66,0.0,"3.5 Передача персональных данных работника возможна только с согласия работника или в случаях, прямо предусмотренных законодательством"
17,Кто отвечает за ведение учета отходов?,119,0.6547,0.0,0.65,0.0,7 Приемка материалов по окончании полевых работ
17,Кто отвечает за ведение учета отходов?,120,0.6502,0.0,0.65,0.0,Обработка результатов измерений
17,Кто отвечает за ведение учета отходов?,121,0.6453,0.0,0.65,0.0,Рабочая инструкция «Структура каталога проекта»
17,Кто отвечает за ведение учета отходов?,122,0.645,0.0,0.64,0.0,7.7
17,Кто отвечает за ведение учета отходов?,123,0.6412,0.0,0.64,0.0,"3.3 Корпоративный мобильный аппарат -  беспроводной  цифровой телефонный аппарат стандарта GSM, принадлежащий Институту и выданный сотруднику  по  Акту  приема-передачи  для  пользования  корпоративной  мобильной связью."
17,Кто отвечает за ведение учета отходов?,124,0.6387,0.0,0.64,0.0,7.6 Режим рабочего времени и отдыха дистанционного работника устанавливается в трудовом договоре (дополнительном соглашении к трудовому договору). Режим рабочего времени дистанционного работника устанавливается с понедельника по пятницу с 9.00 до 18.00.
17,Кто отвечает за ведение учета отходов?,125,0.6377,0.0,0.64,0.0,"4.5 Разработка геологических разделов для проектов на ликвидацию, консервацию, расконсервацию (восстановление) скважин."
17,Кто отвечает за ведение учета отходов?,126,0.837,0.84,0.0,0.81,7 Порядок учета отходов
17,Кто отвечает за ведение учета отходов?,127,0.8067,0.81,0.0,0.75,6 Порядок накопления отходов
17,Кто отвечает за ведение учета отходов?,128,0.8067,0.81,0.0,0.74,6 Порядок накопления отходов
17,Кто отвечает за ведение учета отходов?,129,0.8043,0.8,0.0,0.78,8 Требования к транспортированию отходов
17,Кто отвечает за ведение учета отходов?,130,0.8027,0.8,0.0,0.78,9 Требования к передаче отходов сторонним специализированным организациям
17,Кто отвечает за ведение учета отходов?,131,0.7862,0.79,0.0,0.5,"4 Термины, обозначения, сокращения"
17,Кто отвечает за ведение учета отходов?,132,0.7851,0.79,0.0,0.76,3 Нормативные ссылки
17,Кто отвечает за ведение учета отходов?,133,0.8095,0.77,0.0,0.81,10 Безопасное обращение с отходами
17,Кто отвечает за ведение учета отходов?,134,0.8275,0.76,0.0,0.83,12 Ответственность
17,Кто отвечает за ведение учета отходов?,135,0.7892,0.76,0.0,0.79,1 Назначение
17,Кто отвечает за ведение учета отходов?,136,0.7524,0.73,0.51,0.75,Инструкция о порядке обращения с отходами производства и потребления АО «ВолгоградНИПИнефть» «ИН-01-ПОО»
17,Кто отвечает за ведение учета отходов?,137,0.8274,0.71,0.0,0.83,11 Контроль
17,Кто отвечает за ведение учета отходов?,138,0.7029,0.7,0.0,0.65,Лист регистрации изменений
17,Кто отвечает за ведение учета отходов?,139,0.7885,0.68,0.0,0.79,5 Основные положения
17,Кто отвечает за ведение учета отходов?,140,0.6788,0.68,0.0,0.66,СОГЛАСОВАНО:
17,Кто отвечает за ведение учета отходов?,141,0.6754,0.65,0.53,0.68,2 Область применения
18,Что делать после того как нашли новый тендер?,1,0.7746,0.77,0.0,0.77,6 Основные этапы подготовки ТП.
18,Что делать после того как нашли новый тендер?,2,0.7618,0.76,0.0,0.7,Организация договорной работы
18,Что делать после того как нашли новый тендер?,3,0.7618,0.76,0.0,0.0,Организация договорной работы
18,Что делать после того как нашли новый тендер?,4,0.7618,0.76,0.0,0.71,Организация договорной работы
18,Что делать после того как нашли новый тендер?,5,0.7587,0.76,0.0,0.75,ИН-01-ПТП
18,Что делать после того как нашли новый тендер?,6,0.7581,0.76,0.51,0.75,ИНСТРУКЦИЯ По подготовке тендерного предложения «ИН-01-ПТП»
18,Что делать после того как нашли новый тендер?,7,0.7538,0.75,0.52,0.74,Приложение 2 Исходные данные для составления смет.
18,Что делать после того как нашли новый тендер?,8,0.7503,0.75,0.0,0.0,решений
18,Что делать после того как нашли новый тендер?,9,0.7466,0.75,0.0,0.0,Приложение В
18,Что делать после того как нашли новый тендер?,10,0.7466,0.75,0.0,0.0,Приложение В
18,Что делать после того как нашли новый тендер?,11,0.7466,0.75,0.0,0.0,Приложение В
18,Что делать после того как нашли новый тендер?,12,0.7406,0.74,0.0,0.0,5 Бюджет командировки
18,Что делать после того как нашли новый тендер?,13,0.7373,0.74,0.0,0.0,Приложение А
18,Что делать после того как нашли новый тендер?,14,0.7373,0.74,0.0,0.0,Приложение А
18,Что делать после того как нашли новый тендер?,15,0.7512,0.74,0.0,0.75,1 Назначение.
18,Что делать после того как нашли новый тендер?,16,0.7339,0.73,0.0,0.0,Приложение Д
18,Что делать после того как нашли новый тендер?,17,0.7322,0.73,0.0,0.0,Приложение Б
18,Что делать после того как нашли новый тендер?,18,0.7315,0.73,0.0,0.72,6 Организация договорной работы
18,Что делать после того как нашли новый тендер?,19,0.7314,0.73,0.0,0.0,Приложение Б
18,Что делать после того как нашли новый тендер?,20,0.7314,0.73,0.0,0.0,Приложение Б
18,Что делать после того как нашли новый тендер?,21,0.7314,0.73,0.0,0.0,Приложение Б
18,Что делать после того как нашли новый тендер?,22,0.7298,0.73,0.0,0.0,"7 Выполнение работ, оказание услуг"
18,Что делать после того как нашли новый тендер?,23,0.7294,0.73,0.0,0.0,Приложение Г
18,Что делать после того как нашли новый тендер?,24,0.7294,0.73,0.0,0.0,Приложение Г
18,Что делать после того как нашли новый тендер?,25,0.7293,0.73,0.0,0.0,Приложение Д
18,Что делать после того как нашли новый тендер?,26,0.7272,0.73,0.0,0.0,Порядок работы
18,Что делать после того как нашли новый тендер?,27,0.7243,0.72,0.0,0.0,Размер материальной помощи
18,Что делать после того как нашли новый тендер?,28,0.7243,0.72,0.0,0.71,ЛИСТ СОГЛАСОВАНИЯ ДОГОВОРА
18,Что делать после того как нашли новый тендер?,29,0.7216,0.72,0.0,0.7,1 Назначение
18,Что делать после того как нашли новый тендер?,30,0.7216,0.72,0.0,0.0,1 Назначение
18,Что делать после того как нашли новый тендер?,31,0.7208,0.72,0.0,0.0,10 Порядок допуска к коммерческой тайне
18,Что делать после того как нашли новый тендер?,32,0.7411,0.72,0.0,0.74,6 Предпроектная проработка
18,Что делать после того как нашли новый тендер?,33,0.7199,0.72,0.0,0.0,7 Порядок отнесения сведений к коммерческой тайне
18,Что делать после того как нашли новый тендер?,34,0.7193,0.72,0.0,0.0,Таблица 1
18,Что делать после того как нашли новый тендер?,35,0.7171,0.72,0.0,0.0,Приложение 3. Перечень регламентированных процессов договорного отдела.
18,Что делать после того как нашли новый тендер?,36,0.7159,0.72,0.0,0.0,"8 Верификация поставленной продукции, работ (услуг)"
18,Что делать после того как нашли новый тендер?,37,0.7154,0.72,0.0,0.7,СОГЛАСОВАНО:
18,Что делать после того как нашли новый тендер?,38,0.7152,0.72,0.0,0.0,3 Нормативные ссылки
18,Что делать после того как нашли новый тендер?,39,0.7143,0.71,0.0,0.0,СОГЛАСОВАНО:
18,Что делать после того как нашли новый тендер?,40,0.7135,0.71,0.0,0.0,7 Порядок учета отходов
18,Что делать после того как нашли новый тендер?,41,0.7696,0.0,0.0,0.77,5 Ответственность.
18,Что делать после того как нашли новый тендер?,42,0.7632,0.0,0.0,0.76,3 Термины и сокращения.
18,Что делать после того как нашли новый тендер?,43,0.7625,0.0,0.0,0.76,Приложение 1 Перечень документированной информации
18,Что делать после того как нашли новый тендер?,44,0.7218,0.0,0.0,0.72,"11 Требования, предъявляемые к субподрядным организациям."
18,Что делать после того как нашли новый тендер?,45,0.7131,0.0,0.0,0.71,2 Область применения
18,Что делать после того как нашли новый тендер?,46,0.7121,0.0,0.0,0.71,5 Стадии выполнения работ
18,Что делать после того как нашли новый тендер?,47,0.7096,0.0,0.0,0.71,7 Стадия проектирования
18,Что делать после того как нашли новый тендер?,48,0.7089,0.0,0.0,0.71,5 Основные положения
18,Что делать после того как нашли новый тендер?,49,0.7078,0.0,0.0,0.71,Согласовано:
18,Что делать после того как нашли новый тендер?,50,0.7072,0.0,0.0,0.71,1 Назначение
18,Что делать после того как нашли новый тендер?,51,0.7063,0.0,0.0,0.71,3 Нормативные ссылки
18,Что делать после того как нашли новый тендер?,52,0.7062,0.0,0.0,0.71,Приложение В
18,Что делать после того как нашли новый тендер?,53,0.7044,0.0,0.0,0.7,2 Область применения
18,Что делать после того как нашли новый тендер?,54,0.7043,0.0,0.0,0.7,1 Назначение
18,Что делать после того как нашли новый тендер?,55,0.7036,0.0,0.0,0.7,9 Составление технического отчета по выполненным работам
18,Что делать после того как нашли новый тендер?,56,0.7035,0.0,0.0,0.7,2 Область применения
18,Что делать после того как нашли новый тендер?,57,0.7015,0.0,0.0,0.7,Приложение А
18,Что делать после того как нашли новый тендер?,58,0.7009,0.0,0.0,0.7,"7 Порядок действий при внешних поставках для осуществления работ по договорам в офисе Института и внешних поставках, связанных с развитием инфраструктуры и материальных ресурсов Института"
18,Что делать после того как нашли новый тендер?,59,0.7008,0.0,0.0,0.7,"6 Оценка, выбор и переоценка поставщиков."
18,Что делать после того как нашли новый тендер?,60,0.7007,0.0,0.0,0.7,Приложение Г
18,Что делать после того как нашли новый тендер?,61,0.7006,0.0,0.0,0.7,7 Стадия проектирования
18,Что делать после того как нашли новый тендер?,62,0.7001,0.0,0.0,0.7,СОГЛАСОВАНО:
18,Что делать после того как нашли новый тендер?,63,0.6999,0.0,0.0,0.7,3 Задачи
18,Что делать после того как нашли новый тендер?,64,0.6999,0.0,0.0,0.7,Примечания
18,Что делать после того как нашли новый тендер?,65,0.6998,0.0,0.0,0.7,Производственная информация
18,Что делать после того как нашли новый тендер?,66,0.6972,0.0,0.0,0.7,1 Общие положения
18,Что делать после того как нашли новый тендер?,67,0.6972,0.0,0.0,0.7,АО «ВолгоградНИПИнефть»
18,Что делать после того как нашли новый тендер?,68,0.6961,0.0,0.0,0.7,7 Приемка материалов по окончании полевых работ
18,Что делать после того как нашли новый тендер?,69,0.7682,0.77,0.0,0.7,5 Ответственность.
18,Что делать после того как нашли новый тендер?,70,0.745,0.75,0.0,0.69,1 Назначение.
18,Что делать после того как нашли новый тендер?,71,0.7328,0.71,0.0,0.73,4 Нормативные ссылки
18,Что делать после того как нашли новый тендер?,72,0.7041,0.7,0.0,0.7,6 Основные этапы подготовки ТП.
18,Что делать после того как нашли новый тендер?,73,0.7105,0.7,0.0,0.71,"Приложение 4 Образец оформления документа, содержащего более одной страницы."
18,Что делать после того как нашли новый тендер?,74,0.6987,0.69,0.0,0.7,"Приложение 3 Образец документа, заверенного генеральным директором."
18,Что делать после того как нашли новый тендер?,75,0.694,0.69,0.0,0.69,ИНСТРУКЦИЯ По подготовке тендерного предложения «ИН-01-ПТП»
18,Что делать после того как нашли новый тендер?,76,0.6874,0.69,0.0,0.69,Приложение 2 Исходные данные для составления смет.
18,Что делать после того как нашли новый тендер?,77,0.7128,0.69,0.0,0.71,2 Область применения
18,Что делать после того как нашли новый тендер?,78,0.682,0.68,0.0,0.68,Приложение 1 Перечень документированной информации
18,Что делать после того как нашли новый тендер?,79,0.6801,0.67,0.0,0.68,3 Термины и сокращения.
20,Что включается в бюджет командировки?,1,0.8916,0.89,0.0,0.87,5 Бюджет командировки
20,Что включается в бюджет командировки?,2,0.8206,0.82,0.0,0.79,Цель командировки
20,Что включается в бюджет командировки?,3,0.8163,0.82,0.0,0.79,Во время командировки
20,Что включается в бюджет командировки?,4,0.8052,0.8,0.0,0.81,"6.1 При необходимости командировки для решения задач, сотрудник оформляет «Заявку на оформление приказа на командировку и получения денежных средств» (далее по тексту Заявка) которую согласует руководитель структурного подразделения и генеральный директор или первый заместитель генерального директора (приложения А, Д)"
20,Что включается в бюджет командировки?,5,0.7899,0.79,0.52,0.74,Доплата за командировку
20,Что включается в бюджет командировки?,6,0.7889,0.79,0.0,0.78,"8.2 В случае проезда сотрудника к месту командирования и (или) обратно на транспорте Института, либо собственном, либо наемным, в учетно-финансовый отдел предоставляется Отчет о командировке (приложения Б, Д)."
20,Что включается в бюджет командировки?,7,0.8083,0.78,0.0,0.81,"9.4 В течение 3 (трех) рабочих дней со дня возвращения из служебной командировки работник обязан представить в учетно-финансовый отдел авансовый отчет об израсходованных им суммах. Вместе с авансовым отчетом передаются документы (в оригинале), подтверждающие размер произведенных расходов, с указанием формы их оплаты (наличными, чеком, кредитной картой, безналичным перерасчетом). При зарубежных командировках к отчету прилагается ксерокопия отметок в заграничном паспорте."
20,Что включается в бюджет командировки?,8,0.772,0.77,0.0,0.77,3.1 Служебная командировка -поездка работника по распоряжению генерального директора на определенный срок для выполнения служебного поручения вне места постоянной работы.
20,Что включается в бюджет командировки?,9,0.7658,0.77,0.0,0.76,"5.5 Во время нахождения сотрудника в служебной командировке все звонки, произведенные вне рабочего времени (в том числе в выходные и праздничные дни), подлежат оплате Институтом в пределах установленного лимита."
20,Что включается в бюджет командировки?,10,0.7875,0.76,0.0,0.79,4 Командировки
20,Что включается в бюджет командировки?,11,0.781,0.76,0.0,0.78,7 Организация работы командированного сотрудника
20,Что включается в бюджет командировки?,12,0.7645,0.75,0.0,0.76,"10.3 После согласования служебной записки сотрудник ставит в известность сотрудника приёмной об отмене командировки для отмены (либо обмена) приобретенных билетов, брони гостиницы, и передает ее в учетно-финансовый отдел для отмены приказа о командировании"
20,Что включается в бюджет командировки?,13,0.7441,0.74,0.0,0.0,Об учетно-финансовом отделе
20,Что включается в бюджет командировки?,14,0.7424,0.74,0.5,0.71,Об учетно-финансовом отделе
20,Что включается в бюджет командировки?,15,0.7899,0.74,0.0,0.79,"2.2 Постановление Правительства РФ от 26 декабря 2005 г. N 812 «О размере и порядке выплаты суточных в иностранной валюте и надбавок к суточным в иностранной валюте при служебных командировках на территории иностранных государств работников, заключивших трудовой договор о работе в федеральных государственных органах, работников государственных внебюджетных фондов Российской Федерации, федеральных государственных учреждений»."
20,Что включается в бюджет командировки?,16,0.742,0.74,0.0,0.73,Размер материальной помощи
20,Что включается в бюджет командировки?,17,0.7424,0.74,0.0,0.74,"1.2 Порядок организации командировок, изложенный в Положении, является обязательным для всех сотрудников Института."
20,Что включается в бюджет командировки?,18,0.7339,0.73,0.0,0.0,6.2 Порядок работы со служебными записками
20,Что включается в бюджет командировки?,19,0.7449,0.73,0.0,0.74,Служебная записка об отмене командировки
20,Что включается в бюджет командировки?,20,0.7271,0.73,0.5,0.71,Приложение 2 Исходные данные для составления смет.
20,Что включается в бюджет командировки?,21,0.723,0.72,0.0,0.7,Организация договорной работы
20,Что включается в бюджет командировки?,22,0.723,0.72,0.0,0.7,Организация договорной работы
20,Что включается в бюджет командировки?,23,0.723,0.72,0.0,0.0,Организация договорной работы
20,Что включается в бюджет командировки?,24,0.7215,0.72,0.0,0.0,Список сотрудников ответственных за внешние поставки
20,Что включается в бюджет командировки?,25,0.7176,0.72,0.0,0.71,Приложение 3. Кадровая документация отдела
20,Что включается в бюджет командировки?,26,0.7168,0.72,0.51,0.7,3 Общие положения
20,Что включается в бюджет командировки?,27,0.7158,0.72,0.0,0.0,7.7
20,Что включается в бюджет командировки?,28,0.7152,0.72,0.0,0.7,"4.13 Обеспечение строгого соблюдения штатной, финансовой и кассовой дисциплины, смет административно-хозяйственных и других расходов, законности списания со счетов бухгалтерского учета недостач, дебиторской задолженности и других потерь, сохранности бухгалтерских документов, оформления и сдачи их в установленном порядке в архив."
20,Что включается в бюджет командировки?,29,0.7156,0.71,0.0,0.72,"Оплата счета (на аванс, за выполненные работы/оказанные услуги) по до-говору:"
20,Что включается в бюджет командировки?,30,0.714,0.71,0.0,0.0,Проектирование
20,Что включается в бюджет командировки?,31,0.7198,0.71,0.0,0.72,8 Начисление и выплата заработной платы
20,Что включается в бюджет командировки?,32,0.7426,0.71,0.0,0.74,Приложение 2. Перечень внутренней документации ИСМ отдела
20,Что включается в бюджет командировки?,33,0.7097,0.71,0.0,0.0,6.2 В случае превышения расходов на связь сверх установленного лимита удержание может не производится на основании согласованной с генеральным директором объяснительной записки. Данное исключение носит разовый характер и не влияет на изменение лимита в дальнейшем.
20,Что включается в бюджет командировки?,34,0.7096,0.71,0.0,0.69,"8.2 Очередность предоставления оплачиваемых отпусков определяется ежегодно в соответствии с графиком отпусков, утверждаемыми не позднее, чем за две недели до наступления календарного года"
20,Что включается в бюджет командировки?,35,0.7094,0.71,0.0,0.7,7 Материальная помощь
20,Что включается в бюджет командировки?,36,0.709,0.71,0.0,0.7,2.3 Структуру и штатную численность Отдела утверждает генеральный директор.
20,Что включается в бюджет командировки?,37,0.755,0.0,0.0,0.76,Приложение Б
20,Что включается в бюджет командировки?,38,0.744,0.0,0.0,0.74,АО «ВолгоградНИПИнефть»
20,Что включается в бюджет командировки?,39,0.7386,0.0,0.0,0.74,СОГЛАСОВАНО:
20,Что включается в бюджет командировки?,40,0.7225,0.0,0.0,0.72,ПЛ-13-К
20,Что включается в бюджет командировки?,41,0.7225,0.0,0.0,0.72,ПОЛОЖЕНИЕ О командировках в АО «ВолгоградНИПИнефть» «ПЛ-13-К»
20,Что включается в бюджет командировки?,42,0.7217,0.0,0.0,0.72,Приложение Д
20,Что включается в бюджет командировки?,43,0.7119,0.0,0.0,0.71,Финансово-учетная документация:
20,Что включается в бюджет командировки?,44,0.7106,0.0,0.0,0.71,Приложение 2. Перечень регламентированных процессов информационно-технического отдела.
20,Что включается в бюджет командировки?,45,0.7098,0.0,0.0,0.71,1 Общие положения
20,Что включается в бюджет командировки?,46,0.7091,0.0,0.0,0.71,1 Назначение
20,Что включается в бюджет командировки?,47,0.7086,0.0,0.0,0.71,4 Функции
20,Что включается в бюджет командировки?,48,0.7045,0.0,0.0,0.7,3 Задачи
20,Что включается в бюджет командировки?,49,0.7026,0.0,0.0,0.7,2 Структура
20,Что включается в бюджет командировки?,50,0.7025,0.0,0.0,0.7,Поощрения за успехи в работе
20,Что включается в бюджет командировки?,51,0.7013,0.0,0.0,0.7,Приложение 2. Перечень внутренней документации договорного отдела
20,Что включается в бюджет командировки?,52,0.7005,0.0,0.0,0.7,7 Стадия проектирования
20,Что включается в бюджет командировки?,53,0.7002,0.0,0.0,0.7,ПОЛОЖЕНИЕ Об оплате и стимулировании труда персонала «ПЛ-13-ОСТП»
20,Что включается в бюджет командировки?,54,0.7002,0.0,0.0,0.7,ПЛ-13-ОСТП
20,Что включается в бюджет командировки?,55,0.7,0.0,0.0,0.7,4 Функции
20,Что включается в бюджет командировки?,56,0.6987,0.0,0.0,0.7,РИ-13-РД
20,Что включается в бюджет командировки?,57,0.6987,0.0,0.0,0.7,РАБОЧАЯ ИНСТРУКЦИЯ Организация работ по расходным договорам «РИ-13-РД»
20,Что включается в бюджет командировки?,58,0.6985,0.0,0.0,0.7,Приложение 3. Перечень регламентированных процессов договорного отдела.
20,Что включается в бюджет командировки?,59,0.6984,0.0,0.0,0.7,6 Организация договорной работы
20,Что включается в бюджет командировки?,60,0.698,0.0,0.0,0.7,Производственная информация
20,Что включается в бюджет командировки?,61,0.6968,0.0,0.0,0.7,Порядок работы
20,Что включается в бюджет командировки?,62,0.6965,0.0,0.0,0.7,Согласовано:
20,Что включается в бюджет командировки?,63,0.6962,0.0,0.0,0.7,Приложение В
20,Что включается в бюджет командировки?,64,0.6958,0.0,0.0,0.7,3 Задачи
20,Что включается в бюджет командировки?,65,0.6957,0.0,0.0,0.7,3 Задачи
20,Что включается в бюджет командировки?,66,0.6957,0.0,0.0,0.7,4 Функции
20,Что включается в бюджет командировки?,67,0.6954,0.0,0.0,0.7,Приложение 6. Формы журналов отдела
20,Что включается в бюджет командировки?,68,0.6954,0.0,0.0,0.7,7 Список приложений
20,Что включается в бюджет командировки?,69,0.6953,0.0,0.0,0.7,"4 Термины, обозначения, сокращения"
20,Что включается в бюджет командировки?,70,0.6953,0.0,0.0,0.7,4 Функции
20,Что включается в бюджет командировки?,71,0.6953,0.0,0.0,0.7,Приложение Б
20,Что включается в бюджет командировки?,72,0.6938,0.0,0.0,0.69,4 Система оплаты труда
20,Что включается в бюджет командировки?,73,0.6935,0.0,0.0,0.69,2 Структура
20,Что включается в бюджет командировки?,74,0.6932,0.0,0.0,0.69,Приложение 4. Перечень программного обеспечения отдела
20,Что включается в бюджет командировки?,75,0.6931,0.0,0.0,0.69,5 ПРАВА
20,Что включается в бюджет командировки?,76,0.693,0.0,0.0,0.69,2 Область применения
20,Что включается в бюджет командировки?,77,0.6927,0.0,0.0,0.69,1 Назначение
20,Что включается в бюджет командировки?,78,0.6926,0.0,0.0,0.69,3 Задачи
20,Что включается в бюджет командировки?,79,0.6924,0.0,0.0,0.69,Приложение 1. Структура отдела.
20,Что включается в бюджет командировки?,80,0.6921,0.0,0.0,0.69,Приложение 6. Формы журналов отдела:
20,Что включается в бюджет командировки?,81,0.692,0.0,0.0,0.69,ПОЛОЖЕНИЕ о договорном отделе «ПЛ-05»
20,Что включается в бюджет командировки?,82,0.692,0.0,0.0,0.69,ПЛ-05
20,Что включается в бюджет командировки?,83,0.5102,0.0,0.51,0.0,7 Последовательность формирования реестров экологических аспектов
20,Что включается в бюджет командировки?,84,0.5096,0.0,0.51,0.0,7.8 Время взаимодействия дистанционного работника с работодателем включается в рабочее время.
20,Что включается в бюджет командировки?,85,0.5038,0.0,0.5,0.0,1 Общие положения. Контроль качества приемки работ
20,Что включается в бюджет командировки?,86,0.8916,0.89,0.0,0.87,5 Бюджет командировки
20,Что включается в бюджет командировки?,87,0.7884,0.79,0.0,0.79,Приложение Г
20,Что включается в бюджет командировки?,88,0.7869,0.79,0.0,0.78,8 Срок и режим командировки
20,Что включается в бюджет командировки?,89,0.7946,0.77,0.0,0.79,Приложение А
20,Что включается в бюджет командировки?,90,0.7875,0.76,0.0,0.79,4 Командировки
20,Что включается в бюджет командировки?,91,0.781,0.76,0.0,0.78,7 Организация работы командированного сотрудника
20,Что включается в бюджет командировки?,92,0.7645,0.75,0.0,0.76,10 Отмена командировки
20,Что включается в бюджет командировки?,93,0.8083,0.74,0.0,0.81,9 Окончание работ. Отчет о командировке
20,Что включается в бюджет командировки?,94,0.8052,0.74,0.0,0.81,6 Организация командировки
20,Что включается в бюджет командировки?,95,0.7225,0.68,0.0,0.72,ПОЛОЖЕНИЕ О командировках в АО «ВолгоградНИПИнефть» «ПЛ-13-К»
20,Что включается в бюджет командировки?,96,0.7424,0.66,0.0,0.74,1 Общие положения
20,Что включается в бюджет командировки?,97,0.755,0.65,0.0,0.76,Приложение Б
20,Что включается в бюджет командировки?,98,0.7449,0.64,0.0,0.74,Приложение В
20,Что включается в бюджет командировки?,99,0.7386,0.64,0.0,0.74,СОГЛАСОВАНО:
20,Что включается в бюджет командировки?,100,0.7899,0.63,0.0,0.79,2 Нормативные ссылки
20,Что включается в бюджет командировки?,101,0.772,0.63,0.0,0.77,3 Термины и определения
20,Что включается в бюджет командировки?,102,0.6432,0.58,0.0,0.64,Приложение Д
21,Каким видом транспорта можно ездить в командировки?,1,0.8097,0.81,0.0,0.8,3.1 Служебная командировка -поездка работника по распоряжению генерального директора на определенный срок для выполнения служебного поручения вне места постоянной работы.
21,Каким видом транспорта можно ездить в командировки?,2,0.8015,0.8,0.0,0.79,"5.2 Транспортные расходы планируются, исходя из следующего:"
21,Каким видом транспорта можно ездить в командировки?,3,0.8004,0.79,0.0,0.8,7 Организация работы командированного сотрудника
21,Каким видом транспорта можно ездить в командировки?,4,0.7955,0.79,0.0,0.8,"6.6 При направлении сотрудника в однодневную командировку, оформляется приказ о командировании на общих условиях. Суточные не выплачиваются (п.11 Положения, утв. Постановлением Правительства РФ от 13.10.2008 г № 749)."
21,Каким видом транспорта можно ездить в командировки?,5,0.7951,0.79,0.0,0.8,"8.3 При командировании за границу, время пребывания в командировке определяется по отметкам в паспорте при прохождении паспортного контроля на таможне"
21,Каким видом транспорта можно ездить в командировки?,6,0.784,0.78,0.0,0.78,"1.2 Порядок организации командировок, изложенный в Положении, является обязательным для всех сотрудников Института."
21,Каким видом транспорта можно ездить в командировки?,7,0.7814,0.78,0.0,0.77,Цель командировки
21,Каким видом транспорта можно ездить в командировки?,8,0.7753,0.78,0.0,0.77,"9.2 Отчет о командировке согласуется с начальником отдела, утверждается генеральным директором или первым заместителем генерального директора."
21,Каким видом транспорта можно ездить в командировки?,9,0.7894,0.77,0.0,0.79,2.1 Постановление Правительства РФ от 13 октября 2008 г. N 749 «Об особенностях направления работников в служебные командировки»
21,Каким видом транспорта можно ездить в командировки?,10,0.7782,0.77,0.0,0.78,Во время командировки
21,Каким видом транспорта можно ездить в командировки?,11,0.7628,0.76,0.51,0.0,Доплата за командировку
21,Каким видом транспорта можно ездить в командировки?,12,0.791,0.75,0.0,0.79,"4.1 Ответственными за планирование командировки являются руководители структурных подразделений, окончательное утверждение необходимости и целесообразности командировок для сотрудников Института принимает генеральный директор или первый заместитель генерального директора."
21,Каким видом транспорта можно ездить в командировки?,13,0.7524,0.75,0.0,0.74,10 Отмена командировки
21,Каким видом транспорта можно ездить в командировки?,14,0.7497,0.75,0.51,0.74,"5.5 Во время нахождения сотрудника в служебной командировке все звонки, произведенные вне рабочего времени (в том числе в выходные и праздничные дни), подлежат оплате Институтом в пределах установленного лимита."
21,Каким видом транспорта можно ездить в командировки?,15,0.7483,0.74,0.0,0.75,ПОЛОЖЕНИЕ О командировках в АО «ВолгоградНИПИнефть» «ПЛ-13-К»
21,Каким видом транспорта можно ездить в командировки?,16,0.7331,0.73,0.0,0.0,Организация договорной работы
21,Каким видом транспорта можно ездить в командировки?,17,0.7331,0.73,0.0,0.0,Организация договорной работы
21,Каким видом транспорта можно ездить в командировки?,18,0.7331,0.73,0.0,0.0,Организация договорной работы
21,Каким видом транспорта можно ездить в командировки?,19,0.733,0.73,0.51,0.69,Порядок работы
21,Каким видом транспорта можно ездить в командировки?,20,0.7479,0.73,0.0,0.75,8 Требования к транспортированию отходов
21,Каким видом транспорта можно ездить в командировки?,21,0.7303,0.73,0.0,0.73,1 Назначение
21,Каким видом транспорта можно ездить в командировки?,22,0.7293,0.73,0.0,0.7,"9.6 Обязательным является наличие документального подтверждения всей цепочки движения отходов: договор с транспортной компанией на транспортирование отходов, договор транспортной компании со специализированной организацией, которой в конечном итоге будут переданы отходы на обработку, утилизацию, обезвреживание и/или размещение (захоронение)"
21,Каким видом транспорта можно ездить в командировки?,23,0.7288,0.73,0.0,0.73,"1.1 Настоящее Положение разработано в целях регулирования исполнения обязанности работодателя, установленной статьей 163 Трудового кодекса Российской Федерации, с целью обеспечить нормальные условия для выполнения работниками служебных обязанностей и использования мобильной связи в деятельности АО «ВолгоградНИПИнефть» (далее по тексту - Институт). Положение определяет порядок предоставления корпоративной мобильной связи сотрудникам Института, устанавливает требования к пользованию корпоративной мобильной связью, нормы и порядок расходов на корпоративную мобильную связь."
21,Каким видом транспорта можно ездить в командировки?,24,0.7275,0.73,0.51,0.7,4.8 На время отпуска или временной нетрудоспособности работника за ним сохраняется установленный лимит корпоративной связи в целях обеспечения оперативной связи в случае возникновения производственной необходимости.
21,Каким видом транспорта можно ездить в командировки?,25,0.7246,0.72,0.0,0.0,Порядок приема и увольнения работников
21,Каким видом транспорта можно ездить в командировки?,26,0.7238,0.72,0.0,0.72,Служебная записка об отмене командировки
21,Каким видом транспорта можно ездить в командировки?,27,0.7217,0.72,0.0,0.72,1.1 Правила внутреннего трудового распоркода
21,Каким видом транспорта можно ездить в командировки?,28,0.7193,0.72,0.0,0.71,"8.2 Очередность предоставления оплачиваемых отпусков определяется ежегодно в соответствии с графиком отпусков, утверждаемыми не позднее, чем за две недели до наступления календарного года"
21,Каким видом транспорта можно ездить в командировки?,29,0.7167,0.72,0.0,0.71,1.2 Инструкция определяет порядок действий и согласований при внешних поставках:
21,Каким видом транспорта можно ездить в командировки?,30,0.7142,0.71,0.0,0.69,Настройка и обслуживание ЛВС
21,Каким видом транспорта можно ездить в командировки?,31,0.7116,0.71,0.0,0.0,Ответственность работников за нарушение трудовой дисциплины
21,Каким видом транспорта можно ездить в командировки?,32,0.7161,0.71,0.51,0.72,"8.2 Порядок предоставления дистанционному работнику ежегодного оплачиваемого отпуска и иных видов отпусков определяется локальным нормативным актом, трудовым договором в соответствии с ТК РФ и иными актами, содержащими нормы трудового права."
21,Каким видом транспорта можно ездить в командировки?,33,0.7483,0.71,0.0,0.75,ПЛ-13-К
21,Каким видом транспорта можно ездить в командировки?,34,0.708,0.71,0.0,0.0,Об учетно-финансовом отделе
21,Каким видом транспорта можно ездить в командировки?,35,0.7074,0.71,0.0,0.69,6.2 Порядок работы со служебными записками
21,Каким видом транспорта можно ездить в командировки?,36,0.7066,0.71,0.0,0.69,"5.11 Должностные права и обязанности работников службы определяются должностными инструкциями (регламентами) и трудовыми соглашениями (контрактами), разработанными в соответствии с действующим законодательством и с учетом настоящего Положения."
21,Каким видом транспорта можно ездить в командировки?,37,0.749,0.0,0.0,0.75,СОГЛАСОВАНО:
21,Каким видом транспорта можно ездить в командировки?,38,0.7487,0.0,0.0,0.75,Приложение Б
21,Каким видом транспорта можно ездить в командировки?,39,0.7137,0.0,0.0,0.71,2 Нормативные ссылки
21,Каким видом транспорта можно ездить в командировки?,40,0.7002,0.0,0.0,0.7,3 Нормативные ссылки
21,Каким видом транспорта можно ездить в командировки?,41,0.6966,0.0,0.0,0.7,2 Структура
21,Каким видом транспорта можно ездить в командировки?,42,0.6966,0.0,0.0,0.7,Рабочее время и его использование
21,Каким видом транспорта можно ездить в командировки?,43,0.6962,0.0,0.0,0.7,12 Ответственность
21,Каким видом транспорта можно ездить в командировки?,44,0.6961,0.0,0.0,0.7,6 Ответственность
21,Каким видом транспорта можно ездить в командировки?,45,0.6959,0.0,0.0,0.7,2 Область применения
21,Каким видом транспорта можно ездить в командировки?,46,0.6959,0.0,0.0,0.7,7 Порядок организации труда дистанционных работников
21,Каким видом транспорта можно ездить в командировки?,47,0.6958,0.0,0.0,0.7,Общие положения
21,Каким видом транспорта можно ездить в командировки?,48,0.6954,0.0,0.0,0.7,2 Область применения
21,Каким видом транспорта можно ездить в командировки?,49,0.694,0.0,0.0,0.69,Приложение 4. График документооборота АО «ВолгоградНИПИнефть»
21,Каким видом транспорта можно ездить в командировки?,50,0.6939,0.0,0.0,0.69,Приложение Д
21,Каким видом транспорта можно ездить в командировки?,51,0.6937,0.0,0.0,0.69,1 Общие положения
21,Каким видом транспорта можно ездить в командировки?,52,0.6925,0.0,0.0,0.69,Приложение 2. Перечень внутренней документации ИСМ отдела
21,Каким видом транспорта можно ездить в командировки?,53,0.6917,0.0,0.0,0.69,8 Управление исходящей документацией
21,Каким видом транспорта можно ездить в командировки?,54,0.6912,0.0,0.0,0.69,Внутреннего трудового распорядка АО «ВолгоградНИПИнефть»
21,Каким видом транспорта можно ездить в командировки?,55,0.6907,0.0,0.51,0.69,1 Назначение
21,Каким видом транспорта можно ездить в командировки?,56,0.6906,0.0,0.0,0.69,3 Термины и определения
21,Каким видом транспорта можно ездить в командировки?,57,0.6903,0.0,0.51,0.69,"4 Термины, обозначения"
21,Каким видом транспорта можно ездить в командировки?,58,0.6902,0.0,0.0,0.69,Согласовано:
21,Каким видом транспорта можно ездить в командировки?,59,0.6895,0.0,0.0,0.69,11 Контроль
21,Каким видом транспорта можно ездить в командировки?,60,0.6892,0.0,0.0,0.69,1 Назначение
21,Каким видом транспорта можно ездить в командировки?,61,0.6891,0.0,0.0,0.69,1 ОБЩИЕ ПОЛОЖЕНИЯ
21,Каким видом транспорта можно ездить в командировки?,62,0.6889,0.0,0.0,0.69,Поощрения за успехи в работе
21,Каким видом транспорта можно ездить в командировки?,63,0.6888,0.0,0.0,0.69,2 Область применения
21,Каким видом транспорта можно ездить в командировки?,64,0.6884,0.0,0.0,0.69,Внутреннего трудового распорядка АО «ВолгоградНИПИнефть»
21,Каким видом транспорта можно ездить в командировки?,65,0.6879,0.0,0.0,0.69,Внутреннего трудового распорядка АО «ВолгоградНИПИнефть»
21,Каким видом транспорта можно ездить в командировки?,66,0.6873,0.0,0.0,0.69,Приложение А
21,Каким видом транспорта можно ездить в командировки?,67,0.6867,0.0,0.0,0.69,2 Структура
21,Каким видом транспорта можно ездить в командировки?,68,0.686,0.0,0.0,0.69,2 Структура
21,Каким видом транспорта можно ездить в командировки?,69,0.6852,0.0,0.0,0.69,5 Правила работы с файлами
21,Каким видом транспорта можно ездить в командировки?,70,0.6852,0.0,0.0,0.69,1 Общие положения
21,Каким видом транспорта можно ездить в командировки?,71,0.6848,0.0,0.0,0.68,1 Назначение
21,Каким видом транспорта можно ездить в командировки?,72,0.6848,0.0,0.0,0.68,2 Область применения
21,Каким видом транспорта можно ездить в командировки?,73,0.6845,0.0,0.0,0.68,Основные права и обязанности работников
21,Каким видом транспорта можно ездить в командировки?,74,0.6837,0.0,0.51,0.68,3 Порядок работы по РД представлен в таблице:
21,Каким видом транспорта можно ездить в командировки?,75,0.6835,0.0,0.0,0.68,Приложение Г
21,Каким видом транспорта можно ездить в командировки?,76,0.6834,0.0,0.0,0.68,4 Персонал
21,Каким видом транспорта можно ездить в командировки?,77,0.6834,0.0,0.0,0.68,5 Основные положения
21,Каким видом транспорта можно ездить в командировки?,78,0.6829,0.0,0.0,0.68,6 Организация договорной работы
21,Каким видом транспорта можно ездить в командировки?,79,0.6826,0.0,0.0,0.68,ИНСТРУКЦИЯ Внешние поставки «ИН-01-ВП»
21,Каким видом транспорта можно ездить в командировки?,80,0.6826,0.0,0.0,0.68,ИН-01-ВП
21,Каким видом транспорта можно ездить в командировки?,81,0.682,0.0,0.0,0.68,"4 Термины, обозначения, сокращения"
21,Каким видом транспорта можно ездить в командировки?,82,0.6816,0.0,0.0,0.68,ПОЛОЖЕНИЕ О корпоративной мобильной связи в АО «ВолгоградНИПИнефть» «ПЛ-13-КМС»
21,Каким видом транспорта можно ездить в командировки?,83,0.5229,0.0,0.52,0.0,Проекты договоров
21,Каким видом транспорта можно ездить в командировки?,84,0.5224,0.0,0.52,0.0,"Оформление договоров на выполнение работ, оказание услуг"
21,Каким видом транспорта можно ездить в командировки?,85,0.5222,0.0,0.52,0.0,"4.7 Формирование архива сканов договорной документации (договоры, дополнительные соглашения, акты сдачи-приемки выполненных работ)."
21,Каким видом транспорта можно ездить в командировки?,86,0.5213,0.0,0.52,0.0,Приложение 6. Формы журналов отдела
21,Каким видом транспорта можно ездить в командировки?,87,0.5211,0.0,0.52,0.0,5.3 Идентификация экологических аспектов
21,Каким видом транспорта можно ездить в командировки?,88,0.5206,0.0,0.52,0.0,6 Определение существенного воздействия экологических аспектов на ОС
21,Каким видом транспорта можно ездить в командировки?,89,0.5171,0.0,0.52,0.0,Итоговый реестр существенных экологических аспектов
21,Каким видом транспорта можно ездить в командировки?,90,0.5155,0.0,0.52,0.0,Процедура Идентификация экологических аспектов ПР-6.1.2-ИЭА
21,Каким видом транспорта можно ездить в командировки?,91,0.5149,0.0,0.51,0.0,ПР-6.1.2-ИЭА
21,Каким видом транспорта можно ездить в командировки?,92,0.5149,0.0,0.51,0.0,"6.4 Невыполнение приказов, указаний и распоряжений по Институту."
21,Каким видом транспорта можно ездить в командировки?,93,0.5136,0.0,0.51,0.0,4.1 Термины.
21,Каким видом транспорта можно ездить в командировки?,94,0.5136,0.0,0.51,0.0,1 Назначение
21,Каким видом транспорта можно ездить в командировки?,95,0.5135,0.0,0.51,0.0,"Приложение 7. Выпуск продукции на 20__ г. на основании заключенных договоров, с НДС."
21,Каким видом транспорта можно ездить в командировки?,96,0.513,0.0,0.51,0.0,Компьютерная справочная правовая система ГАРАНТ
21,Каким видом транспорта можно ездить в командировки?,97,0.5127,0.0,0.51,0.0,5 Идентификация всех возможных экологических аспектов
21,Каким видом транспорта можно ездить в командировки?,98,0.512,0.0,0.51,0.0,"3.5 Проводить мониторинг тендерных предложений и готовить тендерную документацию на право заключения договоров (контрактов) на выполнение работ, оказание услуг, относящихся к сфере деятельности отдела геологии согласно требованиям инструкции «По подготовке тендерного предложения» (ИН-01ПТП)"
21,Каким видом транспорта можно ездить в командировки?,99,0.5119,0.0,0.51,0.0,Маркетинговая информация
21,Каким видом транспорта можно ездить в командировки?,100,0.5115,0.0,0.51,0.0,6.8 В этом случае дистанционному работнику выплачивается компенсация за использование принадлежащего ему или арендованного им оборудования. Размер компенсации согласовывается в трудовом договоре или в дополнительном соглашении генеральным директором.
21,Каким видом транспорта можно ездить в командировки?,101,0.5115,0.0,0.51,0.0,Идентификация экологических аспектов
21,Каким видом транспорта можно ездить в командировки?,102,0.5113,0.0,0.51,0.0,7 Последовательность формирования реестров экологических аспектов
21,Каким видом транспорта можно ездить в командировки?,103,0.5112,0.0,0.51,0.0,Сводный реестр экологических аспектов
21,Каким видом транспорта можно ездить в командировки?,104,0.5108,0.0,0.51,0.0,"3.10 Анализировать, по мере необходимости актуализирует и согласовывает с руководством документы ИСМ"
21,Каким видом транспорта можно ездить в командировки?,105,0.5106,0.0,0.51,0.0,3.2 Изучение нормативных и регламентирующих государственных документов в области маркшейдерии и инженерных изысканий.
21,Каким видом транспорта можно ездить в командировки?,106,0.5102,0.0,0.51,0.0,СОГЛАСОВАНО:
21,Каким видом транспорта можно ездить в командировки?,107,0.5101,0.0,0.51,0.0,"4.2 Выполнение маркшейдерских съёмок, вынос в натуру скважин, создание, обновление, расширение опорных маркшейдерских сетей, создание соответствующих отчётов."
21,Каким видом транспорта можно ездить в командировки?,108,0.5093,0.0,0.51,0.0,Материальная помощь при рождении ребенка (усыновлении)
21,Каким видом транспорта можно ездить в командировки?,109,0.5084,0.0,0.51,0.0,"6.6 Неисправное состояние оборудования, приборов, инструментов и хозяйственного инвентаря."
21,Каким видом транспорта можно ездить в командировки?,110,0.5084,0.0,0.51,0.0,Обработка результатов измерений
21,Каким видом транспорта можно ездить в командировки?,111,0.5078,0.0,0.51,0.0,"4.5 Разработка геологических разделов для проектов на ликвидацию, консервацию, расконсервацию (восстановление) скважин."
21,Каким видом транспорта можно ездить в командировки?,112,0.5074,0.0,0.51,0.0,5.5 «Внутренняя защита».
21,Каким видом транспорта можно ездить в командировки?,113,0.507,0.0,0.51,0.0,"1.9 Кодекс закрепляет общие ценности, принципы и правила поведения, такие как:"
21,Каким видом транспорта можно ездить в командировки?,114,0.5067,0.0,0.51,0.0,"1.4 Уполномоченный по ИСМ в своей деятельности руководствуется законами и нормативно-правовыми актами РФ, приказами и указаниями руководства АО «ВолгоградНИПИнефть» (далее по тексту Институт), методическими, нормативными и другими руководящими материалами по вопросам интегрированной системы менеджмента, политиками Института, требованиями национальных стандартов ГОСТ Р ИСО 9001-2015 и ГОСТ Р ИСО 14001-2016, документацией ИСМ Института."
21,Каким видом транспорта можно ездить в командировки?,115,0.5064,0.0,0.51,0.0,5.6 Невыполнение приказов и указаний и распоряжений по Институту.
21,Каким видом транспорта можно ездить в командировки?,116,0.5059,0.0,0.51,0.0,4 Система оплаты труда
21,Каким видом транспорта можно ездить в командировки?,117,0.5059,0.0,0.51,0.0,1 Назначение
21,Каким видом транспорта можно ездить в командировки?,118,0.5057,0.0,0.51,0.0,Приложение В
21,Каким видом транспорта можно ездить в командировки?,119,0.5055,0.0,0.51,0.0,12 Перечень нормативных документов по контролю качества выпускаемой продукции
21,Каким видом транспорта можно ездить в командировки?,120,0.5055,0.0,0.51,0.0,6.1 Сбор и анализ информации о проводимых тендерах.
21,Каким видом транспорта можно ездить в командировки?,121,0.5053,0.0,0.51,0.0,"4.10 Учет имущества, обязательств и хозяйственных операций, поступающих основных средств, товарно-материальных ценностей и денежных средств, своевременное отражение на счетах бухгалтерского учета операций, связанных с их движением, учет издержек производства и обращения, исполнения смет расходов, реализации продукции, выполнения работ (услуг), результатов хозяйственно-финансовой деятельности организации, а также финансовых, расчетных и кредитных операций."
21,Каким видом транспорта можно ездить в командировки?,122,0.5053,0.0,0.51,0.0,"2.2 Уполномоченный по ИСМ должен знать нормативные, методические и другие руководящие документы по вопросам ИСМ и требования стандартов ГОСТ Р ИСО 9001-2015 (ISO 9001:2015) и ГОСТ Р ИСО 14001-2016 (ISO 14001:2015)."
21,Каким видом транспорта можно ездить в командировки?,123,0.5052,0.0,0.51,0.0,3 Метрологическое обеспечение
21,Каким видом транспорта можно ездить в командировки?,124,0.505,0.0,0.5,0.0,"3.4 Своевременное и качественное проведение (по договору) предусмотренного  нормативными  требованиями  комплекса  маркшейдерских работ, достаточных для обеспечения безопасного ведения работ, связанных с пользованием недрами, наиболее полного извлечения из недр запасов залегающих полезных ископаемых, обеспечения технологического цикла горных, строительно-монтажных и иных видов работ, а также для прогнозирования опасных ситуаций при проведении таких работ."
21,Каким видом транспорта можно ездить в командировки?,125,0.5048,0.0,0.5,0.0,Приложение 3. Кадровая документация отдела
21,Каким видом транспорта можно ездить в командировки?,126,0.5046,0.0,0.5,0.0,7 Организация и стадии выполнения проектных работ
21,Каким видом транспорта можно ездить в командировки?,127,0.8004,0.79,0.0,0.8,7 Организация работы командированного сотрудника
21,Каким видом транспорта можно ездить в командировки?,128,0.7951,0.78,0.0,0.8,8 Срок и режим командировки
21,Каким видом транспорта можно ездить в командировки?,129,0.7878,0.78,0.0,0.79,5 Бюджет командировки
21,Каким видом транспорта можно ездить в командировки?,130,0.7717,0.76,0.0,0.77,Приложение А
21,Каким видом транспорта можно ездить в командировки?,131,0.7524,0.75,0.0,0.74,10 Отмена командировки
21,Каким видом транспорта можно ездить в командировки?,132,0.7736,0.75,0.0,0.77,9 Окончание работ. Отчет о командировке
21,Каким видом транспорта можно ездить в командировки?,133,0.7782,0.74,0.0,0.78,Приложение Г
21,Каким видом транспорта можно ездить в командировки?,134,0.7483,0.74,0.0,0.75,ПОЛОЖЕНИЕ О командировках в АО «ВолгоградНИПИнефть» «ПЛ-13-К»
21,Каким видом транспорта можно ездить в командировки?,135,0.791,0.73,0.0,0.79,4 Командировки
21,Каким видом транспорта можно ездить в командировки?,136,0.7955,0.72,0.0,0.8,6 Организация командировки
21,Каким видом транспорта можно ездить в командировки?,137,0.7894,0.66,0.0,0.79,2 Нормативные ссылки
21,Каким видом транспорта можно ездить в командировки?,138,0.778,0.65,0.0,0.78,1 Общие положения
21,Каким видом транспорта можно ездить в командировки?,139,0.8031,0.65,0.0,0.8,3 Термины и определения
21,Каким видом транспорта можно ездить в командировки?,140,0.7185,0.64,0.0,0.72,Приложение В
21,Каким видом транспорта можно ездить в командировки?,141,0.7487,0.64,0.0,0.75,Приложение Б
21,Каким видом транспорта можно ездить в командировки?,142,0.749,0.63,0.0,0.75,СОГЛАСОВАНО:
21,Каким видом транспорта можно ездить в командировки?,143,0.6359,0.6,0.0,0.64,Приложение Д
22,Какого класса билет на самолет можно купить при командировке?,1,0.7914,0.79,0.0,0.76,"5.2 Транспортные расходы планируются, исходя из следующего:"
22,Какого класса билет на самолет можно купить при командировке?,2,0.7765,0.78,0.0,0.77,Приложение А
22,Какого класса билет на самолет можно купить при командировке?,3,0.7663,0.77,0.0,0.76,До начала командировки
22,Какого класса билет на самолет можно купить при командировке?,4,0.7842,0.76,0.0,0.78,"6.6 При направлении сотрудника в однодневную командировку, оформляется приказ о командировании на общих условиях. Суточные не выплачиваются (п.11 Положения, утв. Постановлением Правительства РФ от 13.10.2008 г № 749)."
22,Какого класса билет на самолет можно купить при командировке?,5,0.757,0.76,0.0,0.75,3.2 К служебным командировкам не относятся:
22,Какого класса билет на самолет можно купить при командировке?,6,0.7556,0.76,0.0,0.76,"8.3 При командировании за границу, время пребывания в командировке определяется по отметкам в паспорте при прохождении паспортного контроля на таможне"
22,Какого класса билет на самолет можно купить при командировке?,7,0.7581,0.75,0.0,0.76,"9.2 Отчет о командировке согласуется с начальником отдела, утверждается генеральным директором или первым заместителем генерального директора."
22,Какого класса билет на самолет можно купить при командировке?,8,0.7466,0.75,0.0,0.74,10 Отмена командировки
22,Какого класса билет на самолет можно купить при командировке?,9,0.7426,0.74,0.66,0.68,Доплата за командировку
22,Какого класса билет на самолет можно купить при командировке?,10,0.7574,0.73,0.0,0.76,2.1 Постановление Правительства РФ от 13 октября 2008 г. N 749 «Об особенностях направления работников в служебные командировки»
22,Какого класса билет на самолет можно купить при командировке?,11,0.7678,0.73,0.77,0.72,"5.5 Во время нахождения сотрудника в служебной командировке все звонки, произведенные вне рабочего времени (в том числе в выходные и праздничные дни), подлежат оплате Институтом в пределах установленного лимита."
22,Какого класса билет на самолет можно купить при командировке?,12,0.7268,0.73,0.55,0.67,7.11
22,Какого класса билет на самолет можно купить при командировке?,13,0.7298,0.72,0.0,0.73,"1.2 Порядок организации командировок, изложенный в Положении, является обязательным для всех сотрудников Института."
22,Какого класса билет на самолет можно купить при командировке?,14,0.7292,0.72,0.0,0.73,Служебная записка об отмене командировки
22,Какого класса билет на самолет можно купить при командировке?,15,0.7273,0.72,0.0,0.73,7 Организация работы командированного сотрудника
22,Какого класса билет на самолет можно купить при командировке?,16,0.7186,0.72,0.0,0.7,ЗАЯВКА на предоставление корпоративной мобильной связи
22,Какого класса билет на самолет можно купить при командировке?,17,0.7305,0.72,0.0,0.73,ПОЛОЖЕНИЕ О командировках в АО «ВолгоградНИПИнефть» «ПЛ-13-К»
22,Какого класса билет на самолет можно купить при командировке?,18,0.7132,0.71,0.0,0.68,6.2 Порядок работы со служебными записками
22,Какого класса билет на самолет можно купить при командировке?,19,0.7354,0.71,0.0,0.74,4.2 Командировка сотрудника может быть инициирована:
22,Какого класса билет на самолет можно купить при командировке?,20,0.7076,0.71,0.0,0.68,АКТ
22,Какого класса билет на самолет можно купить при командировке?,21,0.7074,0.71,0.0,0.0,10 Порядок допуска к коммерческой тайне
22,Какого класса билет на самолет можно купить при командировке?,22,0.7037,0.7,0.0,0.69,"8.2 Очередность предоставления оплачиваемых отпусков определяется ежегодно в соответствии с графиком отпусков, утверждаемыми не позднее, чем за две недели до наступления календарного года"
22,Какого класса билет на самолет можно купить при командировке?,23,0.7037,0.7,0.0,0.0,Список сотрудников ответственных за внешние поставки
22,Какого класса билет на самолет можно купить при командировке?,24,0.7026,0.7,0.0,0.0,Об учетно-финансовом отделе
22,Какого класса билет на самолет можно купить при командировке?,25,0.7017,0.7,0.0,0.0,Настройка и обслуживание ЛВС
22,Какого класса билет на самолет можно купить при командировке?,26,0.7004,0.7,0.0,0.0,Об учетно-финансовом отделе
22,Какого класса билет на самолет можно купить при командировке?,27,0.7,0.7,0.6,0.69,Размер материальной помощи
22,Какого класса билет на самолет можно купить при командировке?,28,0.6994,0.7,0.0,0.0,3.3 Запросы на приобретение нормативных документов и/или литературы должны быть завизированы начальником отдела делопроизводства и менеджмента качества.
22,Какого класса билет на самолет можно купить при командировке?,29,0.6988,0.7,0.0,0.68,1.2 Инструкция определяет порядок действий и согласований при внешних поставках:
22,Какого класса билет на самолет можно купить при командировке?,30,0.6975,0.7,0.0,0.68,7 Порядок отнесения сведений к коммерческой тайне
22,Какого класса билет на самолет можно купить при командировке?,31,0.6974,0.7,0.0,0.0,Приложение 2 Исходные данные для составления смет.
22,Какого класса билет на самолет можно купить при командировке?,32,0.6973,0.7,0.59,0.0,"Первый экземпляр остается в УФО, заносится в электронный реестр договоров, распечатыва- ется и хранится в папке «Расход- ные договоры»"
22,Какого класса билет на самолет можно купить при командировке?,33,0.7097,0.7,0.56,0.71,4 Порядок предоставления корпоративной мобильной связи
22,Какого класса билет на самолет можно купить при командировке?,34,0.7441,0.0,0.0,0.74,Приложение Б
22,Какого класса билет на самолет можно купить при командировке?,35,0.7398,0.0,0.0,0.74,СОГЛАСОВАНО:
22,Какого класса билет на самолет можно купить при командировке?,36,0.7305,0.0,0.0,0.73,ПЛ-13-К
22,Какого класса билет на самолет можно купить при командировке?,37,0.7139,0.0,0.0,0.71,8 Требования к транспортированию отходов
22,Какого класса билет на самолет можно купить при командировке?,38,0.7013,0.0,0.56,0.7,9 Требования к передаче отходов сторонним специализированным организациям
22,Какого класса билет на самолет можно купить при командировке?,39,0.6967,0.0,0.0,0.7,Внутреннего трудового распорядка АО «ВолгоградНИПИнефть»
22,Какого класса билет на самолет можно купить при командировке?,40,0.696,0.0,0.0,0.7,ИНСТРУКЦИЯ Внешние поставки «ИН-01-ВП»
22,Какого класса билет на самолет можно купить при командировке?,41,0.696,0.0,0.0,0.7,ИН-01-ВП
22,Какого класса билет на самолет можно купить при командировке?,42,0.6938,0.0,0.0,0.69,Примечания
22,Какого класса билет на самолет можно купить при командировке?,43,0.6926,0.0,0.0,0.69,1 Назначение
22,Какого класса билет на самолет можно купить при командировке?,44,0.6901,0.0,0.0,0.69,2 Структура
22,Какого класса билет на самолет можно купить при командировке?,45,0.6896,0.0,0.0,0.69,ЛИСТ СОГЛАСОВАНИЯ ДОГОВОРА
22,Какого класса билет на самолет можно купить при командировке?,46,0.6884,0.0,0.0,0.69,2 Область применения
22,Какого класса билет на самолет можно купить при командировке?,47,0.6883,0.0,0.0,0.69,2 Структура
22,Какого класса билет на самолет можно купить при командировке?,48,0.6881,0.0,0.0,0.69,"Приложение 3 Образец документа, заверенного генеральным директором."
22,Какого класса билет на самолет можно купить при командировке?,49,0.6874,0.0,0.0,0.69,4 Функции
22,Какого класса билет на самолет можно купить при командировке?,50,0.6865,0.0,0.0,0.69,Приложение Е
22,Какого класса билет на самолет можно купить при командировке?,51,0.6864,0.0,0.58,0.69,1 Общие положения
22,Какого класса билет на самолет можно купить при командировке?,52,0.6864,0.0,0.0,0.69,4 Персонал
22,Какого класса билет на самолет можно купить при командировке?,53,0.686,0.0,0.0,0.69,"8 Сведения, составляющие коммерческую тайну"
22,Какого класса билет на самолет можно купить при командировке?,54,0.6853,0.0,0.0,0.69,Приложение Д
22,Какого класса билет на самолет можно купить при командировке?,55,0.685,0.0,0.0,0.68,Внутреннего трудового распорядка АО «ВолгоградНИПИнефть»
22,Какого класса билет на самолет можно купить при командировке?,56,0.6844,0.0,0.0,0.68,1 Общие положения
22,Какого класса билет на самолет можно купить при командировке?,57,0.6843,0.0,0.0,0.68,2 Область применения
22,Какого класса билет на самолет можно купить при командировке?,58,0.6842,0.0,0.0,0.68,Приложение 6. Формы журналов отдела:
22,Какого класса билет на самолет можно купить при командировке?,59,0.6838,0.0,0.55,0.68,АО «ВолгоградНИПИнефть»
22,Какого класса билет на самолет можно купить при командировке?,60,0.6835,0.0,0.0,0.68,"7 Материальная ответственность работника, использующего корпоративную SIM-карту и корпоративный мобильный аппарат"
22,Какого класса билет на самолет можно купить при командировке?,61,0.6823,0.0,0.0,0.68,11 . Порядок прекращения допуска к коммерческой тайне
22,Какого класса билет на самолет можно купить при командировке?,62,0.681,0.0,0.0,0.68,Организация договорной работы
22,Какого класса билет на самолет можно купить при командировке?,63,0.6809,0.0,0.0,0.68,"6 Оценка, выбор и переоценка поставщиков."
22,Какого класса билет на самолет можно купить при командировке?,64,0.6802,0.0,0.0,0.68,5 Порядок приема и перевода работника на дистанционную работу
22,Какого класса билет на самолет можно купить при командировке?,65,0.679,0.0,0.0,0.68,Организация договорной работы
22,Какого класса билет на самолет можно купить при командировке?,66,0.678,0.0,0.0,0.68,2 Структура
22,Какого класса билет на самолет можно купить при командировке?,67,0.6768,0.0,0.0,0.68,Приложение 5. Шаблоны бланков документированной информации отдела.
22,Какого класса билет на самолет можно купить при командировке?,68,0.6767,0.0,0.0,0.68,7 Материальная помощь
22,Какого класса билет на самолет можно купить при командировке?,69,0.6766,0.0,0.0,0.68,ПОЛОЖЕНИЕ Об оплате и стимулировании труда персонала «ПЛ-13-ОСТП»
22,Какого класса билет на самолет можно купить при командировке?,70,0.6766,0.0,0.0,0.68,ПЛ-13-ОСТП
22,Какого класса билет на самолет можно купить при командировке?,71,0.6761,0.0,0.64,0.68,Приложение 6. Формы журналов отдела
22,Какого класса билет на самолет можно купить при командировке?,72,0.6757,0.0,0.0,0.68,8 Управление исходящей документацией
22,Какого класса билет на самолет можно купить при командировке?,73,0.6755,0.0,0.57,0.68,Приложение 3. Кадровая документация отдела
22,Какого класса билет на самолет можно купить при командировке?,74,0.6755,0.0,0.0,0.68,1 ОБЩИЕ ПОЛОЖЕНИЯ
22,Какого класса билет на самолет можно купить при командировке?,75,0.6753,0.0,0.0,0.68,"4 Термины, обозначения, сокращения"
22,Какого класса билет на самолет можно купить при командировке?,76,0.675,0.0,0.0,0.68,Приложение В
22,Какого класса билет на самолет можно купить при командировке?,77,0.6748,0.0,0.0,0.67,Приложение В
22,Какого класса билет на самолет можно купить при командировке?,78,0.6746,0.0,0.0,0.67,ИНСТРУКЦИЯ По подготовке тендерного предложения «ИН-01-ПТП»
22,Какого класса билет на самолет можно купить при командировке?,79,0.6746,0.0,0.0,0.67,ИН-01-ПТП
22,Какого класса билет на самолет можно купить при командировке?,80,0.6744,0.0,0.0,0.67,7 Стадия проектирования
22,Какого класса билет на самолет можно купить при командировке?,81,0.6743,0.0,0.0,0.67,Организация договорной работы
22,Какого класса билет на самолет можно купить при командировке?,82,0.6738,0.0,0.0,0.67,3 Термины и определения
22,Какого класса билет на самолет можно купить при командировке?,83,0.6737,0.0,0.0,0.67,2 Область применения
22,Какого класса билет на самолет можно купить при командировке?,84,0.7378,0.0,0.74,0.0,6.2 Оценка существенности экологических аспектов по суммарному количеству баллов
22,Какого класса билет на самолет можно купить при командировке?,85,0.6974,0.0,0.7,0.0,7 Последовательность формирования реестров экологических аспектов
22,Какого класса билет на самолет можно купить при командировке?,86,0.6882,0.0,0.69,0.0,Проекты договоров
22,Какого класса билет на самолет можно купить при командировке?,87,0.6836,0.0,0.68,0.0,"Оформление договоров на выполнение работ, оказание услуг"
22,Какого класса билет на самолет можно купить при командировке?,88,0.6686,0.0,0.67,0.0,5.3 Идентификация экологических аспектов
22,Какого класса билет на самолет можно купить при командировке?,89,0.6651,0.0,0.67,0.0,5.1 Последовательность идентификации экологических аспектов
22,Какого класса билет на самолет можно купить при командировке?,90,0.6585,0.0,0.66,0.0,4.1 Оформление доходных и расходных договоров на выполнение работ в соответствии с инструкцией «Организация договорной работы» (ИН-05-ДР) и рабочей инструкцией «Организация работ по расходным договорам» (РИ-13РД).
22,Какого класса билет на самолет можно купить при командировке?,91,0.6334,0.0,0.63,0.0,1 Назначение
22,Какого класса билет на самолет можно купить при командировке?,92,0.6269,0.0,0.63,0.0,"Приложение 7. Выпуск продукции на 20__ г. на основании заключенных договоров, с НДС."
22,Какого класса билет на самолет можно купить при командировке?,93,0.6193,0.0,0.62,0.0,4.1 Термины.
22,Какого класса билет на самолет можно купить при командировке?,94,0.6173,0.0,0.62,0.0,"6.5 Работники ставят работодателя в известность об изменении фамилии, имени, отчества, даты рождения, что получает отражение в трудовой книжке на основании представленных документов. При необходимости изменяются данные об образовании, профессии, специальности, присвоении нового разряда, адреса регистрации и пр."
22,Какого класса билет на самолет можно купить при командировке?,95,0.6167,0.0,0.62,0.0,Итоговый реестр существенных экологических аспектов
22,Какого класса билет на самолет можно купить при командировке?,96,0.6063,0.0,0.61,0.0,Процедура Идентификация экологических аспектов ПР-6.1.2-ИЭА
22,Какого класса билет на самолет можно купить при командировке?,97,0.6022,0.0,0.6,0.0,ПР-6.1.2-ИЭА
22,Какого класса билет на самолет можно купить при командировке?,98,0.6021,0.0,0.6,0.0,"6.4 Невыполнение приказов, указаний и распоряжений по Институту."
22,Какого класса билет на самолет можно купить при командировке?,99,0.5999,0.0,0.6,0.0,3 Метрологическое обеспечение
22,Какого класса билет на самолет можно купить при командировке?,100,0.5997,0.0,0.6,0.0,"3.5 Проводить мониторинг тендерных предложений и готовить тендерную документацию на право заключения договоров (контрактов) на выполнение работ, оказание услуг, относящихся к сфере деятельности отдела геологии согласно требованиям инструкции «По подготовке тендерного предложения» (ИН-01ПТП)"
22,Какого класса билет на самолет можно купить при командировке?,101,0.5951,0.0,0.6,0.0,"4 Термины, обозначения"
22,Какого класса билет на самолет можно купить при командировке?,102,0.5932,0.0,0.59,0.0,Обработка результатов измерений
22,Какого класса билет на самолет можно купить при командировке?,103,0.5892,0.0,0.59,0.0,Компьютерная справочная правовая система ГАРАНТ
22,Какого класса билет на самолет можно купить при командировке?,104,0.5846,0.0,0.58,0.0,6.12 Накопление ТКО
22,Какого класса билет на самолет можно купить при командировке?,105,0.5817,0.0,0.58,0.0,Маркетинговая информация
22,Какого класса билет на самолет можно купить при командировке?,106,0.5796,0.0,0.58,0.0,6.8 В этом случае дистанционному работнику выплачивается компенсация за использование принадлежащего ему или арендованного им оборудования. Размер компенсации согласовывается в трудовом договоре или в дополнительном соглашении генеральным директором.
22,Какого класса билет на самолет можно купить при командировке?,107,0.5792,0.0,0.58,0.0,Идентификация экологических аспектов
22,Какого класса билет на самолет можно купить при командировке?,108,0.5775,0.0,0.58,0.0,Сводный реестр экологических аспектов
22,Какого класса билет на самолет можно купить при командировке?,109,0.5769,0.0,0.58,0.0,"4.5 Разработка геологических разделов для проектов на ликвидацию, консервацию, расконсервацию (восстановление) скважин."
22,Какого класса билет на самолет можно купить при командировке?,110,0.5744,0.0,0.57,0.0,"3.10 Анализировать, по мере необходимости актуализирует и согласовывает с руководством документы ИСМ"
22,Какого класса билет на самолет можно купить при командировке?,111,0.574,0.0,0.57,0.0,"4.2 Выполнение маркшейдерских съёмок, вынос в натуру скважин, создание, обновление, расширение опорных маркшейдерских сетей, создание соответствующих отчётов."
22,Какого класса билет на самолет можно купить при командировке?,112,0.571,0.0,0.57,0.0,12 Перечень нормативных документов по контролю качества выпускаемой продукции
22,Какого класса билет на самолет можно купить при командировке?,113,0.5705,0.0,0.57,0.0,СОГЛАСОВАНО:
22,Какого класса билет на самолет можно купить при командировке?,114,0.5705,0.0,0.57,0.0,"1.2 Настоящее Положение разработано на основании статей Конституции РФ, Трудового Кодекса РФ, Кодекса об административных правонарушениях РФ, Гражданского Кодекса РФ, Уголовного Кодекса РФ, а также Федерального закона «Об информации, информатизации и защите информации»."
22,Какого класса билет на самолет можно купить при командировке?,115,0.57,0.0,0.57,0.0,"3.4 Своевременное и качественное проведение (по договору) предусмотренного  нормативными  требованиями  комплекса  маркшейдерских работ, достаточных для обеспечения безопасного ведения работ, связанных с пользованием недрами, наиболее полного извлечения из недр запасов залегающих полезных ископаемых, обеспечения технологического цикла горных, строительно-монтажных и иных видов работ, а также для прогнозирования опасных ситуаций при проведении таких работ."
22,Какого класса билет на самолет можно купить при командировке?,116,0.5675,0.0,0.57,0.0,Повременно-премиальная система оплаты труда
22,Какого класса билет на самолет можно купить при командировке?,117,0.5638,0.0,0.56,0.0,"8.7 Оборудованию, поступившему на баланс Института, присваиваются инвентарные номера, и ведётся его регистрация в УФО."
22,Какого класса билет на самолет можно купить при командировке?,118,0.5635,0.0,0.56,0.0,3 Нормативные ссылки
22,Какого класса билет на самолет можно купить при командировке?,119,0.5628,0.0,0.56,0.0,6.6 К местам (площадкам) накопления отходов предъявляются следующие требования:
22,Какого класса билет на самолет можно купить при командировке?,120,0.558,0.0,0.56,0.0,"6.6 Неисправное состояние оборудования, приборов, инструментов и хозяйственного инвентаря."
22,Какого класса билет на самолет можно купить при командировке?,121,0.5573,0.0,0.56,0.0,"3.6 Все меры конфиденциальности при сборе, обработке и хранении персональных данных сотрудника распространяются как на бумажные, так и на электронные (автоматизированные) носители информации"
22,Какого класса билет на самолет можно купить при командировке?,122,0.5558,0.0,0.56,0.0,"1.9 Кодекс закрепляет общие ценности, принципы и правила поведения, такие как:"
22,Какого класса билет на самолет можно купить при командировке?,123,0.5558,0.0,0.56,0.0,"8.2 Порядок предоставления дистанционному работнику ежегодного оплачиваемого отпуска и иных видов отпусков определяется локальным нормативным актом, трудовым договором в соответствии с ТК РФ и иными актами, содержащими нормы трудового права."
22,Какого класса билет на самолет можно купить при командировке?,124,0.552,0.0,0.55,0.0,1 Назначение
22,Какого класса билет на самолет можно купить при командировке?,125,0.5505,0.0,0.55,0.0,8 Начисление и выплата заработной платы
22,Какого класса билет на самолет можно купить при командировке?,126,0.5489,0.0,0.55,0.0,3.2 В целях обеспечения прав и свобод человека и гражданина работодатель и его представители при обработке персональных данных работника обязаны соблюдать следующие общие требования:
22,Какого класса билет на самолет можно купить при командировке?,127,0.7765,0.78,0.0,0.77,Приложение А
22,Какого класса билет на самолет можно купить при командировке?,128,0.7635,0.76,0.0,0.76,5 Бюджет командировки
22,Какого класса билет на самолет можно купить при командировке?,129,0.7552,0.75,0.0,0.76,8 Срок и режим командировки
22,Какого класса билет на самолет можно купить при командировке?,130,0.7466,0.75,0.0,0.74,10 Отмена командировки
22,Какого класса билет на самолет можно купить при командировке?,131,0.7649,0.74,0.0,0.76,Приложение Г
22,Какого класса билет на самолет можно купить при командировке?,132,0.7581,0.72,0.0,0.76,9 Окончание работ. Отчет о командировке
22,Какого класса билет на самолет можно купить при командировке?,133,0.7273,0.72,0.0,0.73,7 Организация работы командированного сотрудника
22,Какого класса билет на самолет можно купить при командировке?,134,0.7305,0.72,0.0,0.73,ПОЛОЖЕНИЕ О командировках в АО «ВолгоградНИПИнефть» «ПЛ-13-К»
22,Какого класса билет на самолет можно купить при командировке?,135,0.7354,0.71,0.0,0.74,4 Командировки
22,Какого класса билет на самолет можно купить при командировке?,136,0.7842,0.69,0.0,0.78,6 Организация командировки
22,Какого класса билет на самолет можно купить при командировке?,137,0.7298,0.66,0.0,0.73,1 Общие положения
22,Какого класса билет на самолет можно купить при командировке?,138,0.7441,0.66,0.0,0.74,Приложение Б
22,Какого класса билет на самолет можно купить при командировке?,139,0.7292,0.66,0.0,0.73,Приложение В
22,Какого класса билет на самолет можно купить при командировке?,140,0.7398,0.65,0.0,0.74,СОГЛАСОВАНО:
22,Какого класса билет на самолет можно купить при командировке?,141,0.7538,0.64,0.0,0.75,3 Термины и определения
22,Какого класса билет на самолет можно купить при командировке?,142,0.7574,0.64,0.0,0.76,2 Нормативные ссылки
22,Какого класса билет на самолет можно купить при командировке?,143,0.6524,0.62,0.0,0.65,Приложение Д
23,Какого класса поездка может быть на самолете?,1,0.7755,0.78,0.0,0.73,"5.2 Транспортные расходы планируются, исходя из следующего:"
23,Какого класса поездка может быть на самолете?,2,0.7387,0.74,0.0,0.74,3.2 К служебным командировкам не относятся:
23,Какого класса поездка может быть на самолете?,3,0.7326,0.73,0.0,0.73,Заявка на оформление приказа на командировку и получения денежных средств
23,Какого класса поездка может быть на самолете?,4,0.732,0.73,0.0,0.72,"6.5 Не допускается направление в командировку и выдача аванса сотрудникам, не отчитавшимся об израсходованных средствах в предыдущей командировке (срок отчетности - 3 дня). Днем выезда работника в командировку считается"
23,Какого класса поездка может быть на самолете?,5,0.7307,0.73,0.0,0.73,"Документы, подтверждающие расходы на проезд"
23,Какого класса поездка может быть на самолете?,6,0.7211,0.72,0.0,0.7,"5.1 Отходы в зависимости от степени негативного воздействия на окружающую среду подразделяются  в  соответствии  с  критериями,  установленными  федеральным органом исполнительной власти, осуществляющим государственное регулирование в области охраны окружающей среды, на пять классов опасности:"
23,Какого класса поездка может быть на самолете?,7,0.7162,0.72,0.0,0.72,8 Срок и режим командировки
23,Какого класса поездка может быть на самолете?,8,0.7418,0.71,0.56,0.74,8.4 Транспортирование отходов V класса опасности
23,Какого класса поездка может быть на самолете?,9,0.7096,0.71,0.0,0.0,4.7 Обслуживание ЛВС.
23,Какого класса поездка может быть на самолете?,10,0.7118,0.71,0.0,0.71,"9.2 Отходы III-IV классов опасности передаются сторонним специализированным организациям только при наличии заключенного договора. Организация должна иметь лицензию на осуществление деятельности по сбору, транспортированию, обработке, утилизации, обезвреживанию, размещению отходов I-IV классов опасности, в приложении к которой обязательно должны быть прописаны те виды"
23,Какого класса поездка может быть на самолете?,11,0.7077,0.71,0.0,0.0,7.3 При заполнении реестра риска используются следующие шкалы (приложение В данной инструкции)
23,Какого класса поездка может быть на самолете?,12,0.7044,0.7,0.0,0.7,"9.2 Отчет о командировке согласуется с начальником отдела, утверждается генеральным директором или первым заместителем генерального директора."
23,Какого класса поездка может быть на самолете?,13,0.6987,0.7,0.0,0.69,"1.1 Настоящее Положение определяет особенности порядка направления в служебные командировки сотрудников АО «ВолгоградНИПИнефть» (далее по тексту Институт) как на территории России, так и на территории иностранных государств."
23,Какого класса поездка может быть на самолете?,14,0.6986,0.7,0.59,0.68,ЗАЯВКА на предоставление корпоративной мобильной связи
23,Какого класса поездка может быть на самолете?,15,0.698,0.7,0.0,0.0,Общие сведения
23,Какого класса поездка может быть на самолете?,16,0.6974,0.7,0.0,0.69,10 Отмена командировки
23,Какого класса поездка может быть на самолете?,17,0.6961,0.7,0.0,0.0,Требования к компьютерам:
23,Какого класса поездка может быть на самолете?,18,0.6957,0.7,0.0,0.0,Риски
23,Какого класса поездка может быть на самолете?,19,0.6954,0.7,0.63,0.0,"6.8 Отходы II класса опасности должны накапливаться в закрытом подсобном помещении (или его части) с твердым покрытием пола в случае необходимости в герметичной таре, раздельно с другими видами отходов. Допускается накопление на стеллажах."
23,Какого класса поездка может быть на самолете?,20,0.7053,0.7,0.0,0.71,"8.4 Работники, совмещающие работу с обучением, имеют право на дополнительные отпуска с сохранением среднего заработка в соответствии со статьей 173 ТК РФ"
23,Какого класса поездка может быть на самолете?,21,0.6952,0.7,0.0,0.0,Общие сведения
23,Какого класса поездка может быть на самолете?,22,0.7134,0.69,0.0,0.71,4.2 Командировка сотрудника может быть инициирована:
23,Какого класса поездка может быть на самолете?,23,0.6942,0.69,0.6,0.68,"6.11 Отходы IV-V классов опасности, предназначенные для захоронения на полигоне"
23,Какого класса поездка может быть на самолете?,24,0.7065,0.69,0.0,0.71,2.1 Постановление Правительства РФ от 13 октября 2008 г. N 749 «Об особенностях направления работников в служебные командировки»
23,Какого класса поездка может быть на самолете?,25,0.6925,0.69,0.0,0.0,Общие сведения
23,Какого класса поездка может быть на самолете?,26,0.692,0.69,0.0,0.0,Настройка и обслуживание ЛВС
23,Какого класса поездка может быть на самолете?,27,0.6911,0.69,0.0,0.0,Приложение 3. Перечень программного обеспечения
23,Какого класса поездка может быть на самолете?,28,0.6902,0.69,0.0,0.0,"9.4 Приемлема одежда и обувь спортивного стиля, в том числе джинсовая одежда классического направления."
23,Какого класса поездка может быть на самолете?,29,0.6901,0.69,0.0,0.0,
23,Какого класса поездка может быть на самолете?,30,0.6898,0.69,0.0,0.0,10 Завершающая стадия
23,Какого класса поездка может быть на самолете?,31,0.6887,0.69,0.0,0.0,Предпринимаемые действия с учетом оценки риска:
23,Какого класса поездка может быть на самолете?,32,0.6931,0.69,0.59,0.69,4.8 На время отпуска или временной нетрудоспособности работника за ним сохраняется установленный лимит корпоративной связи в целях обеспечения оперативной связи в случае возникновения производственной необходимости.
23,Какого класса поездка может быть на самолете?,33,0.6883,0.69,0.0,0.0,Приложение А
23,Какого класса поездка может быть на самолете?,34,0.6879,0.69,0.0,0.0,7.17 Средства контроля/методы смягчения рисков могут быть следующих типов:
23,Какого класса поездка может быть на самолете?,35,0.6876,0.69,0.0,0.67,7.11
23,Какого класса поездка может быть на самолете?,36,0.6865,0.69,0.0,0.0,Общие сведения
23,Какого класса поездка может быть на самолете?,37,0.6859,0.69,0.0,0.67,
23,Какого класса поездка может быть на самолете?,38,0.7133,0.0,0.0,0.71,СОГЛАСОВАНО:
23,Какого класса поездка может быть на самолете?,39,0.6993,0.0,0.0,0.7,Приложение Б
23,Какого класса поездка может быть на самолете?,40,0.6981,0.0,0.0,0.7,"Приложение 3 Образец документа, заверенного генеральным директором."
23,Какого класса поездка может быть на самолете?,41,0.6956,0.0,0.62,0.7,5 Правила пользования корпоративной мобильной связью
23,Какого класса поездка может быть на самолете?,42,0.6948,0.0,0.0,0.69,Приложение В
23,Какого класса поездка может быть на самолете?,43,0.6881,0.0,0.0,0.69,7 Реестр рисков
23,Какого класса поездка может быть на самолете?,44,0.687,0.0,0.0,0.69,"4 Термины, обозначения, сокращения"
23,Какого класса поездка может быть на самолете?,45,0.6855,0.0,0.0,0.69,1 Назначение
23,Какого класса поездка может быть на самолете?,46,0.6854,0.0,0.0,0.69,4 Персонал
23,Какого класса поездка может быть на самолете?,47,0.6846,0.0,0.0,0.68,3 Термины и определения
23,Какого класса поездка может быть на самолете?,48,0.683,0.0,0.0,0.68,Внутреннего трудового распорядка АО «ВолгоградНИПИнефть»
23,Какого класса поездка может быть на самолете?,49,0.6828,0.0,0.0,0.68,Приложение В
23,Какого класса поездка может быть на самолете?,50,0.6826,0.0,0.0,0.68,"7 Учет ошибок, обнаруженных при нормоконтроле"
23,Какого класса поездка может быть на самолете?,51,0.6824,0.0,0.0,0.68,Порядок работы
23,Какого класса поездка может быть на самолете?,52,0.6818,0.0,0.0,0.68,7 Организация работы командированного сотрудника
23,Какого класса поездка может быть на самолете?,53,0.6813,0.0,0.6,0.68,"8 Иные положения, связанные с организацией труда дистанционных работников"
23,Какого класса поездка может быть на самолете?,54,0.681,0.0,0.0,0.68,Приложение 6. Формы журналов отдела
23,Какого класса поездка может быть на самолете?,55,0.6789,0.0,0.0,0.68,ПЛ-13-К
23,Какого класса поездка может быть на самолете?,56,0.6789,0.0,0.0,0.68,ПОЛОЖЕНИЕ О командировках в АО «ВолгоградНИПИнефть» «ПЛ-13-К»
23,Какого класса поездка может быть на самолете?,57,0.6776,0.0,0.0,0.68,8 Управление исходящей документацией
23,Какого класса поездка может быть на самолете?,58,0.6775,0.0,0.0,0.68,"4 Термины, обозначения"
23,Какого класса поездка может быть на самолете?,59,0.6767,0.0,0.0,0.68,5 Контроль подготовки к работам
23,Какого класса поездка может быть на самолете?,60,0.676,0.0,0.0,0.68,Приложение Б Шаблон информационного листа проекта.
23,Какого класса поездка может быть на самолете?,61,0.6757,0.0,0.0,0.68,Приложение А
23,Какого класса поездка может быть на самолете?,62,0.6753,0.0,0.0,0.68,ИНСТРУКЦИЯ Внешние поставки «ИН-01-ВП»
23,Какого класса поездка может быть на самолете?,63,0.6753,0.0,0.0,0.68,ИН-01-ВП
23,Какого класса поездка может быть на самолете?,64,0.6748,0.0,0.0,0.67,Организация договорной работы
23,Какого класса поездка может быть на самолете?,65,0.6747,0.0,0.63,0.67,5 Должностной оклад и доплаты
23,Какого класса поездка может быть на самолете?,66,0.6746,0.0,0.0,0.67,6 Управление внутренними документами
23,Какого класса поездка может быть на самолете?,67,0.6745,0.0,0.0,0.67,6 Ответственность
23,Какого класса поездка может быть на самолете?,68,0.6745,0.0,0.57,0.67,Приложение Д
23,Какого класса поездка может быть на самолете?,69,0.6743,0.0,0.0,0.67,Приложение Е
23,Какого класса поездка может быть на самолете?,70,0.674,0.0,0.0,0.67,Приложение 6. Формы журналов отдела:
23,Какого класса поездка может быть на самолете?,71,0.6739,0.0,0.0,0.67,"Приложение 4 Образец оформления документа, содержащего более одной страницы."
23,Какого класса поездка может быть на самолете?,72,0.6733,0.0,0.6,0.67,5 Идентификация всех возможных экологических аспектов
23,Какого класса поездка может быть на самолете?,73,0.6733,0.0,0.57,0.67,2 Структура
23,Какого класса поездка может быть на самолете?,74,0.6732,0.0,0.0,0.67,Приложение 3. Перечень регламентированных бизнес-процессов
23,Какого класса поездка может быть на самолете?,75,0.6731,0.0,0.0,0.67,1 ОБЩИЕ ПОЛОЖЕНИЯ
23,Какого класса поездка может быть на самолете?,76,0.6728,0.0,0.0,0.67,Лист регистрации изменений
23,Какого класса поездка может быть на самолете?,77,0.6728,0.0,0.0,0.67,2 Структура
23,Какого класса поездка может быть на самолете?,78,0.6723,0.0,0.0,0.67,4 Функции
23,Какого класса поездка может быть на самолете?,79,0.6717,0.0,0.56,0.67,5 Порядок приема и перевода работника на дистанционную работу
23,Какого класса поездка может быть на самолете?,80,0.6716,0.0,0.0,0.67,Приложение Г
23,Какого класса поездка может быть на самолете?,81,0.6716,0.0,0.0,0.67,1 Назначение
23,Какого класса поездка может быть на самолете?,82,0.6716,0.0,0.0,0.67,Приложение Г
23,Какого класса поездка может быть на самолете?,83,0.6712,0.0,0.0,0.67,Размер материальной помощи
23,Какого класса поездка может быть на самолете?,84,0.6705,0.0,0.0,0.67,2 Область применения
23,Какого класса поездка может быть на самолете?,85,0.6705,0.0,0.0,0.67,2 Область применения
23,Какого класса поездка может быть на самолете?,86,0.6702,0.0,0.0,0.67,Приложение 6. Формы журналов отдела:
23,Какого класса поездка может быть на самолете?,87,0.6701,0.0,0.0,0.67,Поощрения за успехи в работе
23,Какого класса поездка может быть на самолете?,88,0.6695,0.0,0.0,0.67,Рабочее время и его использование
23,Какого класса поездка может быть на самолете?,89,0.6694,0.0,0.0,0.67,Лист регистрации изменений
23,Какого класса поездка может быть на самолете?,90,0.669,0.0,0.0,0.67,"4 Термины, обозначения, сокращения"
23,Какого класса поездка может быть на самолете?,91,0.6687,0.0,0.0,0.67,Основные права и обязанности работников
23,Какого класса поездка может быть на самолете?,92,0.6686,0.0,0.0,0.67,2 Структура
23,Какого класса поездка может быть на самолете?,93,0.7063,0.0,0.71,0.0,6.2 Оценка существенности экологических аспектов по суммарному количеству баллов
23,Какого класса поездка может быть на самолете?,94,0.6971,0.0,0.7,0.0,Проекты актов сдачи - приемки выполненных работ
23,Какого класса поездка может быть на самолете?,95,0.6747,0.0,0.67,0.0,"Оформление договоров на выполнение работ, оказание услуг"
23,Какого класса поездка может быть на самолете?,96,0.6442,0.0,0.64,0.0,"Приложение 7. Выпуск продукции на 20__ г. на основании заключенных договоров, с НДС."
23,Какого класса поездка может быть на самолете?,97,0.6402,0.0,0.64,0.0,4.1 Термины.
23,Какого класса поездка может быть на самолете?,98,0.6211,0.0,0.62,0.0,7 Последовательность формирования реестров экологических аспектов
23,Какого класса поездка может быть на самолете?,99,0.6203,0.0,0.62,0.0,"2.1 Обязанности Уполномоченного по ИСМ возлагаются на сотрудника отдела с высшим или неполным высшим образованием, без предъявления требований к стажу работы в Институте."
23,Какого класса поездка может быть на самолете?,100,0.6194,0.0,0.62,0.0,5.3 Идентификация экологических аспектов
23,Какого класса поездка может быть на самолете?,101,0.611,0.0,0.61,0.0,3 Нормативные ссылки
23,Какого класса поездка может быть на самолете?,102,0.6079,0.0,0.61,0.0,1.9 Контроль над исполнением настоящего Положения возлагается на учетно-финансовый отдел с назначением ответственного лица.
23,Какого класса поездка может быть на самолете?,103,0.6064,0.0,0.61,0.0,8 Начисление и выплата заработной платы
23,Какого класса поездка может быть на самолете?,104,0.5961,0.0,0.6,0.0,"4.2 Проверка соответствия закону представляемых на подпись руководителю Института приказов, инструкций, положений и других документов правового характера."
23,Какого класса поездка может быть на самолете?,105,0.5954,0.0,0.6,0.0,1 Назначение
23,Какого класса поездка может быть на самолете?,106,0.5944,0.0,0.59,0.0,"1.2 Настоящее Положение разработано на основании статей Конституции РФ, Трудового Кодекса РФ, Кодекса об административных правонарушениях РФ, Гражданского Кодекса РФ, Уголовного Кодекса РФ, а также Федерального закона «Об информации, информатизации и защите информации»."
23,Какого класса поездка может быть на самолете?,107,0.5906,0.0,0.59,0.0,Проект горного отвода для всех видов полезных ископаемых
23,Какого класса поездка может быть на самолете?,108,0.5845,0.0,0.58,0.0,"6.1 Ненадлежащее и несвоевременное выполнение задач и функций, предусмотренных настоящим положением."
23,Какого класса поездка может быть на самолете?,109,0.5817,0.0,0.58,0.0,7.2 Средства корпоративной мобильной связи (SIM-карта и/или мобильный аппарат) передаются работнику по акту приема-передачи. В день увольнения работник обязан вернуть SIM-карту и/или мобильный аппарат по акту приема-передачи материальных ценностей и/или переоформить SIM-карту в личное пользование.
23,Какого класса поездка может быть на самолете?,110,0.5816,0.0,0.58,0.0,7 Организация и стадии выполнения проектных работ
23,Какого класса поездка может быть на самолете?,111,0.5811,0.0,0.58,0.0,Приложение 2 Перечень внутренней документации ИСМ отдела
23,Какого класса поездка может быть на самолете?,112,0.5718,0.0,0.57,0.0,1.2 Обязанности Уполномоченного по ИСМ возлагаются начальником отдела инженерных изысканий на сотрудника отдела.
23,Какого класса поездка может быть на самолете?,113,0.5717,0.0,0.57,0.0,Определения и сокращения
23,Какого класса поездка может быть на самолете?,114,0.5709,0.0,0.57,0.0,АО «ВолгоградНИПИнефть» Положение «ПЛ-05»
23,Какого класса поездка может быть на самолете?,115,0.5707,0.0,0.57,0.0,Информация о документе
23,Какого класса поездка может быть на самолете?,116,0.5705,0.0,0.57,0.0,4.1 Готовить проекты документов в рамках своей деятельности и предоставлять их на рассмотрение руководства.
23,Какого класса поездка может быть на самолете?,117,0.57,0.0,0.57,0.0,1.3 Действие инструкции распространяется на всех сотрудников Института.
23,Какого класса поездка может быть на самолете?,118,0.5696,0.0,0.57,0.0,3.2 При работе с рамочными договорами на обучение к счету на оплату прикладывается расшифровка Заявки на обучение:
23,Какого класса поездка может быть на самолете?,119,0.5683,0.0,0.57,0.0,3 Общие положения
23,Какого класса поездка может быть на самолете?,120,0.5674,0.0,0.57,0.0,"5.4 Представлять на совещаниях Института предложения по вопросам, входящим в компетенцию Отдела."
23,Какого класса поездка может быть на самолете?,121,0.5672,0.0,0.57,0.0,Обработка результатов измерений
23,Какого класса поездка может быть на самолете?,122,0.5669,0.0,0.57,0.0,Повременно-премиальная система оплаты труда
23,Какого класса поездка может быть на самолете?,123,0.565,0.0,0.56,0.0,4.2 Внешний доступ.
23,Какого класса поездка может быть на самолете?,124,0.5626,0.0,0.56,0.0,3 Метрологическое обеспечение
23,Какого класса поездка может быть на самолете?,125,0.5622,0.0,0.56,0.0,СОГЛАСОВАНО:
23,Какого класса поездка может быть на самолете?,126,0.562,0.0,0.56,0.0,4.7 Создание проектной документации на разработку месторождений.
23,Какого класса поездка может быть на самолете?,127,0.5585,0.0,0.56,0.0,1 Общие положения
23,Какого класса поездка может быть на самолете?,128,0.5579,0.0,0.56,0.0,2.4 Работники Отдела назначаются на должности и освобождаются от должностей приказом генерального директора Института по представлению начальника отдела.
23,Какого класса поездка может быть на самолете?,129,0.5557,0.0,0.56,0.0,Приложение 2. Перечень внутренней документации
23,Какого класса поездка может быть на самолете?,130,0.5553,0.0,0.56,0.0,"5.5 Совершать иные действия, необходимые для выполнения задач, возложенных на Отдел."
23,Какого класса поездка может быть на самолете?,131,0.5543,0.0,0.55,0.0,"3.9 При принятии решений, затрагивающих интересы работника, работодатель не имеет права основываться на персональных данных работника, полученных исключительно в результате их автоматизированной обработки или электронного получения. Работодатель учитывает личные качества работника, его добросовестный и эффективный труд"
23,Какого класса поездка может быть на самолете?,132,0.5538,0.0,0.55,0.0,"6.1 В качестве документального подтверждения расходов на корпоративную мобильную связь ответственное лицо организует получение от оператора, предоставляющего мобильную связь, детализации звонков по всем корпоративным номерам, используемым в Институте."
23,Какого класса поездка может быть на самолете?,133,0.5534,0.0,0.55,0.0,ПЛ-08-УИСМ
23,Какого класса поездка может быть на самолете?,134,0.5531,0.0,0.55,0.0,"5.1 Под угрозой или опасностью утраты персональных данных понимается единичное или комплексное, реальное или потенциальное, активное или пассивное проявление злоумышленных возможностей внешних или внутренних источников угрозы создавать неблагоприятные события, оказывать дестабилизирующее воздействие на защищаемую информацию."
23,Какого класса поездка может быть на самолете?,135,0.7162,0.72,0.0,0.72,8 Срок и режим командировки
23,Какого класса поездка может быть на самолете?,136,0.7291,0.7,0.0,0.73,5 Бюджет командировки
23,Какого класса поездка может быть на самолете?,137,0.7302,0.7,0.0,0.73,Приложение А
23,Какого класса поездка может быть на самолете?,138,0.6974,0.7,0.0,0.69,10 Отмена командировки
23,Какого класса поездка может быть на самолете?,139,0.7044,0.7,0.0,0.7,9 Окончание работ. Отчет о командировке
23,Какого класса поездка может быть на самолете?,140,0.6836,0.68,0.0,0.68,ПОЛОЖЕНИЕ О командировках в АО «ВолгоградНИПИнефть» «ПЛ-13-К»
23,Какого класса поездка может быть на самолете?,141,0.7275,0.68,0.0,0.73,Приложение Г
23,Какого класса поездка может быть на самолете?,142,0.6818,0.67,0.0,0.68,7 Организация работы командированного сотрудника
23,Какого класса поездка может быть на самолете?,143,0.7134,0.67,0.0,0.71,4 Командировки
23,Какого класса поездка может быть на самолете?,144,0.7387,0.67,0.0,0.74,3 Термины и определения
23,Какого класса поездка может быть на самолете?,145,0.7228,0.66,0.0,0.72,6 Организация командировки
23,Какого класса поездка может быть на самолете?,146,0.6948,0.65,0.0,0.69,Приложение В
23,Какого класса поездка может быть на самолете?,147,0.6993,0.65,0.0,0.7,Приложение Б
23,Какого класса поездка может быть на самолете?,148,0.6928,0.64,0.0,0.69,1 Общие положения
23,Какого класса поездка может быть на самолете?,149,0.7133,0.63,0.0,0.71,СОГЛАСОВАНО:
23,Какого класса поездка может быть на самолете?,150,0.7065,0.62,0.0,0.71,2 Нормативные ссылки
23,Какого класса поездка может быть на самолете?,151,0.6552,0.62,0.0,0.66,Приложение Д
25,Какие задачи у отдела геологии?,1,0.8585,0.86,0.0,0.79,3 Задачи
25,Какие задачи у отдела геологии?,2,0.783,0.78,0.0,0.74,4 Функции
25,Какие задачи у отдела геологии?,3,0.724,0.72,0.0,0.71,Приложение 2. Перечень внутренней документации
25,Какие задачи у отдела геологии?,4,0.7405,0.72,0.0,0.74,Отдел имеет право:
25,Какие задачи у отдела геологии?,5,0.7151,0.72,0.0,0.71,Приложение 4. Перечень рабочих инструкций
25,Какие задачи у отдела геологии?,6,0.7149,0.71,0.0,0.71,Приложение 5. Перечень программного обеспечения отдела
25,Какие задачи у отдела геологии?,7,0.7129,0.71,0.0,0.71,8 Список приложений
25,Какие задачи у отдела геологии?,8,0.71,0.71,0.0,0.7,СОГЛАСОВАНО:
25,Какие задачи у отдела геологии?,9,0.7061,0.71,0.0,0.66,1 Общие положения
25,Какие задачи у отдела геологии?,10,0.7144,0.7,0.0,0.71,Приложение 3. Перечень регламентированных бизнес-процессов
25,Какие задачи у отдела геологии?,11,0.7207,0.7,0.0,0.72,7 Организация и стадии выполнения проектных работ
25,Какие задачи у отдела геологии?,12,0.7025,0.7,0.0,0.7,Отдел несет ответственность за:
25,Какие задачи у отдела геологии?,13,0.6976,0.7,0.0,0.69,2 Структура
25,Какие задачи у отдела геологии?,14,0.6848,0.67,0.0,0.68,ПОЛОЖЕНИЕ Об отделе геологии «ПЛ-07»
26,Что такое риск?,1,0.8381,0.84,0.0,0.77,"4 Термины, обозначения, сокращения"
26,Что такое риск?,2,0.792,0.79,0.51,0.77,7.8.2 финансовые риски
26,Что такое риск?,3,0.7863,0.79,0.0,0.77,Матрица риска
26,Что такое риск?,4,0.7768,0.78,0.0,0.73,Риски
26,Что такое риск?,5,0.7754,0.78,0.0,0.76,7 Реестр рисков
26,Что такое риск?,6,0.7754,0.78,0.0,0.73,7 Реестр рисков
26,Что такое риск?,7,0.7754,0.78,0.0,0.77,7 Реестр рисков
26,Что такое риск?,8,0.7703,0.77,0.0,0.73,"5.2 Риск угрозы любым информационным ресурсам создают стихийные бедствия, экстремальные  ситуации,  террористические  действия,  аварии  технических средств и линий связи, другие объективные обстоятельства, а также заинтересованные и незаинтересованные в возникновении угрозы лица."
26,Что такое риск?,9,0.7665,0.77,0.0,0.75,"6.6 В случае, если риск идентифицирован впервые"
26,Что такое риск?,10,0.7572,0.76,0.0,0.75,6.13 Идентифицированные риски подлежат оценке. Процесс оценки рисков проводится с целью выделения значимых рисков. Оценка рисков предусматривает проведение следующих этапов (Приложение В данной инструкции):
26,Что такое риск?,11,0.7629,0.75,0.0,0.76,5.1 Процесс управления рисками включает следующие подпроцессы:
26,Что такое риск?,12,0.7406,0.74,0.0,0.73,Методы идентификации рисков
26,Что такое риск?,13,0.7658,0.74,0.0,0.77,1 Назначение
26,Что такое риск?,14,0.7451,0.73,0.0,0.75,Приложение А
26,Что такое риск?,15,0.7266,0.73,0.0,0.71,СОГЛАСОВАНО:
26,Что такое риск?,16,0.7328,0.72,0.0,0.73,ИНСТРУКЦИЯ Управление рисками «ИН-01-УР»
26,Что такое риск?,17,0.7207,0.72,0.0,0.0,4.16 Разработка и внедрение мер по предотвращению экологических рисков.
26,Что такое риск?,18,0.7198,0.72,0.0,0.71,"4 Термины, обозначения, сокращения"
26,Что такое риск?,19,0.7182,0.72,0.0,0.0,5 Ответственность.
26,Что такое риск?,20,0.7179,0.72,0.0,0.0,"3.5 Постоянное изучение и анализ замечаний Заказчиков, органов государственного надзора, проведение корректирующих действий для устранения причин их возникновения, идентификация рисков и/или возможностей."
26,Что такое риск?,21,0.7147,0.71,0.0,0.67,4.1 Термины.
26,Что такое риск?,22,0.7146,0.71,0.0,0.67,"3.3 Постоянное изучение и анализ замечаний Заказчиков, органов государственного надзора, проведение корректирующих действий для устранения причин их возникновения, идентификация рисков и/или возможностей."
26,Что такое риск?,23,0.7088,0.71,0.0,0.0,5 Ответственность
26,Что такое риск?,24,0.7083,0.71,0.0,0.67,"3.5 Постоянное изучение и анализ замечаний Заказчиков, органов государственного надзора, проведение корректирующих действий для устранения причин их возникновения, идентификация рисков и/или возможностей."
26,Что такое риск?,25,0.7328,0.71,0.0,0.73,ИН-01-УР
26,Что такое риск?,26,0.7043,0.7,0.0,0.7,"6.1 Коммерческая тайна - режим конфиденциальности информации, позволяющий ее обладателю при существующих или возможных обстоятельствах увеличить доходы, избежать неоправданных расходов, сохранить положение на рынке товаров, работ, услуг или получить иную коммерческую выгоду."
26,Что такое риск?,27,0.7007,0.7,0.0,0.69,5.3 Идентификация экологических аспектов
26,Что такое риск?,28,0.7222,0.0,0.0,0.72,"2 ОСНОВНЫЕ ОБЯЗАННОСТИ, ПРИНЦИПЫ И ПРАВИЛА СЛУЖЕБНОГО ПОВЕДЕНИЯ РАБОТНИКОВ"
26,Что такое риск?,29,0.7175,0.0,0.0,0.72,10 Безопасное обращение с отходами
26,Что такое риск?,30,0.7155,0.0,0.0,0.72,5 Основные положения
26,Что такое риск?,31,0.7073,0.0,0.0,0.71,"2 ОСНОВНЫЕ ОБЯЗАННОСТИ, ПРИНЦИПЫ И ПРАВИЛА СЛУЖЕБНОГО ПОВЕДЕНИЯ РАБОТНИКОВ"
26,Что такое риск?,32,0.7032,0.0,0.0,0.7,12 Ответственность за разглашение коммерческой тайны
26,Что такое риск?,33,0.7023,0.0,0.0,0.7,Итоговый реестр существенных экологических аспектов
26,Что такое риск?,34,0.7015,0.0,0.0,0.7,"8 Иные положения, связанные с организацией труда дистанционных работников"
26,Что такое риск?,35,0.6946,0.0,0.0,0.69,Внутреннего трудового распорядка АО «ВолгоградНИПИнефть»
26,Что такое риск?,36,0.6925,0.0,0.0,0.69,"7 Ответственность за разглашение конфиденциальной информации, связанной с персональными данными"
26,Что такое риск?,37,0.6922,0.0,0.0,0.69,9 Обязательства работника
26,Что такое риск?,38,0.6914,0.0,0.0,0.69,Внутреннего трудового распорядка АО «ВолгоградНИПИнефть»
26,Что такое риск?,39,0.6882,0.0,0.0,0.69,10 Порядок допуска к коммерческой тайне
26,Что такое риск?,40,0.6875,0.0,0.0,0.69,6 Ответственность
26,Что такое риск?,41,0.6871,0.0,0.0,0.69,6 Ответственность
26,Что такое риск?,42,0.6869,0.0,0.0,0.69,9 Требования к передаче отходов сторонним специализированным организациям
26,Что такое риск?,43,0.6862,0.0,0.0,0.69,3 ОСНОВНЫЕ ФУНКЦИИ МАРКШЕЙДЕРСКО-ГЕОДЕЗИЧЕСКОЙ СЛУЖБЫ
26,Что такое риск?,44,0.6858,0.0,0.0,0.69,Отдел несет ответственность за:
26,Что такое риск?,45,0.6856,0.0,0.0,0.69,"4 Термины, обозначения"
26,Что такое риск?,46,0.685,0.0,0.0,0.68,Основные права и обязанности работников
26,Что такое риск?,47,0.6848,0.0,0.0,0.68,"2 ОСНОВНЫЕ ОБЯЗАННОСТИ, ПРИНЦИПЫ И ПРАВИЛА СЛУЖЕБНОГО ПОВЕДЕНИЯ РАБОТНИКОВ"
26,Что такое риск?,48,0.6834,0.0,0.0,0.68,8 Требования к транспортированию отходов
26,Что такое риск?,49,0.6833,0.0,0.0,0.68,Общие положения
26,Что такое риск?,50,0.6822,0.0,0.0,0.68,5 Идентификация всех возможных экологических аспектов
26,Что такое риск?,51,0.6819,0.0,0.0,0.68,3 ОСНОВНЫЕ ФУНКЦИИ МАРКШЕЙДЕРСКО-ГЕОДЕЗИЧЕСКОЙ СЛУЖБЫ
26,Что такое риск?,52,0.681,0.0,0.0,0.68,Ответственность работодателя за нарушение прав работников
26,Что такое риск?,53,0.681,0.0,0.0,0.68,1 Назначение
26,Что такое риск?,54,0.6809,0.0,0.0,0.68,4 Персонал
26,Что такое риск?,55,0.6809,0.0,0.0,0.68,Основные права и обязанности работодателя
26,Что такое риск?,56,0.6806,0.0,0.0,0.68,1 Назначение
26,Что такое риск?,57,0.6802,0.0,0.0,0.68,Сводный реестр экологических аспектов
26,Что такое риск?,58,0.6799,0.0,0.0,0.68,7 Порядок отнесения сведений к коммерческой тайне
26,Что такое риск?,59,0.6793,0.0,0.0,0.68,5 Контроль подготовки к работам
26,Что такое риск?,60,0.6792,0.0,0.0,0.68,2 Область применения
26,Что такое риск?,61,0.679,0.0,0.0,0.68,Внутреннего трудового распорядка АО «ВолгоградНИПИнефть»
26,Что такое риск?,62,0.6789,0.0,0.0,0.68,"10 Функциональные обязанности должностных лиц по контролю качества геодезических, инженерно-изыскательских и картографических работ"
26,Что такое риск?,63,0.6785,0.0,0.0,0.68,5 Полномочия руководителя Института в области защиты коммерческой тайны
26,Что такое риск?,64,0.6785,0.0,0.0,0.68,7 Последовательность формирования реестров экологических аспектов
26,Что такое риск?,65,0.6783,0.0,0.0,0.68,3 Задачи
26,Что такое риск?,66,0.6774,0.0,0.0,0.68,4 Определения и сокращения
26,Что такое риск?,67,0.6769,0.0,0.0,0.68,3 Порядок работы по РД представлен в таблице:
26,Что такое риск?,68,0.6766,0.0,0.5,0.68,5 Правила работы с файлами
26,Что такое риск?,69,0.6758,0.0,0.0,0.68,3 Задачи
26,Что такое риск?,70,0.6758,0.0,0.0,0.68,3 Обработка персональных данных
26,Что такое риск?,71,0.6755,0.0,0.0,0.68,Поощрения за успехи в работе
26,Что такое риск?,72,0.6752,0.0,0.0,0.68,6 Порядок накопления отходов
26,Что такое риск?,73,0.6752,0.0,0.0,0.68,Время отдыха
26,Что такое риск?,74,0.6744,0.0,0.0,0.67,Приложение Б. Информационный лист проекта
26,Что такое риск?,75,0.6741,0.0,0.0,0.67,F:\\\\ !Шаблоны документов\\\\Бланки регистрации
26,Что такое риск?,76,0.6736,0.0,0.0,0.67,Главный маркшейдер - начальник отдела инженерных изысканий МГС соответственно обеспечивает:
26,Что такое риск?,77,0.6729,0.0,0.0,0.67,6 Ответственность
26,Что такое риск?,78,0.6729,0.0,0.0,0.67,6 Определение существенного воздействия экологических аспектов на ОС
26,Что такое риск?,79,0.6725,0.0,0.0,0.67,11 . Порядок прекращения допуска к коммерческой тайне
26,Что такое риск?,80,0.547,0.0,0.55,0.0,"5.7 Записи результатов оценивания и любых необходимых действий, вытекающих из оценки, поддерживаются в рабочем состоянии. Периодически анализируется результативность системы внешних поставок, предпринимаются корректирующие действия, разрабатываются риски и возможности."
26,Что такое риск?,81,0.8381,0.84,0.0,0.77,"4 Термины, обозначения, сокращения"
26,Что такое риск?,82,0.7754,0.78,0.0,0.76,7 Реестр рисков
26,Что такое риск?,83,0.7754,0.78,0.0,0.73,7 Реестр рисков
26,Что такое риск?,84,0.7754,0.78,0.0,0.77,7 Реестр рисков
26,Что такое риск?,85,0.7594,0.76,0.0,0.75,6 Идентификация и оценка рисков
26,Что такое риск?,86,0.7725,0.75,0.0,0.77,7 Реестр рисков
26,Что такое риск?,87,0.7406,0.74,0.0,0.73,Методы идентификации рисков
26,Что такое риск?,88,0.7658,0.74,0.0,0.77,1 Назначение
26,Что такое риск?,89,0.7451,0.73,0.0,0.75,Приложение А
26,Что такое риск?,90,0.7266,0.73,0.0,0.71,СОГЛАСОВАНО:
26,Что такое риск?,91,0.7328,0.72,0.0,0.73,ИНСТРУКЦИЯ Управление рисками «ИН-01-УР»
26,Что такое риск?,92,0.7467,0.72,0.0,0.75,6 Идентификация и оценка рисков
26,Что такое риск?,93,0.7629,0.65,0.0,0.76,5 Основные положения
26,Что такое риск?,94,0.6427,0.64,0.0,0.63,3 Нормативные ссылки
26,Что такое риск?,95,0.7284,0.64,0.0,0.73,Приложение Б
26,Что такое риск?,96,0.7692,0.63,0.0,0.77,Приложение В
26,Что такое риск?,97,0.6322,0.63,0.0,0.63,2 Область применения
27,Какие бывают виды рисков,1,0.8017,0.8,0.0,0.77,"4 Термины, обозначения, сокращения"
27,Какие бывают виды рисков,2,0.7886,0.79,0.0,0.76,7 Реестр рисков
27,Какие бывают виды рисков,3,0.7886,0.79,0.0,0.75,7 Реестр рисков
27,Какие бывают виды рисков,4,0.7886,0.79,0.0,0.77,7 Реестр рисков
27,Какие бывают виды рисков,5,0.7714,0.77,0.0,0.76,6 Идентификация и оценка рисков
27,Какие бывают виды рисков,6,0.8,0.77,0.0,0.8,7 Реестр рисков
27,Какие бывают виды рисков,7,0.7728,0.76,0.0,0.77,1 Назначение
27,Какие бывают виды рисков,8,0.7486,0.74,0.0,0.75,Приложение А
27,Какие бывают виды рисков,9,0.7498,0.74,0.0,0.75,ИНСТРУКЦИЯ Управление рисками «ИН-01-УР»
27,Какие бывают виды рисков,10,0.7437,0.74,0.0,0.74,Методы идентификации рисков
27,Какие бывают виды рисков,11,0.7613,0.74,0.0,0.76,6 Идентификация и оценка рисков
27,Какие бывают виды рисков,12,0.7372,0.74,0.0,0.73,СОГЛАСОВАНО:
27,Какие бывают виды рисков,13,0.6847,0.68,0.0,0.66,3 Нормативные ссылки
27,Какие бывают виды рисков,14,0.7649,0.68,0.0,0.76,5 Основные положения
27,Какие бывают виды рисков,15,0.6765,0.68,0.0,0.67,2 Область применения
27,Какие бывают виды рисков,16,0.7668,0.67,0.0,0.77,Приложение Б
27,Какие бывают виды рисков,17,0.7687,0.66,0.0,0.77,Приложение В
28,Что такое финансовые риски?,1,0.8364,0.84,0.0,0.81,7.8.2 финансовые риски
28,Что такое финансовые риски?,2,0.7998,0.8,0.0,0.75,"4 Термины, обозначения, сокращения"
28,Что такое финансовые риски?,3,0.7667,0.77,0.0,0.73,"5.2 Риск угрозы любым информационным ресурсам создают стихийные бедствия, экстремальные  ситуации,  террористические  действия,  аварии  технических средств и линий связи, другие объективные обстоятельства, а также заинтересованные и незаинтересованные в возникновении угрозы лица."
28,Что такое финансовые риски?,4,0.764,0.76,0.0,0.74,Предпринимаемые действия с учетом оценки риска:
28,Что такое финансовые риски?,5,0.7591,0.76,0.0,0.72,6.7 Идентификация рисков в обязательном порядке
28,Что такое финансовые риски?,6,0.7565,0.76,0.0,0.71,Риски
28,Что такое финансовые риски?,7,0.7547,0.75,0.0,0.74,7 Реестр рисков
28,Что такое финансовые риски?,8,0.7547,0.75,0.0,0.73,7 Реестр рисков
28,Что такое финансовые риски?,9,0.7547,0.75,0.0,0.75,7 Реестр рисков
28,Что такое финансовые риски?,10,0.7475,0.75,0.0,0.75,5.1 Процесс управления рисками включает следующие подпроцессы:
28,Что такое финансовые риски?,11,0.7426,0.74,0.0,0.74,6.13 Идентифицированные риски подлежат оценке. Процесс оценки рисков проводится с целью выделения значимых рисков. Оценка рисков предусматривает проведение следующих этапов (Приложение В данной инструкции):
28,Что такое финансовые риски?,12,0.7277,0.73,0.0,0.71,СОГЛАСОВАНО:
28,Что такое финансовые риски?,13,0.7259,0.73,0.0,0.72,Методы идентификации рисков
28,Что такое финансовые риски?,14,0.7273,0.73,0.0,0.73,Приложение А
28,Что такое финансовые риски?,15,0.7571,0.73,0.0,0.76,1 Назначение
28,Что такое финансовые риски?,16,0.7126,0.71,0.0,0.0,4.16 Разработка и внедрение мер по предотвращению экологических рисков.
28,Что такое финансовые риски?,17,0.7223,0.71,0.0,0.72,ИНСТРУКЦИЯ Управление рисками «ИН-01-УР»
28,Что такое финансовые риски?,18,0.7085,0.71,0.0,0.0,"3.5 Постоянное изучение и анализ замечаний Заказчиков, органов государственного надзора, проведение корректирующих действий для устранения причин их возникновения, идентификация рисков и/или возможностей."
28,Что такое финансовые риски?,19,0.7054,0.71,0.0,0.68,"3.3 Постоянное изучение и анализ замечаний Заказчиков, органов государственного надзора, проведение корректирующих действий для устранения причин их возникновения, идентификация рисков и/или возможностей."
28,Что такое финансовые риски?,20,0.7046,0.7,0.0,0.69,"4 Термины, обозначения, сокращения"
28,Что такое финансовые риски?,21,0.7098,0.7,0.0,0.71,"6.1 Коммерческая тайна - режим конфиденциальности информации, позволяющий ее обладателю при существующих или возможных обстоятельствах увеличить доходы, избежать неоправданных расходов, сохранить положение на рынке товаров, работ, услуг или получить иную коммерческую выгоду."
28,Что такое финансовые риски?,22,0.702,0.7,0.51,0.69,"3.6 Участие  в работе по  приемке  и  реализации  мероприятий  по безопасному ведению горных работ вблизи опасных зон, предупреждению и ликвидации  аварий,  охране  зданий,  сооружений  и  окружающей  природной среды от вредного влияния горных разработок, рациональному и комплексному использованию месторождений полезных ископаемых и определению наиболее рациональных и эффективных схем развития горных работ."
28,Что такое финансовые риски?,23,0.7223,0.7,0.0,0.72,ИН-01-УР
28,Что такое финансовые риски?,24,0.7011,0.7,0.0,0.7,"4.11 Обеспечение законности, своевременности и правильности оформления документов, составление экономически обоснованных отчетных калькуляций себестоимости продукции, выполняемых работ (услуг), расчет по заработной плате, начисление и перечисление налогов и сборов в федеральный, региональный и местный бюджеты, страховых взносов в государственные внебюджетные социальные фонды, платежей в банковские учреждения, средств на финансирование капитальных вложений, погашение в установленные сроки задолженностей банкам по ссудам, а также отчисление средств на материальное стимулирование работников Института."
28,Что такое финансовые риски?,25,0.7207,0.0,0.0,0.72,3 Задачи
28,Что такое финансовые риски?,26,0.7158,0.0,0.0,0.72,"2 ОСНОВНЫЕ ОБЯЗАННОСТИ, ПРИНЦИПЫ И ПРАВИЛА СЛУЖЕБНОГО ПОВЕДЕНИЯ РАБОТНИКОВ"
28,Что такое финансовые риски?,27,0.7035,0.0,0.0,0.7,"2 ОСНОВНЫЕ ОБЯЗАННОСТИ, ПРИНЦИПЫ И ПРАВИЛА СЛУЖЕБНОГО ПОВЕДЕНИЯ РАБОТНИКОВ"
28,Что такое финансовые риски?,28,0.6985,0.0,0.0,0.7,4 Определения и сокращения
28,Что такое финансовые риски?,29,0.6962,0.0,0.0,0.7,Внутреннего трудового распорядка АО «ВолгоградНИПИнефть»
28,Что такое финансовые риски?,30,0.6961,0.0,0.52,0.7,Размер материальной помощи
28,Что такое финансовые риски?,31,0.6954,0.0,0.0,0.7,5 Основные положения
28,Что такое финансовые риски?,32,0.6936,0.0,0.51,0.69,7 Материальная помощь
28,Что такое финансовые риски?,33,0.6932,0.0,0.0,0.69,Итоговый реестр существенных экологических аспектов
28,Что такое финансовые риски?,34,0.6931,0.0,0.0,0.69,5 Правила работы с файлами
28,Что такое финансовые риски?,35,0.6923,0.0,0.0,0.69,Внутреннего трудового распорядка АО «ВолгоградНИПИнефть»
28,Что такое финансовые риски?,36,0.6919,0.0,0.52,0.69,"7 Ответственность за разглашение конфиденциальной информации, связанной с персональными данными"
28,Что такое финансовые риски?,37,0.6915,0.0,0.0,0.69,"2 ОСНОВНЫЕ ОБЯЗАННОСТИ, ПРИНЦИПЫ И ПРАВИЛА СЛУЖЕБНОГО ПОВЕДЕНИЯ РАБОТНИКОВ"
28,Что такое финансовые риски?,38,0.6911,0.0,0.0,0.69,5 Контроль подготовки к работам
28,Что такое финансовые риски?,39,0.6894,0.0,0.0,0.69,12 Ответственность за разглашение коммерческой тайны
28,Что такое финансовые риски?,40,0.6883,0.0,0.0,0.69,Ответственность работодателя за нарушение прав работников
28,Что такое финансовые риски?,41,0.688,0.0,0.0,0.69,6 Ответственность
28,Что такое финансовые риски?,42,0.6877,0.0,0.0,0.69,Внутреннего трудового распорядка АО «ВолгоградНИПИнефть»
28,Что такое финансовые риски?,43,0.686,0.0,0.0,0.69,4 Функции
28,Что такое финансовые риски?,44,0.6859,0.0,0.0,0.69,Финансово-учетная документация:
28,Что такое финансовые риски?,45,0.6857,0.0,0.0,0.69,10 Безопасное обращение с отходами
28,Что такое финансовые риски?,46,0.6853,0.0,0.0,0.69,Отдел несет ответственность за:
28,Что такое финансовые риски?,47,0.6844,0.0,0.0,0.68,5 Идентификация всех возможных экологических аспектов
28,Что такое финансовые риски?,48,0.6841,0.0,0.0,0.68,3 Порядок работы по РД представлен в таблице:
28,Что такое финансовые риски?,49,0.6836,0.0,0.0,0.68,Главный маркшейдер - начальник отдела инженерных изысканий МГС соответственно обеспечивает:
28,Что такое финансовые риски?,50,0.6828,0.0,0.52,0.68,"8 Иные положения, связанные с организацией труда дистанционных работников"
28,Что такое финансовые риски?,51,0.6824,0.0,0.0,0.68,9 Обязательства работника
28,Что такое финансовые риски?,52,0.6815,0.0,0.0,0.68,1 Назначение
28,Что такое финансовые риски?,53,0.6806,0.0,0.0,0.68,5 Понятие и форма договора. Требования к содержанию договоров
28,Что такое финансовые риски?,54,0.6802,0.0,0.0,0.68,Ответственность работников за нарушение трудовой дисциплины
28,Что такое финансовые риски?,55,0.6801,0.0,0.0,0.68,6 Ответственность
28,Что такое финансовые риски?,56,0.6781,0.0,0.0,0.68,9 Требования к передаче отходов сторонним специализированным организациям
28,Что такое финансовые риски?,57,0.678,0.0,0.0,0.68,5 Ответственности
28,Что такое финансовые риски?,58,0.678,0.0,0.0,0.68,3 ОСНОВНЫЕ ФУНКЦИИ МАРКШЕЙДЕРСКО-ГЕОДЕЗИЧЕСКОЙ СЛУЖБЫ
28,Что такое финансовые риски?,59,0.6774,0.0,0.0,0.68,Приложение В
28,Что такое финансовые риски?,60,0.6773,0.0,0.0,0.68,5 Ответственность
28,Что такое финансовые риски?,61,0.6763,0.0,0.0,0.68,Основные права и обязанности работников
28,Что такое финансовые риски?,62,0.6758,0.0,0.0,0.68,1 Общие положения
28,Что такое финансовые риски?,63,0.6758,0.0,0.0,0.68,Внутреннего трудового распорядка АО «ВолгоградНИПИнефть»
28,Что такое финансовые риски?,64,0.6756,0.0,0.0,0.68,1 Общие положения
28,Что такое финансовые риски?,65,0.6749,0.0,0.0,0.67,7 Порядок отнесения сведений к коммерческой тайне
28,Что такое финансовые риски?,66,0.6749,0.0,0.52,0.67,АО «ВолгоградНИПИнефть»
28,Что такое финансовые риски?,67,0.6745,0.0,0.0,0.67,Поощрения за успехи в работе
28,Что такое финансовые риски?,68,0.674,0.0,0.0,0.67,Идентификация экологических аспектов
28,Что такое финансовые риски?,69,0.6739,0.0,0.0,0.67,6 Ответственность
28,Что такое финансовые риски?,70,0.6739,0.0,0.53,0.67,2 Понятие и состав персональных данных
28,Что такое финансовые риски?,71,0.6739,0.0,0.0,0.67,5 Бюджет командировки
28,Что такое финансовые риски?,72,0.6729,0.0,0.0,0.67,6 Ответственность
28,Что такое финансовые риски?,73,0.6728,0.0,0.0,0.67,5 Ответственность
28,Что такое финансовые риски?,74,0.6722,0.0,0.0,0.67,3 Задачи
28,Что такое финансовые риски?,75,0.6722,0.0,0.0,0.67,2 Область применения
28,Что такое финансовые риски?,76,0.672,0.0,0.0,0.67,Отдел несет ответственность за:
28,Что такое финансовые риски?,77,0.6708,0.0,0.0,0.67,12 Ответственность
28,Что такое финансовые риски?,78,0.5459,0.0,0.55,0.0,Журнал авансовые платежи
28,Что такое финансовые риски?,79,0.5398,0.0,0.54,0.0,1 Назначение
28,Что такое финансовые риски?,80,0.5352,0.0,0.54,0.0,6.1 Методика оценки экологических аспектов
28,Что такое финансовые риски?,81,0.5319,0.0,0.53,0.0,5 Идентификация всех возможных экологических аспектов
28,Что такое финансовые риски?,82,0.5295,0.0,0.53,0.0,"4.6 В течение двух рабочих дней с момента подписания приказа, работнику выдается SIM-карта под подпись и (при необходимости) мобильный аппарат по акту приема-передачи по форме указанной в Приложении В. Возврат по форме в Приложении Г."
28,Что такое финансовые риски?,83,0.5274,0.0,0.53,0.0,4 Полномочия и права
28,Что такое финансовые риски?,84,0.5266,0.0,0.53,0.0,АКТ
28,Что такое финансовые риски?,85,0.5248,0.0,0.52,0.0,7 Последовательность формирования реестров экологических аспектов
28,Что такое финансовые риски?,86,0.5246,0.0,0.52,0.0,7.6 Режим рабочего времени и отдыха дистанционного работника устанавливается в трудовом договоре (дополнительном соглашении к трудовому договору). Режим рабочего времени дистанционного работника устанавливается с понедельника по пятницу с 9.00 до 18.00.
28,Что такое финансовые риски?,87,0.5242,0.0,0.52,0.0,3.2 В служебном поведении работник воздерживается от:
28,Что такое финансовые риски?,88,0.5237,0.0,0.52,0.0,1.7 В целях экономии расходов по оплате услуг связи работники подключаются к корпоративному тарифному плану на условиях льготной тарификации по оптимальному тарифу в пределах установленного лимита.
28,Что такое финансовые риски?,89,0.5232,0.0,0.52,0.0,1.3 В своей деятельности Отдел руководствуется:
28,Что такое финансовые риски?,90,0.5232,0.0,0.52,0.0,Компьютерная справочная правовая система ГАРАНТ
28,Что такое финансовые риски?,91,0.5226,0.0,0.52,0.0,6.1 Сбор и анализ информации о проводимых тендерах.
28,Что такое финансовые риски?,92,0.5226,0.0,0.52,0.0,Сверхурочная работа
28,Что такое финансовые риски?,93,0.522,0.0,0.52,0.0,"3.3 Корпоративный мобильный аппарат -  беспроводной  цифровой телефонный аппарат стандарта GSM, принадлежащий Институту и выданный сотруднику  по  Акту  приема-передачи  для  пользования  корпоративной  мобильной связью."
28,Что такое финансовые риски?,94,0.52,0.0,0.52,0.0,"3.3 Контролировать ведение документированной информации ИСМ отдела, анализировать замечания, вести протоколы еженедельных совещаний, отвечать за актуальность внутренних и внешних НД, выпускать тираж проектной документации, обеспечивать соответствие идентификации проекта согласно требованиям процедуры «Управление документированной информацией» (ПР7.5-УДИ)"
28,Что такое финансовые риски?,95,0.52,0.0,0.52,0.0,7.2 Средства корпоративной мобильной связи (SIM-карта и/или мобильный аппарат) передаются работнику по акту приема-передачи. В день увольнения работник обязан вернуть SIM-карту и/или мобильный аппарат по акту приема-передачи материальных ценностей и/или переоформить SIM-карту в личное пользование.
28,Что такое финансовые риски?,96,0.5195,0.0,0.52,0.0,"5.2 Во взаимоотношениях с государственными и муниципальными органами, а также другими предприятиями, организациями, учреждениями, представительствовать в установленном порядке от имени Института по вопросам, относящимся к компетенции Отдела."
28,Что такое финансовые риски?,97,0.5181,0.0,0.52,0.0,7. Книга учета листков нетрудоспособности:
28,Что такое финансовые риски?,98,0.5178,0.0,0.52,0.0,4 Система оплаты труда
28,Что такое финансовые риски?,99,0.5172,0.0,0.52,0.0,"5.7 Записи результатов оценивания и любых необходимых действий, вытекающих из оценки, поддерживаются в рабочем состоянии. Периодически анализируется результативность системы внешних поставок, предпринимаются корректирующие действия, разрабатываются риски и возможности."
28,Что такое финансовые риски?,100,0.517,0.0,0.52,0.0,"5.9 Кроме мер защиты персональных данных, установленных законодательством, работодатели, работники и их представители могут вырабатывать совместные меры защиты персональных данных работников."
28,Что такое финансовые риски?,101,0.5163,0.0,0.52,0.0,6.8 В этом случае дистанционному работнику выплачивается компенсация за использование принадлежащего ему или арендованного им оборудования. Размер компенсации согласовывается в трудовом договоре или в дополнительном соглашении генеральным директором.
28,Что такое финансовые риски?,102,0.5162,0.0,0.52,0.0,"4 Термины, обозначения"
28,Что такое финансовые риски?,103,0.5157,0.0,0.52,0.0,"5.1 Трудовой договор, дополнительное соглашение к трудовому договору, предусматривающие выполнение работником трудовой функции дистанционно, а также внесение изменений в эти договоры (дополнительные соглашения к трудовым договорам) и их расторжение могут заключаться путем обмена между работником (лицом, поступающим на работу) и работодателем электронными документами, а также путем личной подписи. В случае обмена между работником и работодателем электронного документооборота используются усиленная квалифицированная электронная подпись работодателя и усиленная квалифицированная электронная подпись или усиленная неквалифицированная электронная подпись работника в соответствии с законодательством Российской Федерации об электронной подписи."
28,Что такое финансовые риски?,104,0.5146,0.0,0.51,0.0,"1.4 Уполномоченный по ИСМ в своей деятельности руководствуется законами и нормативно-правовыми актами РФ, приказами и указаниями руководства АО «ВолгоградНИПИнефть» (далее по тексту Институт), методическими, нормативными и другими руководящими материалами по вопросам интегрированной системы менеджмента, политиками Института, требованиями национальных стандартов ГОСТ Р ИСО 9001-2015 и ГОСТ Р ИСО 14001-2016, документацией ИСМ Института."
28,Что такое финансовые риски?,105,0.5131,0.0,0.51,0.0,"8.7 Оборудованию, поступившему на баланс Института, присваиваются инвентарные номера, и ведётся его регистрация в УФО."
28,Что такое финансовые риски?,106,0.513,0.0,0.51,0.0,"4.29 Изучение мирового и отечественного опыта применения новых технологий, материалов и оборудования в области маркшейдерии и инженерных изысканий."
28,Что такое финансовые риски?,107,0.5127,0.0,0.51,0.0,"1.14 Комплект обязательной горно-графической маркшейдерско-геодезической документации при проектировании, консервации, ликвидации объектов выполненной Обществом для Заказчика в нефтегазодобывающей, нефтегазотранспортной или нефтегазоперерабатывающей отраслях подлежит постоянному хранению в архиве ЗАО «ВолгоградНИПИнефть», в Государственных Архивных фондах Российской Федерации. Порядок учета, хранения и пользования документацией регламентируется установленными требованиями."
28,Что такое финансовые риски?,108,0.5127,0.0,0.51,0.0,1 Назначение
28,Что такое финансовые риски?,109,0.5121,0.0,0.51,0.0,12 Перечень нормативных документов по контролю качества выпускаемой продукции
28,Что такое финансовые риски?,110,0.5121,0.0,0.51,0.0,"3.6 Все меры конфиденциальности при сборе, обработке и хранении персональных данных сотрудника распространяются как на бумажные, так и на электронные (автоматизированные) носители информации"
28,Что такое финансовые риски?,111,0.512,0.0,0.51,0.0,3.2 Изучение нормативных и регламентирующих государственных документов в области маркшейдерии и инженерных изысканий.
28,Что такое финансовые риски?,112,0.512,0.0,0.51,0.0,"5.3 Сотрудник, использующий корпоративную мобильную связь, обязан отвечать на входящие телефонные звонки в течение рабочего дня, а также в период отпуска или временной нетрудоспособности в целях обеспечения оперативной связи. За несоблюдение данного пункта к сотруднику может быть применено дисциплинарное взыскание."
28,Что такое финансовые риски?,113,0.5113,0.0,0.51,0.0,"5.10 В своей деятельности при выполнении главных задач и основных функций работники маркшейдерско-геодезической службы руководствуются законами Российской Федерации, указами Президента Российской Федерации, постановлениями и распоряжениями Правительства Российской Федерации, настоящим Положением и нормативно-методическими документами, утвержденными Госгортехнадзором России или Федеральной службой по экологическому, технологическому и атомному надзору Российской Федерации."
28,Что такое финансовые риски?,114,0.5111,0.0,0.51,0.0,3 Метрологическое обеспечение
28,Что такое финансовые риски?,115,0.5107,0.0,0.51,0.0,7 Организация и стадии выполнения проектных работ
28,Что такое финансовые риски?,116,0.5103,0.0,0.51,0.0,Техническая информация
28,Что такое финансовые риски?,117,0.5096,0.0,0.51,0.0,4.1 Внутренний доступ (доступ внутри организации).
28,Что такое финансовые риски?,118,0.5096,0.0,0.51,0.0,"1.4 Ответственность за сохранность собственности заказчика несет начальник отдела, инициировавшего получение документа."
28,Что такое финансовые риски?,119,0.5095,0.0,0.51,0.0,Проект на поиски и разведку залежей УВ
28,Что такое финансовые риски?,120,0.5095,0.0,0.51,0.0,"3.4 Использование персональных данных возможно только в соответствии с целями, определившими их получение."
28,Что такое финансовые риски?,121,0.5078,0.0,0.51,0.0,"1.6 Структура и штат МГС устанавливается исходя из необходимости своевременного, качественного и в установленные требованиями нормативных документов сроки выполнения комплекса маркшейдерских работ, необходимого при проектировании, строительстве, эксплуатации, реконструкции, консервации и ликвидации объектов нефтегазовой отрасли, с учетом видов полезного ископаемого, геологического строения месторождения, горнотехнических и гидрогеологических факторов, объемов и технологии ведения горных, строительно-монтажных и строительных работ, площади горного и земельного отводов, их застроенности и климатических условий региона. Численность МГС определяется в соответствии с методикой, которую утверждает генеральный директор Общества по согласованию с Федеральной службой по экологическому, технологическому и атомному надзору, либо его территориальном органом. На руководителя Общества возлагается ответственность за укомплектование отдела необходимым штатом инженернотехнических работников и рабочих, обеспечение ее специально оборудованными помещениями, автотранспортом, инструментами, приборами и материалами, и современной вычислительной техникой (персональными компьютерами с необходимыми программным обеспечением, средствами измерения и контроля, графопостроителями и др.)."
28,Что такое финансовые риски?,122,0.5065,0.0,0.51,0.0,1.3 В своей деятельности Отдел руководствуется:
28,Что такое финансовые риски?,123,0.5062,0.0,0.51,0.0,13 Заключительное положение
28,Что такое финансовые риски?,124,0.5056,0.0,0.51,0.0,"6.10 Отходы IV-V классов опасности, запрещенные к захоронению на полигоне"
28,Что такое финансовые риски?,125,0.5056,0.0,0.51,0.0,"6.1 Предпроектная проработка, как правило, инициируется заявкой Заказчика официальным письмом на имя генерального директора Института, с указанием интересующих работ и услуг, либо поступлением информации о выигранном тендере."
28,Что такое финансовые риски?,126,0.7998,0.8,0.0,0.75,"4 Термины, обозначения, сокращения"
28,Что такое финансовые риски?,127,0.7547,0.75,0.0,0.74,7 Реестр рисков
28,Что такое финансовые риски?,128,0.7547,0.75,0.0,0.73,7 Реестр рисков
28,Что такое финансовые риски?,129,0.7547,0.75,0.0,0.75,7 Реестр рисков
28,Что такое финансовые риски?,130,0.812,0.74,0.0,0.81,7 Реестр рисков
28,Что такое финансовые риски?,131,0.7418,0.74,0.0,0.72,6 Идентификация и оценка рисков
28,Что такое финансовые риски?,132,0.7277,0.73,0.0,0.71,СОГЛАСОВАНО:
28,Что такое финансовые риски?,133,0.7259,0.73,0.0,0.72,Методы идентификации рисков
28,Что такое финансовые риски?,134,0.7273,0.73,0.0,0.73,Приложение А
28,Что такое финансовые риски?,135,0.7571,0.73,0.0,0.76,1 Назначение
28,Что такое финансовые риски?,136,0.7223,0.71,0.0,0.72,ИНСТРУКЦИЯ Управление рисками «ИН-01-УР»
28,Что такое финансовые риски?,137,0.7402,0.71,0.0,0.74,6 Идентификация и оценка рисков
28,Что такое финансовые риски?,138,0.7456,0.67,0.0,0.75,5 Основные положения
28,Что такое финансовые риски?,139,0.651,0.65,0.0,0.64,3 Нормативные ссылки
28,Что такое финансовые риски?,140,0.7123,0.63,0.0,0.71,Приложение Б
28,Что такое финансовые риски?,141,0.6256,0.63,0.0,0.62,2 Область применения
28,Что такое финансовые риски?,142,0.7433,0.61,0.0,0.74,Приложение В
29,Что такое коммерческая тайна?,1,0.8907,0.87,0.0,0.89,"6.1 Коммерческая тайна - режим конфиденциальности информации, позволяющий ее обладателю при существующих или возможных обстоятельствах увеличить доходы, избежать неоправданных расходов, сохранить положение на рынке товаров, работ, услуг или получить иную коммерческую выгоду."
29,Что такое коммерческая тайна?,2,0.8351,0.84,0.0,0.77,"8 Сведения, составляющие коммерческую тайну"
29,Что такое коммерческая тайна?,3,0.82,0.82,0.0,0.78,7 Порядок отнесения сведений к коммерческой тайне
29,Что такое коммерческая тайна?,4,0.8117,0.81,0.0,0.76,10 Порядок допуска к коммерческой тайне
29,Что такое коммерческая тайна?,5,0.7932,0.79,0.0,0.75,12 Ответственность за разглашение коммерческой тайны
29,Что такое коммерческая тайна?,6,0.7917,0.79,0.51,0.79,Режим коммерческой тайны не может быть установлен в отношении следующих сведений:
29,Что такое коммерческая тайна?,7,0.7891,0.79,0.0,0.79,1 Назначение
29,Что такое коммерческая тайна?,8,0.7822,0.78,0.0,0.76,ПОЛОЖЕНИЕ О коммерческой тайне «ПЛ-01-КТ»
29,Что такое коммерческая тайна?,9,0.7803,0.78,0.0,0.77,"4 Термины, обозначения, сокращения"
29,Что такое коммерческая тайна?,10,0.776,0.78,0.52,0.78,11 . Порядок прекращения допуска к коммерческой тайне
29,Что такое коммерческая тайна?,11,0.7753,0.78,0.0,0.74,"9.4 Не использовать коммерческую тайну Института для занятий другой деятельностью, а также в процессе работы для другой организации, предприятия,</h3>, <table><tbody><tr><td>АО «ВолгоградНИПИнефть» Положение «ПЛ-01-КТ»</td><td>Интегрированная Система Менеджмента О коммерческой тайне</td><td>стр. 5 из 15</td></tr></tbody></table>, <p>учреждения, по заданию физического лица или в ходе осуществления предпринимательской деятельности без образования юридического лица, которая в качестве конкурентного действия может нанести ущерб Институту.</p>"
29,Что такое коммерческая тайна?,12,0.7678,0.77,0.0,0.76,Обязательство о сохранении принимаемым на работу сотрудником коммерческой тайны АО «ВолгоградНИПИнефть».
29,Что такое коммерческая тайна?,13,0.7592,0.76,0.0,0.72,3 Нормативные ссылки
29,Что такое коммерческая тайна?,14,0.7588,0.76,0.53,0.71,"5.3 Принимает решения о внесении изменений и (или) дополнений в перечень сведений, оставляющих коммерческую тайну."
29,Что такое коммерческая тайна?,15,0.7577,0.76,0.5,0.73,13 Заключительное положение
29,Что такое коммерческая тайна?,16,0.7476,0.75,0.52,0.0,"6.5 Разглашение конфиденциальной информации, являющейся коммерческой тайной Института."
29,Что такое коммерческая тайна?,17,0.7476,0.75,0.0,0.0,"6.5 Разглашение конфиденциальной информации, являющейся коммерческой тайной Института."
29,Что такое коммерческая тайна?,18,0.7476,0.75,0.56,0.0,"6.5 Разглашение конфиденциальной информации, являющейся коммерческой тайной Института."
29,Что такое коммерческая тайна?,19,0.7461,0.75,0.0,0.0,"5.5 Разглашение конфиденциальной информации, являющейся коммерческой тайной Института."
29,Что такое коммерческая тайна?,20,0.7461,0.75,0.6,0.0,"5.5 Разглашение конфиденциальной информации, являющейся коммерческой тайной Института."
29,Что такое коммерческая тайна?,21,0.7452,0.75,0.0,0.0,"6.5 Разглашение конфиденциальной информации, являющейся коммерческой тайной Института."
29,Что такое коммерческая тайна?,22,0.7429,0.74,0.54,0.0,"5.5 Разглашение конфиденциальной информации, являющейся коммерческой тайной Института."
29,Что такое коммерческая тайна?,23,0.7423,0.74,0.64,0.67,"6.5 Разглашение конфиденциальной информации, информации являющейся коммерческой тайной, персональных данных сотрудников Института."
29,Что такое коммерческая тайна?,24,0.7618,0.74,0.0,0.76,ПЛ-01-КТ
29,Что такое коммерческая тайна?,25,0.732,0.73,0.55,0.7,5.6 «Внешняя защита».
29,Что такое коммерческая тайна?,26,0.7746,0.73,0.0,0.77,Перечень сведений конфиденциального характера
29,Что такое коммерческая тайна?,27,0.7236,0.72,0.0,0.0,Наименование ПО
29,Что такое коммерческая тайна?,28,0.7201,0.72,0.0,0.72,2 Область применения
29,Что такое коммерческая тайна?,29,0.7174,0.72,0.0,0.7,Тендер
29,Что такое коммерческая тайна?,30,0.7172,0.72,0.0,0.71,Маркетинговая информация
29,Что такое коммерческая тайна?,31,0.7164,0.72,0.51,0.0,3.1 Термины и определения:
29,Что такое коммерческая тайна?,32,0.7129,0.71,0.0,0.69,"5.3 Защита персональных данных представляет собой жестко регламентированный и динамически технологический процесс, предупреждающий нарушение доступности, целостности, достоверности и конфиденциальности персональных данных и, в конечном счете, обеспечивающий достаточно надежную безопасность информации в процессе управленческой и производственной деятельности компании."
29,Что такое коммерческая тайна?,33,0.715,0.71,0.0,0.71,"2.3 Данные документы являются конфиденциальными, хотя, учитывая их массовость и единое место обработки и хранения - соответствующий гриф ограничения на них не ставится."
29,Что такое коммерческая тайна?,34,0.706,0.71,0.0,0.0,"3.1 В служебном поведении работнику необходимо исходить из конституционных положений о том, что человек, его права и свободы являются высшей ценностью, и каждый гражданин имеет право на неприкосновенность частной жизни, личную и семейную тайну, защиту чести, достоинства, своего доброго имени."
29,Что такое коммерческая тайна?,35,0.7032,0.7,0.0,0.68,"7 Ответственность за разглашение конфиденциальной информации, связанной с персональными данными"
29,Что такое коммерческая тайна?,36,0.7024,0.7,0.0,0.7,"1.3 Персональные данные относятся к категории конфиденциальной информации. Режим конфиденциальности персональных данных снимается в случаях обезличивания или по истечении 50 лет срока хранения, если иное не определено законом."
29,Что такое коммерческая тайна?,37,0.7023,0.7,0.0,0.0,"1.9 Кодекс закрепляет общие ценности, принципы и правила поведения, такие как:"
29,Что такое коммерческая тайна?,38,0.7006,0.7,0.0,0.0,Общие сведения
29,Что такое коммерческая тайна?,39,0.6989,0.7,0.0,0.0,"Порядок приемки, регистрации и архивирования источников информации."
29,Что такое коммерческая тайна?,40,0.6967,0.7,0.55,0.0,7.4
29,Что такое коммерческая тайна?,41,0.7592,0.0,0.0,0.76,Приложение А
29,Что такое коммерческая тайна?,42,0.7181,0.0,0.51,0.72,"2 ОСНОВНЫЕ ОБЯЗАННОСТИ, ПРИНЦИПЫ И ПРАВИЛА СЛУЖЕБНОГО ПОВЕДЕНИЯ РАБОТНИКОВ"
29,Что такое коммерческая тайна?,43,0.6986,0.0,0.0,0.7,Общие положения
29,Что такое коммерческая тайна?,44,0.6965,0.0,0.53,0.7,Приложение 3. Перечень регламентированных бизнес-процессов
29,Что такое коммерческая тайна?,45,0.6957,0.0,0.0,0.7,ЛИСТ СОГЛАСОВАНИЯ ДОГОВОРА
29,Что такое коммерческая тайна?,46,0.6947,0.0,0.0,0.69,1 Назначение
29,Что такое коммерческая тайна?,47,0.6942,0.0,0.0,0.69,ИНСТРУКЦИЯ По подготовке тендерного предложения «ИН-01-ПТП»
29,Что такое коммерческая тайна?,48,0.6942,0.0,0.0,0.69,ИН-01-ПТП
29,Что такое коммерческая тайна?,49,0.6937,0.0,0.0,0.69,3 Обработка персональных данных
29,Что такое коммерческая тайна?,50,0.6936,0.0,0.0,0.69,1 Назначение
29,Что такое коммерческая тайна?,51,0.6923,0.0,0.0,0.69,5 Защита персональных данных
29,Что такое коммерческая тайна?,52,0.6911,0.0,0.52,0.69,6 Ответственность
29,Что такое коммерческая тайна?,53,0.6887,0.0,0.0,0.69,ИН-15-РегАрх
29,Что такое коммерческая тайна?,54,0.6887,0.0,0.0,0.69,ИНСТРУКЦИЯ Регистрация и архивирование источников информации «ИН-15-РегАрх»
29,Что такое коммерческая тайна?,55,0.688,0.0,0.0,0.69,ИНСТРУКЦИЯ Внешние поставки «ИН-01-ВП»
29,Что такое коммерческая тайна?,56,0.688,0.0,0.0,0.69,ИН-01-ВП
29,Что такое коммерческая тайна?,57,0.688,0.0,0.0,0.69,4 Доступ к персональным данным
29,Что такое коммерческая тайна?,58,0.686,0.0,0.0,0.69,7 Реестр рисков
29,Что такое коммерческая тайна?,59,0.6854,0.0,0.51,0.69,3 ОСНОВНЫЕ ФУНКЦИИ МАРКШЕЙДЕРСКО-ГЕОДЕЗИЧЕСКОЙ СЛУЖБЫ
29,Что такое коммерческая тайна?,60,0.6849,0.0,0.0,0.68,7 Список приложений
29,Что такое коммерческая тайна?,61,0.6838,0.0,0.0,0.68,Техническая информация
29,Что такое коммерческая тайна?,62,0.6829,0.0,0.0,0.68,3 Термины и определения
29,Что такое коммерческая тайна?,63,0.6828,0.0,0.0,0.68,Приложение А
29,Что такое коммерческая тайна?,64,0.6827,0.0,0.0,0.68,ИН-20-ДО
29,Что такое коммерческая тайна?,65,0.6827,0.0,0.0,0.68,ИНСТРУКЦИЯ Организация работ по документообороту «ИН-20-ДО»
29,Что такое коммерческая тайна?,66,0.6826,0.0,0.0,0.68,1 Назначение
29,Что такое коммерческая тайна?,67,0.6819,0.0,0.0,0.68,Приложение 3 Перечень регламентированных бизнеспроцессов
29,Что такое коммерческая тайна?,68,0.6805,0.0,0.0,0.68,СОГЛАСОВАНО:
29,Что такое коммерческая тайна?,69,0.6795,0.0,0.53,0.68,6 Права и обязанности работника
29,Что такое коммерческая тайна?,70,0.6788,0.0,0.0,0.68,5 Правила работы с файлами
29,Что такое коммерческая тайна?,71,0.6778,0.0,0.0,0.68,Внутреннего трудового распорядка АО «ВолгоградНИПИнефть»
29,Что такое коммерческая тайна?,72,0.6776,0.0,0.51,0.68,Главный маркшейдер - начальник отдела инженерных изысканий МГС соответственно обеспечивает:
29,Что такое коммерческая тайна?,73,0.6765,0.0,0.0,0.68,1 ОБЩИЕ ПОЛОЖЕНИЯ
29,Что такое коммерческая тайна?,74,0.6758,0.0,0.0,0.68,"2 ОСНОВНЫЕ ОБЯЗАННОСТИ, ПРИНЦИПЫ И ПРАВИЛА СЛУЖЕБНОГО ПОВЕДЕНИЯ РАБОТНИКОВ"
29,Что такое коммерческая тайна?,75,0.6757,0.0,0.0,0.68,Заключительные положения
29,Что такое коммерческая тайна?,76,0.6755,0.0,0.0,0.68,6 Организация договорной работы
29,Что такое коммерческая тайна?,77,0.6755,0.0,0.0,0.68,4 Функции
29,Что такое коммерческая тайна?,78,0.6754,0.0,0.0,0.68,Определения и сокращения
29,Что такое коммерческая тайна?,79,0.6754,0.0,0.0,0.68,"Приложение 7. Выпуск продукции на 20__ г. на основании заключенных договоров, с НДС."
29,Что такое коммерческая тайна?,80,0.6753,0.0,0.0,0.68,Со структурными подразделениями Общества
29,Что такое коммерческая тайна?,81,0.6741,0.0,0.0,0.67,Приложение 5. Шаблоны бланков документированной информации отдела.
29,Что такое коммерческая тайна?,82,0.6735,0.0,0.0,0.67,10 Завершающая стадия
29,Что такое коммерческая тайна?,83,0.6733,0.0,0.0,0.67,СОГЛАСОВАНО:
29,Что такое коммерческая тайна?,84,0.6726,0.0,0.0,0.67,Лист регистрации изменений
29,Что такое коммерческая тайна?,85,0.6723,0.0,0.0,0.67,2 Нормативные ссылки
29,Что такое коммерческая тайна?,86,0.672,0.0,0.0,0.67,Приложение Г
29,Что такое коммерческая тайна?,87,0.6719,0.0,0.0,0.67,1 Назначение
29,Что такое коммерческая тайна?,88,0.6718,0.0,0.0,0.67,СОГЛАСОВАНО:
29,Что такое коммерческая тайна?,89,0.6718,0.0,0.0,0.67,"Приложение 3 Образец документа, заверенного генеральным директором."
29,Что такое коммерческая тайна?,90,0.6152,0.0,0.62,0.0,6.2 Оценка существенности экологических аспектов по суммарному количеству баллов
29,Что такое коммерческая тайна?,91,0.5736,0.0,0.57,0.0,"Оплата счета (на аванс, за выполненные работы/оказанные услуги) по до-говору:"
29,Что такое коммерческая тайна?,92,0.5677,0.0,0.57,0.0,4.2 Лабораторные исследования керна и шлама нефтегазовых скважин.
29,Что такое коммерческая тайна?,93,0.5641,0.0,0.56,0.0,Компьютерная справочная правовая система ГАРАНТ
29,Что такое коммерческая тайна?,94,0.5635,0.0,0.56,0.0,5.1 Последовательность идентификации экологических аспектов
29,Что такое коммерческая тайна?,95,0.5555,0.0,0.56,0.0,"8.3 В случае направления работодателем дистанционного работника для выполнения служебного поручения в другую местность (на другую территорию), отличную от местности (территории) выполнения трудовой функции, на дистанционного работника распространяется действие статей 166-168 ТК РФ."
29,Что такое коммерческая тайна?,96,0.5426,0.0,0.54,0.0,Проекты актов сдачи - приемки выполненных работ
29,Что такое коммерческая тайна?,97,0.5165,0.0,0.52,0.0,"Материальная помощь, в связи со смертью или чрезвычайными обстоятельствами"
29,Что такое коммерческая тайна?,98,0.5153,0.0,0.52,0.0,"7.4 При подаче дистанционным работником заявления о выдаче заверенных надлежащим образом копий документов, связанных с работой (статья 62 ТК РФ), Институт не позднее трех рабочих дней со дня подачи указанного заявления обязан направить дистанционному работнику эти копии на бумажном носителе (по почте заказным письмом с уведомлением) или в форме электронного документа, если это указано в заявлении работника (в порядке взаимодействия (в том числе в связи с выполнением трудовой функции дистанционно, передачей результатов работы и отчетов о выполненной работе по запросам работодателя), настоящим положением, трудовым договором, дополнительным соглашением к трудовому договору."
29,Что такое коммерческая тайна?,99,0.5145,0.0,0.51,0.0,При этом проверяются:
29,Что такое коммерческая тайна?,100,0.5132,0.0,0.51,0.0,4.1.5 Технологической схемы разработки подземных вод участка месторождения
29,Что такое коммерческая тайна?,101,0.5101,0.0,0.51,0.0,5.2 Работник обязан:
29,Что такое коммерческая тайна?,102,0.5076,0.0,0.51,0.0,ЗАЯВКА на предоставление корпоративной мобильной связи
29,Что такое коммерческая тайна?,103,0.5075,0.0,0.51,0.0,"3.10 Заполненный бланк в электронном виде передается в архив по электронной почте, с обязательным указанием в поле «тема» ХХ - ХХ (номер отдела-номер бланка) на имя Registrator. Название бланка должно содержать номер отдела, номер бланка и идентификационные признаки проектной (отчетной) документации, например: номер договора, сокращенное наименование вида работ/название скважины/месторождения."
29,Что такое коммерческая тайна?,104,0.5055,0.0,0.51,0.0,6.2
29,Что такое коммерческая тайна?,105,0.5037,0.0,0.5,0.0,"6.10 Отходы IV-V классов опасности, запрещенные к захоронению на полигоне"
29,Что такое коммерческая тайна?,106,0.5022,0.0,0.5,0.0,Список сотрудников ответственных за внешние поставки
29,Что такое коммерческая тайна?,107,0.5022,0.0,0.5,0.0,Лист регистрации изменений
29,Что такое коммерческая тайна?,108,0.8907,0.86,0.0,0.89,6 Понятие коммерческой тайны
29,Что такое коммерческая тайна?,109,0.8351,0.84,0.0,0.77,"8 Сведения, составляющие коммерческую тайну"
29,Что такое коммерческая тайна?,110,0.82,0.82,0.0,0.78,7 Порядок отнесения сведений к коммерческой тайне
29,Что такое коммерческая тайна?,111,0.8117,0.81,0.0,0.76,10 Порядок допуска к коммерческой тайне
29,Что такое коммерческая тайна?,112,0.7932,0.79,0.0,0.75,12 Ответственность за разглашение коммерческой тайны
29,Что такое коммерческая тайна?,113,0.7891,0.79,0.0,0.79,1 Назначение
29,Что такое коммерческая тайна?,114,0.7822,0.78,0.0,0.76,ПОЛОЖЕНИЕ О коммерческой тайне «ПЛ-01-КТ»
29,Что такое коммерческая тайна?,115,0.7803,0.78,0.0,0.77,"4 Термины, обозначения, сокращения"
29,Что такое коммерческая тайна?,116,0.776,0.78,0.52,0.78,11 . Порядок прекращения допуска к коммерческой тайне
29,Что такое коммерческая тайна?,117,0.767,0.77,0.0,0.76,Приложение Г
29,Что такое коммерческая тайна?,118,0.7592,0.76,0.0,0.72,3 Нормативные ссылки
29,Что такое коммерческая тайна?,119,0.7577,0.76,0.5,0.73,13 Заключительное положение
29,Что такое коммерческая тайна?,120,0.7867,0.75,0.51,0.79,Приложение В
29,Что такое коммерческая тайна?,121,0.7239,0.72,0.53,0.71,5 Полномочия руководителя Института в области защиты коммерческой тайны
29,Что такое коммерческая тайна?,122,0.7201,0.72,0.0,0.72,2 Область применения
29,Что такое коммерческая тайна?,123,0.6901,0.69,0.0,0.68,Техническая информация
29,Что такое коммерческая тайна?,124,0.7091,0.69,0.0,0.71,Производственная информация
29,Что такое коммерческая тайна?,125,0.6691,0.67,0.0,0.66,Финансово-учетная документация:
29,Что такое коммерческая тайна?,126,0.7417,0.66,0.0,0.74,9 Обязательства работника
29,Что такое коммерческая тайна?,127,0.7746,0.64,0.0,0.77,Приложение Б
29,Что такое коммерческая тайна?,128,0.7592,0.64,0.0,0.76,Приложение А
29,Что такое коммерческая тайна?,129,0.6669,0.64,0.0,0.67,СОГЛАСОВАНО:
30,Какие сведения относятся к коммерческой тайне?,1,0.8831,0.88,0.0,0.8,"8 Сведения, составляющие коммерческую тайну"
30,Какие сведения относятся к коммерческой тайне?,2,0.8576,0.86,0.0,0.81,7 Порядок отнесения сведений к коммерческой тайне
30,Какие сведения относятся к коммерческой тайне?,3,0.8792,0.85,0.0,0.88,"6.1 Коммерческая тайна - режим конфиденциальности информации, позволяющий ее обладателю при существующих или возможных обстоятельствах увеличить доходы, избежать неоправданных расходов, сохранить положение на рынке товаров, работ, услуг или получить иную коммерческую выгоду."
30,Какие сведения относятся к коммерческой тайне?,4,0.8278,0.83,0.0,0.76,10 Порядок допуска к коммерческой тайне
30,Какие сведения относятся к коммерческой тайне?,5,0.825,0.82,0.53,0.83,Режим коммерческой тайны не может быть установлен в отношении следующих сведений:
30,Какие сведения относятся к коммерческой тайне?,6,0.8074,0.81,0.0,0.75,12 Ответственность за разглашение коммерческой тайны
30,Какие сведения относятся к коммерческой тайне?,7,0.7973,0.8,0.0,0.8,1 Назначение
30,Какие сведения относятся к коммерческой тайне?,8,0.7943,0.79,0.58,0.77,11 . Порядок прекращения допуска к коммерческой тайне
30,Какие сведения относятся к коммерческой тайне?,9,0.7933,0.79,0.0,0.75,"9.5 Не использовать сведения, составляющие коммерческую тайну, в научной и педагогической деятельности, в ходе публичных выступлений, интервью."
30,Какие сведения относятся к коммерческой тайне?,10,0.7932,0.79,0.0,0.78,ПОЛОЖЕНИЕ О коммерческой тайне «ПЛ-01-КТ»
30,Какие сведения относятся к коммерческой тайне?,11,0.789,0.79,0.0,0.77,Приложение Г
30,Какие сведения относятся к коммерческой тайне?,12,0.7862,0.79,0.0,0.76,3 Нормативные ссылки
30,Какие сведения относятся к коммерческой тайне?,13,0.7807,0.78,0.0,0.78,"4 Термины, обозначения, сокращения"
30,Какие сведения относятся к коммерческой тайне?,14,0.7937,0.78,0.79,0.7,"6.5 Разглашение конфиденциальной информации, информации являющейся коммерческой тайной, персональных данных сотрудников Института."
30,Какие сведения относятся к коммерческой тайне?,15,0.7764,0.78,0.53,0.0,"6.5 Разглашение конфиденциальной информации, являющейся коммерческой тайной Института."
30,Какие сведения относятся к коммерческой тайне?,16,0.7764,0.78,0.0,0.0,"6.5 Разглашение конфиденциальной информации, являющейся коммерческой тайной Института."
30,Какие сведения относятся к коммерческой тайне?,17,0.7764,0.78,0.59,0.0,"6.5 Разглашение конфиденциальной информации, являющейся коммерческой тайной Института."
30,Какие сведения относятся к коммерческой тайне?,18,0.7754,0.78,0.6,0.72,"5.3 Принимает решения о внесении изменений и (или) дополнений в перечень сведений, оставляющих коммерческую тайну."
30,Какие сведения относятся к коммерческой тайне?,19,0.7752,0.78,0.0,0.0,"5.5 Разглашение конфиденциальной информации, являющейся коммерческой тайной Института."
30,Какие сведения относятся к коммерческой тайне?,20,0.7752,0.78,0.73,0.0,"5.5 Разглашение конфиденциальной информации, являющейся коммерческой тайной Института."
30,Какие сведения относятся к коммерческой тайне?,21,0.7748,0.77,0.0,0.0,"6.5 Разглашение конфиденциальной информации, являющейся коммерческой тайной Института."
30,Какие сведения относятся к коммерческой тайне?,22,0.7727,0.77,0.56,0.0,"5.5 Разглашение конфиденциальной информации, являющейся коммерческой тайной Института."
30,Какие сведения относятся к коммерческой тайне?,23,0.817,0.77,0.0,0.82,Перечень сведений конфиденциального характера
30,Какие сведения относятся к коммерческой тайне?,24,0.7693,0.77,0.0,0.74,13 Заключительное положение
30,Какие сведения относятся к коммерческой тайне?,25,0.7813,0.76,0.0,0.78,ПЛ-01-КТ
30,Какие сведения относятся к коммерческой тайне?,26,0.7547,0.75,0.0,0.74,Маркетинговая информация
30,Какие сведения относятся к коммерческой тайне?,27,0.7532,0.75,0.68,0.75,"2.3 Данные документы являются конфиденциальными, хотя, учитывая их массовость и единое место обработки и хранения - соответствующий гриф ограничения на них не ставится."
30,Какие сведения относятся к коммерческой тайне?,28,0.7878,0.75,0.79,0.71,5.6 «Внешняя защита».
30,Какие сведения относятся к коммерческой тайне?,29,0.7411,0.74,0.0,0.0,Наименование ПО
30,Какие сведения относятся к коммерческой тайне?,30,0.7421,0.74,0.0,0.74,2 Область применения
30,Какие сведения относятся к коммерческой тайне?,31,0.7381,0.74,0.0,0.72,"3.6 Все меры конфиденциальности при сборе, обработке и хранении персональных данных сотрудника распространяются как на бумажные, так и на электронные (автоматизированные) носители информации"
30,Какие сведения относятся к коммерческой тайне?,32,0.7377,0.74,0.65,0.71,"7 Ответственность за разглашение конфиденциальной информации, связанной с персональными данными"
30,Какие сведения относятся к коммерческой тайне?,33,0.7356,0.74,0.62,0.73,"1.3 Персональные данные относятся к категории конфиденциальной информации. Режим конфиденциальности персональных данных снимается в случаях обезличивания или по истечении 50 лет срока хранения, если иное не определено законом."
30,Какие сведения относятся к коммерческой тайне?,34,0.7315,0.73,0.0,0.0,"7.11 Сохранность собственности Заказчика обеспечивается учетом полученных и подлежащих возврату документов, материалов и данных, необходимых для разработки проектных решений, а также предоставленного керна и/или шлама для проведения исследовательских работ (п.8.5.3. Руководства по интегрированной системе менеджмента):"
30,Какие сведения относятся к коммерческой тайне?,35,0.7311,0.73,0.61,0.0,"3.1 В служебном поведении работнику необходимо исходить из конституционных положений о том, что человек, его права и свободы являются высшей ценностью, и каждый гражданин имеет право на неприкосновенность частной жизни, личную и семейную тайну, защиту чести, достоинства, своего доброго имени."
30,Какие сведения относятся к коммерческой тайне?,36,0.7295,0.73,0.0,0.0,"Порядок приемки, регистрации и архивирования источников информации."
30,Какие сведения относятся к коммерческой тайне?,37,0.7293,0.73,0.0,0.0,P:\\\\Информация…
30,Какие сведения относятся к коммерческой тайне?,38,0.729,0.73,0.0,0.0,6.2
30,Какие сведения относятся к коммерческой тайне?,39,0.7894,0.0,0.0,0.79,Приложение А
30,Какие сведения относятся к коммерческой тайне?,40,0.7404,0.0,0.0,0.74,"2 ОСНОВНЫЕ ОБЯЗАННОСТИ, ПРИНЦИПЫ И ПРАВИЛА СЛУЖЕБНОГО ПОВЕДЕНИЯ РАБОТНИКОВ"
30,Какие сведения относятся к коммерческой тайне?,41,0.7283,0.0,0.0,0.73,Приложение 1 Перечень документированной информации
30,Какие сведения относятся к коммерческой тайне?,42,0.7255,0.0,0.0,0.73,Приложение 3. Перечень регламентированных бизнес-процессов
30,Какие сведения относятся к коммерческой тайне?,43,0.7215,0.0,0.0,0.72,ЛИСТ СОГЛАСОВАНИЯ ДОГОВОРА
30,Какие сведения относятся к коммерческой тайне?,44,0.7185,0.0,0.0,0.72,5 Защита персональных данных
30,Какие сведения относятся к коммерческой тайне?,45,0.7175,0.0,0.0,0.72,Приложение 3 Перечень регламентированных бизнеспроцессов
30,Какие сведения относятся к коммерческой тайне?,46,0.7173,0.0,0.0,0.72,Приложение 5. Шаблоны бланков документированной информации отдела.
30,Какие сведения относятся к коммерческой тайне?,47,0.7166,0.0,0.0,0.72,Приложение 2 Исходные данные для составления смет.
30,Какие сведения относятся к коммерческой тайне?,48,0.7159,0.0,0.61,0.72,4 Доступ к персональным данным
30,Какие сведения относятся к коммерческой тайне?,49,0.7156,0.0,0.0,0.72,2 Нормативные ссылки
30,Какие сведения относятся к коммерческой тайне?,50,0.7146,0.0,0.0,0.71,Приложение А
30,Какие сведения относятся к коммерческой тайне?,51,0.7136,0.0,0.0,0.71,Приложение 3. Перечень документированной информации информационно-технического отдела.
30,Какие сведения относятся к коммерческой тайне?,52,0.7133,0.0,0.0,0.71,ИНСТРУКЦИЯ Внешние поставки «ИН-01-ВП»
30,Какие сведения относятся к коммерческой тайне?,53,0.7133,0.0,0.0,0.71,ИН-01-ВП
30,Какие сведения относятся к коммерческой тайне?,54,0.7127,0.0,0.0,0.71,1 ОБЩИЕ ПОЛОЖЕНИЯ
30,Какие сведения относятся к коммерческой тайне?,55,0.7107,0.0,0.65,0.71,"Приложение 7. Выпуск продукции на 20__ г. на основании заключенных договоров, с НДС."
30,Какие сведения относятся к коммерческой тайне?,56,0.7107,0.0,0.0,0.71,ИН-15-РегАрх
30,Какие сведения относятся к коммерческой тайне?,57,0.7107,0.0,0.0,0.71,ИНСТРУКЦИЯ Регистрация и архивирование источников информации «ИН-15-РегАрх»
30,Какие сведения относятся к коммерческой тайне?,58,0.7102,0.0,0.0,0.71,Общие положения
30,Какие сведения относятся к коммерческой тайне?,59,0.7093,0.0,0.0,0.71,5 Защита персональных данных
30,Какие сведения относятся к коммерческой тайне?,60,0.7083,0.0,0.0,0.71,7 Реестр рисков
30,Какие сведения относятся к коммерческой тайне?,61,0.7064,0.0,0.0,0.71,Приложение Г
30,Какие сведения относятся к коммерческой тайне?,62,0.706,0.0,0.0,0.71,Приложение 2. Перечень регламентированных процессов информационно-технического отдела.
30,Какие сведения относятся к коммерческой тайне?,63,0.7059,0.0,0.0,0.71,Приложение 2. Перечень внутренней документации
30,Какие сведения относятся к коммерческой тайне?,64,0.7058,0.0,0.0,0.71,ИН-20-ДО
30,Какие сведения относятся к коммерческой тайне?,65,0.7058,0.0,0.0,0.71,ИНСТРУКЦИЯ Организация работ по документообороту «ИН-20-ДО»
30,Какие сведения относятся к коммерческой тайне?,66,0.7056,0.0,0.0,0.71,ИНСТРУКЦИЯ По подготовке тендерного предложения «ИН-01-ПТП»
30,Какие сведения относятся к коммерческой тайне?,67,0.7056,0.0,0.0,0.71,ИН-01-ПТП
30,Какие сведения относятся к коммерческой тайне?,68,0.7051,0.0,0.54,0.71,6 Ответственность
30,Какие сведения относятся к коммерческой тайне?,69,0.7048,0.0,0.0,0.7,1 Назначение
30,Какие сведения относятся к коммерческой тайне?,70,0.7046,0.0,0.0,0.7,СОГЛАСОВАНО:
30,Какие сведения относятся к коммерческой тайне?,71,0.7045,0.0,0.0,0.7,СОГЛАСОВАНО:
30,Какие сведения относятся к коммерческой тайне?,72,0.7041,0.0,0.0,0.7,Финансово-учетная документация:
30,Какие сведения относятся к коммерческой тайне?,73,0.7033,0.0,0.0,0.7,Со структурными подразделениями Общества
30,Какие сведения относятся к коммерческой тайне?,74,0.7032,0.0,0.0,0.7,Лист регистрации изменений
30,Какие сведения относятся к коммерческой тайне?,75,0.703,0.0,0.0,0.7,Техническая информация
30,Какие сведения относятся к коммерческой тайне?,76,0.703,0.0,0.58,0.7,6 Права и обязанности работника
30,Какие сведения относятся к коммерческой тайне?,77,0.7028,0.0,0.0,0.7,ПЛ-20-ЗПДР
30,Какие сведения относятся к коммерческой тайне?,78,0.7028,0.0,0.0,0.7,ПОЛОЖЕНИЕ О защите персональных данных работников «ПЛ-2-ЗПДР»
30,Какие сведения относятся к коммерческой тайне?,79,0.7021,0.0,0.57,0.7,"2 ОСНОВНЫЕ ОБЯЗАННОСТИ, ПРИНЦИПЫ И ПРАВИЛА СЛУЖЕБНОГО ПОВЕДЕНИЯ РАБОТНИКОВ"
30,Какие сведения относятся к коммерческой тайне?,80,0.702,0.0,0.6,0.7,Приложение 4. Перечень документированной информации отдела
30,Какие сведения относятся к коммерческой тайне?,81,0.7019,0.0,0.0,0.7,Организация договорной работы
30,Какие сведения относятся к коммерческой тайне?,82,0.7018,0.0,0.0,0.7,7 Список приложений
30,Какие сведения относятся к коммерческой тайне?,83,0.7017,0.0,0.0,0.7,Приложение Б
30,Какие сведения относятся к коммерческой тайне?,84,0.7015,0.0,0.0,0.7,Приложение 2. Перечень внутренней документации ИСМ отдела
30,Какие сведения относятся к коммерческой тайне?,85,0.7015,0.0,0.0,0.7,3 Обработка персональных данных
30,Какие сведения относятся к коммерческой тайне?,86,0.7014,0.0,0.0,0.7,Нормативные ссылки
30,Какие сведения относятся к коммерческой тайне?,87,0.7014,0.0,0.0,0.7,СОГЛАСОВАНО:
30,Какие сведения относятся к коммерческой тайне?,88,0.7012,0.0,0.52,0.7,Определения и сокращения
30,Какие сведения относятся к коммерческой тайне?,89,0.7596,0.0,0.76,0.0,6.1 Методика оценки экологических аспектов
30,Какие сведения относятся к коммерческой тайне?,90,0.7387,0.0,0.74,0.0,"Оформление договоров на выполнение работ, оказание услуг"
30,Какие сведения относятся к коммерческой тайне?,91,0.6712,0.0,0.67,0.0,5.3 Идентификация экологических аспектов
30,Какие сведения относятся к коммерческой тайне?,92,0.6639,0.0,0.66,0.0,1 Назначение
30,Какие сведения относятся к коммерческой тайне?,93,0.6552,0.0,0.66,0.0,"5.1 Запрашивать от структурных подразделений сведения, необходимые для выполнения задач, возложенных на Отдел."
30,Какие сведения относятся к коммерческой тайне?,94,0.64,0.0,0.64,0.0,3.2 При работе с рамочными договорами на обучение к счету на оплату прикладывается расшифровка Заявки на обучение:
30,Какие сведения относятся к коммерческой тайне?,95,0.6355,0.0,0.64,0.0,"4.8 Обоснование стоимости работ по договорам, тендерам и иные расчеты к ним."
30,Какие сведения относятся к коммерческой тайне?,96,0.6318,0.0,0.63,0.0,"3.5 Проводить мониторинг тендерных предложений и готовить тендерную документацию на право заключения договоров (контрактов) на выполнение работ, оказание услуг, относящихся к сфере деятельности отдела геологии согласно требованиям инструкции «По подготовке тендерного предложения» (ИН-01ПТП)"
30,Какие сведения относятся к коммерческой тайне?,97,0.631,0.0,0.63,0.0,7.6 Режим рабочего времени и отдыха дистанционного работника устанавливается в трудовом договоре (дополнительном соглашении к трудовому договору). Режим рабочего времени дистанционного работника устанавливается с понедельника по пятницу с 9.00 до 18.00.
30,Какие сведения относятся к коммерческой тайне?,98,0.6301,0.0,0.63,0.0,1 Назначение
30,Какие сведения относятся к коммерческой тайне?,99,0.62,0.0,0.62,0.0,Компьютерная справочная правовая система ГАРАНТ
30,Какие сведения относятся к коммерческой тайне?,100,0.6164,0.0,0.62,0.0,"2.1 Обязанности Уполномоченного по ИСМ возлагаются на сотрудника отдела с высшим или неполным высшим образованием, без предъявления требований к стажу работы в Институте."
30,Какие сведения относятся к коммерческой тайне?,101,0.6161,0.0,0.62,0.0,1.7 В целях экономии расходов по оплате услуг связи работники подключаются к корпоративному тарифному плану на условиях льготной тарификации по оптимальному тарифу в пределах установленного лимита.
30,Какие сведения относятся к коммерческой тайне?,102,0.6105,0.0,0.61,0.0,"5.3 Сотрудник, использующий корпоративную мобильную связь, обязан отвечать на входящие телефонные звонки в течение рабочего дня, а также в период отпуска или временной нетрудоспособности в целях обеспечения оперативной связи. За несоблюдение данного пункта к сотруднику может быть применено дисциплинарное взыскание."
30,Какие сведения относятся к коммерческой тайне?,103,0.6064,0.0,0.61,0.0,3 Нормативные ссылки
30,Какие сведения относятся к коммерческой тайне?,104,0.6038,0.0,0.6,0.0,Общие сведения
30,Какие сведения относятся к коммерческой тайне?,105,0.5896,0.0,0.59,0.0,"4 Термины, обозначения"
30,Какие сведения относятся к коммерческой тайне?,106,0.5869,0.0,0.59,0.0,4.1.5 Технологической схемы разработки подземных вод участка месторождения
30,Какие сведения относятся к коммерческой тайне?,107,0.5802,0.0,0.58,0.0,"5.2 Идентификация видов деятельности, процессов, источников загрязнения, продукции, услуг."
30,Какие сведения относятся к коммерческой тайне?,108,0.5797,0.0,0.58,0.0,"Материальная помощь, в связи со смертью или чрезвычайными обстоятельствами"
30,Какие сведения относятся к коммерческой тайне?,109,0.5788,0.0,0.58,0.0,"5.1 Трудовой договор, дополнительное соглашение к трудовому договору, предусматривающие выполнение работником трудовой функции дистанционно, а также внесение изменений в эти договоры (дополнительные соглашения к трудовым договорам) и их расторжение могут заключаться путем обмена между работником (лицом, поступающим на работу) и работодателем электронными документами, а также путем личной подписи. В случае обмена между работником и работодателем электронного документооборота используются усиленная квалифицированная электронная подпись работодателя и усиленная квалифицированная электронная подпись или усиленная неквалифицированная электронная подпись работника в соответствии с законодательством Российской Федерации об электронной подписи."
30,Какие сведения относятся к коммерческой тайне?,110,0.5784,0.0,0.58,0.0,7.4
30,Какие сведения относятся к коммерческой тайне?,111,0.5752,0.0,0.58,0.0,"7.4 При подаче дистанционным работником заявления о выдаче заверенных надлежащим образом копий документов, связанных с работой (статья 62 ТК РФ), Институт не позднее трех рабочих дней со дня подачи указанного заявления обязан направить дистанционному работнику эти копии на бумажном носителе (по почте заказным письмом с уведомлением) или в форме электронного документа, если это указано в заявлении работника (в порядке взаимодействия (в том числе в связи с выполнением трудовой функции дистанционно, передачей результатов работы и отчетов о выполненной работе по запросам работодателя), настоящим положением, трудовым договором, дополнительным соглашением к трудовому договору."
30,Какие сведения относятся к коммерческой тайне?,112,0.5721,0.0,0.57,0.0,4.1 Термины и определения:
30,Какие сведения относятся к коммерческой тайне?,113,0.5704,0.0,0.57,0.0,Приложение 3. Кадровая документация отдела
30,Какие сведения относятся к коммерческой тайне?,114,0.5572,0.0,0.56,0.0,3 Метрологическое обеспечение
30,Какие сведения относятся к коммерческой тайне?,115,0.5561,0.0,0.56,0.0,"7.3 В целях планирования Институтом объемов работ и поступления денежных средств от Заказчиков, формируется электронная таблица «Выпуск продукции» соответствующего года, в которую заносятся сведения о сроках и суммах реализации, даты ожидаемых платежей."
30,Какие сведения относятся к коммерческой тайне?,116,0.5501,0.0,0.55,0.0,Об учетно-финансовом отделе
30,Какие сведения относятся к коммерческой тайне?,117,0.5425,0.0,0.54,0.0,"1.2 К РД относятся договоры, заключенные для обеспечения эффективной деятельности Института, а именно: на поставку товарно-материальных ценностей и основных средств; на приобретение и право использования программного обеспечения; аренды; на предоставление связи и интернета; на обучение, повышение квалификации, конференции, семинары; банковское обслуживание и прочие общехозяйственные договоры. Кроме того, к РД относятся договоры, заключаемые в целях выполнения работ по доходным договорам: на размещение объявлений о проведении общественных слушаний, на приобретение почвенной карты, на выполнение работ по оценке ущерба водным биоресурсам, на комплексные исследования керна и т.п."
30,Какие сведения относятся к коммерческой тайне?,118,0.5403,0.0,0.54,0.0,6.1 Первичная оценка и выбор поставщиков
30,Какие сведения относятся к коммерческой тайне?,119,0.5398,0.0,0.54,0.0,"3.4 Обеспечение телефонной связи, организация и реализация доступа сотрудников к электронной почте и сети Интернет."
30,Какие сведения относятся к коммерческой тайне?,120,0.5397,0.0,0.54,0.0,1.1 Настоящая инструкция устанавливает требования к организации и осуществлению внешних поставок материально-технических средств для обеспечения деятельности АО «Волгог и также работ и услуг сторонних организаций.
30,Какие сведения относятся к коммерческой тайне?,121,0.5332,0.0,0.53,0.0,"4.13 Подготовка тендерной документации на право заключения договоров (контрактов) на выполнение работ, оказание услуг, относящихся к сфере деятельности Отдела."
30,Какие сведения относятся к коммерческой тайне?,122,0.5323,0.0,0.53,0.0,"6.9 Дистанционный работник по согласованию с ответственным должностным лицом вправе использовать персональный доступ к имеющимся у него программам, указанным в пунктах 6.3, 6.4 настоящего Положения. В этом случае дистанционному работнику выплачивается компенсация за использование таких программ. Размер компенсации согласовывается сторонами в трудовом договоре или в дополнительном соглашении."
30,Какие сведения относятся к коммерческой тайне?,123,0.5305,0.0,0.53,0.0,"6.10 Отходы IV-V классов опасности, запрещенные к захоронению на полигоне"
30,Какие сведения относятся к коммерческой тайне?,124,0.5282,0.0,0.53,0.0,"4.6 Контроль за проведением хозяйственных операций, соблюдением технологии обработки бухгалтерской информации и порядка документооборота."
30,Какие сведения относятся к коммерческой тайне?,125,0.5273,0.0,0.53,0.0,"3.32 Передачу маркшейдерской, топографо-геодезической, землеустроительной документации соответствующим организациям (заказчику, экспертным организациям), доведение до сведения работников службы информации об изменении требований нормативно-технической документации в области маркшейдерского обеспечения горных работ, промышленной безопасности, охраны недр, и организовывает их обеспечение нормативными документами."
30,Какие сведения относятся к коммерческой тайне?,126,0.5257,0.0,0.53,0.0,Приложение В
30,Какие сведения относятся к коммерческой тайне?,127,0.5244,0.0,0.52,0.0,"9.2 Отходы III-IV классов опасности передаются сторонним специализированным организациям только при наличии заключенного договора. Организация должна иметь лицензию на осуществление деятельности по сбору, транспортированию, обработке, утилизации, обезвреживанию, размещению отходов I-IV классов опасности, в приложении к которой обязательно должны быть прописаны те виды"
30,Какие сведения относятся к коммерческой тайне?,128,0.521,0.0,0.52,0.0,1. Проектная и рабочая документация (в бумажной и/или электронной форме)
30,Какие сведения относятся к коммерческой тайне?,129,0.8831,0.88,0.0,0.8,"8 Сведения, составляющие коммерческую тайну"
30,Какие сведения относятся к коммерческой тайне?,130,0.8576,0.86,0.51,0.81,7 Порядок отнесения сведений к коммерческой тайне
30,Какие сведения относятся к коммерческой тайне?,131,0.8792,0.83,0.0,0.88,6 Понятие коммерческой тайны
30,Какие сведения относятся к коммерческой тайне?,132,0.8278,0.83,0.0,0.76,10 Порядок допуска к коммерческой тайне
30,Какие сведения относятся к коммерческой тайне?,133,0.8074,0.81,0.51,0.75,12 Ответственность за разглашение коммерческой тайны
30,Какие сведения относятся к коммерческой тайне?,134,0.7973,0.8,0.0,0.8,1 Назначение
30,Какие сведения относятся к коммерческой тайне?,135,0.7943,0.79,0.58,0.77,11 . Порядок прекращения допуска к коммерческой тайне
30,Какие сведения относятся к коммерческой тайне?,136,0.7932,0.79,0.5,0.78,ПОЛОЖЕНИЕ О коммерческой тайне «ПЛ-01-КТ»
30,Какие сведения относятся к коммерческой тайне?,137,0.789,0.79,0.0,0.77,Приложение Г
30,Какие сведения относятся к коммерческой тайне?,138,0.825,0.79,0.53,0.83,Приложение В
30,Какие сведения относятся к коммерческой тайне?,139,0.7862,0.79,0.51,0.76,3 Нормативные ссылки
30,Какие сведения относятся к коммерческой тайне?,140,0.7807,0.78,0.0,0.78,"4 Термины, обозначения, сокращения"
30,Какие сведения относятся к коммерческой тайне?,141,0.7693,0.77,0.51,0.74,13 Заключительное положение
30,Какие сведения относятся к коммерческой тайне?,142,0.7408,0.74,0.6,0.72,5 Полномочия руководителя Института в области защиты коммерческой тайны
30,Какие сведения относятся к коммерческой тайне?,143,0.7421,0.74,0.0,0.74,2 Область применения
30,Какие сведения относятся к коммерческой тайне?,144,0.7444,0.74,0.0,0.74,Производственная информация
30,Какие сведения относятся к коммерческой тайне?,145,0.7262,0.73,0.0,0.7,Техническая информация
30,Какие сведения относятся к коммерческой тайне?,146,0.7139,0.71,0.0,0.7,Финансово-учетная документация:
30,Какие сведения относятся к коммерческой тайне?,147,0.7511,0.68,0.0,0.75,9 Обязательства работника
30,Какие сведения относятся к коммерческой тайне?,148,0.817,0.67,0.0,0.82,Приложение Б
30,Какие сведения относятся к коммерческой тайне?,149,0.7894,0.67,0.0,0.79,Приложение А
30,Какие сведения относятся к коммерческой тайне?,150,0.7014,0.66,0.0,0.7,СОГЛАСОВАНО:
31,Что будет если превысить лимиты корпоративной мобильной связи?,1,0.8327,0.83,0.65,0.83,"6.3 При превышении установленного лимита корпоративной мобильной связи сумма расхода, не подтвержденная производственной необходимостью, подлежит либо оплате работником посредством удержания денежных средств из"
31,Что будет если превысить лимиты корпоративной мобильной связи?,2,0.826,0.83,0.65,0.78,"4.7 В случаях, вызванных производственной необходимостью, установленный лимит корпоративной связи может быть изменен персонально. Изменение лимита производится на основании личного заявления сотрудника (Приложение</h3><p>О корпоративной мобильной связи</p><p>О корпоративной мобильной связи</p><li>Е) либо служебной записки непосредственного руководителя и приказа генерального директора с 1-го числа месяца, следующего за текущим.</li>"
31,Что будет если превысить лимиты корпоративной мобильной связи?,3,0.8234,0.82,0.62,0.79,"3.4 Лимит корпоративной мобильной связи - предельная стоимость потребляемых услуг мобильной связи, установленная в Приложении А на каждый календарный месяц."
31,Что будет если превысить лимиты корпоративной мобильной связи?,4,0.8178,0.82,0.61,0.81,"5.2 При использовании корпоративной мобильной связи расходы сверх установленного лимита, и не по назначению подлежат возмещению Институту."
31,Что будет если превысить лимиты корпоративной мобильной связи?,5,0.807,0.81,0.0,0.79,Приложение Е
31,Что будет если превысить лимиты корпоративной мобильной связи?,6,0.7964,0.8,0.59,0.76,ЗАЯВКА на предоставление корпоративной мобильной связи
31,Что будет если превысить лимиты корпоративной мобильной связи?,7,0.7934,0.79,0.68,0.77,"7 Материальная ответственность работника, использующего корпоративную SIM-карту и корпоративный мобильный аппарат"
31,Что будет если превысить лимиты корпоративной мобильной связи?,8,0.8089,0.79,0.6,0.81,ЗАЯВЛЕНИЕ
31,Что будет если превысить лимиты корпоративной мобильной связи?,9,0.7687,0.77,0.6,0.76,"1.1 Настоящее Положение разработано в целях регулирования исполнения обязанности работодателя, установленной статьей 163 Трудового кодекса Российской Федерации, с целью обеспечить нормальные условия для выполнения работниками служебных обязанностей и использования мобильной связи в деятельности АО «ВолгоградНИПИнефть» (далее по тексту - Институт). Положение определяет порядок предоставления корпоративной мобильной связи сотрудникам Института, устанавливает требования к пользованию корпоративной мобильной связью, нормы и порядок расходов на корпоративную мобильную связь."
31,Что будет если превысить лимиты корпоративной мобильной связи?,10,0.7599,0.76,0.57,0.7,"6.11 Всем дистанционным работникам выплачивается компенсация за повышенные расходы на электрическую энергию, Интернет и мобильную связь. Размер компенсации согласовывается генеральным директором и отражается в трудовом договоре или дополнительном соглашении."
31,Что будет если превысить лимиты корпоративной мобильной связи?,11,0.7371,0.74,0.0,0.72,12 Ответственность за разглашение коммерческой тайны
31,Что будет если превысить лимиты корпоративной мобильной связи?,12,0.7365,0.74,0.0,0.69,5.6 «Внешняя защита».
31,Что будет если превысить лимиты корпоративной мобильной связи?,13,0.743,0.73,0.0,0.74,"7.5 Лица, виновные в нарушении норм, регулирующих получение, обработку и защиту персональных данных работника, несут дисциплинарную, административную, гражданско-правовую или уголовную ответственность в соответствии с федеральными законами."
31,Что будет если превысить лимиты корпоративной мобильной связи?,14,0.7341,0.73,0.0,0.72,4.2 Внешний доступ.
31,Что будет если превысить лимиты корпоративной мобильной связи?,15,0.7315,0.73,0.0,0.73,11.1 Допуск работника к коммерческой тайне может быть прекращен в следующих случаях:
31,Что будет если превысить лимиты корпоративной мобильной связи?,16,0.7287,0.73,0.0,0.71,"5.1 Трудовой договор, дополнительное соглашение к трудовому договору, предусматривающие выполнение работником трудовой функции дистанционно, а также внесение изменений в эти договоры (дополнительные соглашения к трудовым договорам) и их расторжение могут заключаться путем обмена между работником (лицом, поступающим на работу) и работодателем электронными документами, а также путем личной подписи. В случае обмена между работником и работодателем электронного документооборота используются усиленная квалифицированная электронная подпись работодателя и усиленная квалифицированная электронная подпись или усиленная неквалифицированная электронная подпись работника в соответствии с законодательством Российской Федерации об электронной подписи."
31,Что будет если превысить лимиты корпоративной мобильной связи?,17,0.7364,0.73,0.0,0.74,5.1.3 Запрещается перемещать рабочие файлы без ведома руководителя отдела или сотрудников отдела ИТ.
31,Что будет если превысить лимиты корпоративной мобильной связи?,18,0.7238,0.72,0.0,0.0,7.4 Привлечение к сверхурочным работам производится работодателем с письменного согласия работника. Сверхурочные работы не должны превышать для каждого работника четырех часов в течение двух дней подряд и 120 часов в год.
31,Что будет если превысить лимиты корпоративной мобильной связи?,19,0.7237,0.72,0.0,0.71,"7.18 При выявлении обстоятельств, которые могут быть причиной нарушения условий договора со стороны ГИПа (ОИ), он обязан немедленно информировать начальника своего отдела и принять меры для выполнения условий договора."
31,Что будет если превысить лимиты корпоративной мобильной связи?,20,0.7484,0.72,0.0,0.75,"8.4 Трудовой договор с дистанционным работником может быть прекращен в случае изменения работника местности выполнения трудовой функции, если это влечет невозможность исполнения работником обязанностей по трудовому договору на прежних условиях."
31,Что будет если превысить лимиты корпоративной мобильной связи?,21,0.7217,0.72,0.0,0.71,"7.5 В Институте действует следующий порядок взаимодействия работодателя и работника, в том числе в связи с выполнением трудовой функции дистанционно, передачей результатов работы и отчетов о выполненной работе по запросам работодателя"
31,Что будет если превысить лимиты корпоративной мобильной связи?,22,0.7236,0.72,0.0,0.72,Обязательство о сохранении принимаемым на работу сотрудником коммерческой тайны АО «ВолгоградНИПИнефть».
31,Что будет если превысить лимиты корпоративной мобильной связи?,23,0.7376,0.72,0.0,0.74,2 Нормативные ссылки
31,Что будет если превысить лимиты корпоративной мобильной связи?,24,0.7456,0.72,0.0,0.75,2.3 В целях противодействия коррупции работнику рекомендуется:
31,Что будет если превысить лимиты корпоративной мобильной связи?,25,0.733,0.72,0.0,0.73,Внутреннего трудового распорядка АО «ВолгоградНИПИнефть»
31,Что будет если превысить лимиты корпоративной мобильной связи?,26,0.7189,0.72,0.0,0.0,7.1
31,Что будет если превысить лимиты корпоративной мобильной связи?,27,0.7185,0.72,0.0,0.71,Режим коммерческой тайны не может быть установлен в отношении следующих сведений:
31,Что будет если превысить лимиты корпоративной мобильной связи?,28,0.7184,0.72,0.55,0.0,Сверхурочная работа
31,Что будет если превысить лимиты корпоративной мобильной связи?,29,0.7183,0.72,0.0,0.7,7.8.4 Операционные (производственные) риски
31,Что будет если превысить лимиты корпоративной мобильной связи?,30,0.7422,0.72,0.0,0.74,"3.5 Передача персональных данных работника возможна только с согласия работника или в случаях, прямо предусмотренных законодательством"
31,Что будет если превысить лимиты корпоративной мобильной связи?,31,0.7181,0.72,0.0,0.7,"5.2 Транспортные расходы планируются, исходя из следующего:"
31,Что будет если превысить лимиты корпоративной мобильной связи?,32,0.73,0.72,0.0,0.73,"1.4 Настоящее Положение утверждается и вводится в действие приказом генерального директора и является обязательным для исполнения всеми работниками, имеющими доступ к персональным данным сотрудников."
31,Что будет если превысить лимиты корпоративной мобильной связи?,33,0.7158,0.72,0.0,0.0,6.2
31,Что будет если превысить лимиты корпоративной мобильной связи?,34,0.7157,0.72,0.0,0.0,"1.9 Кодекс закрепляет общие ценности, принципы и правила поведения, такие как:"
31,Что будет если превысить лимиты корпоративной мобильной связи?,35,0.7156,0.72,0.0,0.7,"4 Термины, обозначения, сокращения"
31,Что будет если превысить лимиты корпоративной мобильной связи?,36,0.7278,0.71,0.0,0.73,"9.7 Незамедлительно сообщать соответствующему должностному лицу Института об утрате или недостаче носителей информации, составляющих коммерческую тайну, удостоверений, пропусков, ключей от помещений, хранилищ, сейфов, личных печатей и о других фактах, которые могут привести к разглашению коммерческой тайны Института, а также о причинах и условиях возможной утечки коммерческой тайны."
31,Что будет если превысить лимиты корпоративной мобильной связи?,37,0.7466,0.0,0.0,0.75,СОГЛАСОВАНО:
31,Что будет если превысить лимиты корпоративной мобильной связи?,38,0.7384,0.0,0.0,0.74,5 Ответственность
31,Что будет если превысить лимиты корпоративной мобильной связи?,39,0.7353,0.0,0.56,0.74,ПОЛОЖЕНИЕ О корпоративной мобильной связи в АО «ВолгоградНИПИнефть» «ПЛ-13-КМС»
31,Что будет если превысить лимиты корпоративной мобильной связи?,40,0.7353,0.0,0.55,0.74,ПЛ-13-КМС
31,Что будет если превысить лимиты корпоративной мобильной связи?,41,0.7316,0.0,0.0,0.73,5 Ответственность
31,Что будет если превысить лимиты корпоративной мобильной связи?,42,0.7304,0.0,0.0,0.73,5 Ответственности
31,Что будет если превысить лимиты корпоративной мобильной связи?,43,0.7272,0.0,0.0,0.73,6 Ответственность
31,Что будет если превысить лимиты корпоративной мобильной связи?,44,0.7256,0.0,0.0,0.73,Отдел несет ответственность за:
31,Что будет если превысить лимиты корпоративной мобильной связи?,45,0.7231,0.0,0.0,0.72,Приложение Г
31,Что будет если превысить лимиты корпоративной мобильной связи?,46,0.7201,0.0,0.54,0.72,5 Защита персональных данных
31,Что будет если превысить лимиты корпоративной мобильной связи?,47,0.7201,0.0,0.55,0.72,Размер материальной помощи
31,Что будет если превысить лимиты корпоративной мобильной связи?,48,0.719,0.0,0.55,0.72,6 Ответственность
31,Что будет если превысить лимиты корпоративной мобильной связи?,49,0.7108,0.0,0.0,0.71,Отдел несет ответственность за:
31,Что будет если превысить лимиты корпоративной мобильной связи?,50,0.7104,0.0,0.0,0.71,Ответственность работников за нарушение трудовой дисциплины
31,Что будет если превысить лимиты корпоративной мобильной связи?,51,0.7091,0.0,0.0,0.71,Внутреннего трудового распорядка АО «ВолгоградНИПИнефть»
31,Что будет если превысить лимиты корпоративной мобильной связи?,52,0.7078,0.0,0.0,0.71,12 Ответственность
31,Что будет если превысить лимиты корпоративной мобильной связи?,53,0.7075,0.0,0.0,0.71,решений
31,Что будет если превысить лимиты корпоративной мобильной связи?,54,0.7072,0.0,0.0,0.71,6 Организация командировки
31,Что будет если превысить лимиты корпоративной мобильной связи?,55,0.7066,0.0,0.0,0.71,Внутреннего трудового распорядка АО «ВолгоградНИПИнефть»
31,Что будет если превысить лимиты корпоративной мобильной связи?,56,0.7063,0.0,0.0,0.71,2 Область применения
31,Что будет если превысить лимиты корпоративной мобильной связи?,57,0.7037,0.0,0.0,0.7,7 Порядок отнесения сведений к коммерческой тайне
31,Что будет если превысить лимиты корпоративной мобильной связи?,58,0.7033,0.0,0.0,0.7,Ответственность работодателя за нарушение прав работников
31,Что будет если превысить лимиты корпоративной мобильной связи?,59,0.7031,0.0,0.0,0.7,9 Окончание работ. Отчет о командировке
31,Что будет если превысить лимиты корпоративной мобильной связи?,60,0.7024,0.0,0.0,0.7,Приложение 2. Перечень регламентированных процессов информационно-технического отдела.
31,Что будет если превысить лимиты корпоративной мобильной связи?,61,0.7022,0.0,0.0,0.7,Время отдыха
31,Что будет если превысить лимиты корпоративной мобильной связи?,62,0.7012,0.0,0.0,0.7,Приложение В
31,Что будет если превысить лимиты корпоративной мобильной связи?,63,0.7005,0.0,0.0,0.7,5 Защита персональных данных
31,Что будет если превысить лимиты корпоративной мобильной связи?,64,0.7002,0.0,0.0,0.7,Основные права и обязанности работников
31,Что будет если превысить лимиты корпоративной мобильной связи?,65,0.7001,0.0,0.0,0.7,2 Область применения
31,Что будет если превысить лимиты корпоративной мобильной связи?,66,0.7001,0.0,0.0,0.7,13 Заключительное положение
31,Что будет если превысить лимиты корпоративной мобильной связи?,67,0.6992,0.0,0.0,0.7,Рабочее время и его использование
31,Что будет если превысить лимиты корпоративной мобильной связи?,68,0.6986,0.0,0.0,0.7,Назначение и область применения
31,Что будет если превысить лимиты корпоративной мобильной связи?,69,0.6983,0.0,0.0,0.7,10 Порядок допуска к коммерческой тайне
31,Что будет если превысить лимиты корпоративной мобильной связи?,70,0.6981,0.0,0.0,0.7,1 Назначение
31,Что будет если превысить лимиты корпоративной мобильной связи?,71,0.6959,0.0,0.0,0.7,2 Нормативные ссылки
31,Что будет если превысить лимиты корпоративной мобильной связи?,72,0.6955,0.0,0.0,0.7,3 Обработка персональных данных
31,Что будет если превысить лимиты корпоративной мобильной связи?,73,0.6953,0.0,0.0,0.7,2 Квалификационные требования
31,Что будет если превысить лимиты корпоративной мобильной связи?,74,0.6952,0.0,0.0,0.7,8 Срок и режим командировки
31,Что будет если превысить лимиты корпоративной мобильной связи?,75,0.695,0.0,0.0,0.7,2 Квалификационные требования
31,Что будет если превысить лимиты корпоративной мобильной связи?,76,0.6945,0.0,0.0,0.69,7 Организация работы командированного сотрудника
31,Что будет если превысить лимиты корпоративной мобильной связи?,77,0.6934,0.0,0.0,0.69,4 Командировки
31,Что будет если превысить лимиты корпоративной мобильной связи?,78,0.6932,0.0,0.0,0.69,Внутреннего трудового распорядка АО «ВолгоградНИПИнефть»
31,Что будет если превысить лимиты корпоративной мобильной связи?,79,0.6931,0.0,0.0,0.69,Заключительные положения
31,Что будет если превысить лимиты корпоративной мобильной связи?,80,0.6931,0.0,0.0,0.69,8 Требования к транспортированию отходов
31,Что будет если превысить лимиты корпоративной мобильной связи?,81,0.5934,0.0,0.59,0.0,6.2 Оценка существенности экологических аспектов по суммарному количеству баллов
31,Что будет если превысить лимиты корпоративной мобильной связи?,82,0.5841,0.0,0.58,0.0,Проекты договоров
31,Что будет если превысить лимиты корпоративной мобильной связи?,83,0.5821,0.0,0.58,0.0,"Оформление договоров на выполнение работ, оказание услуг"
31,Что будет если превысить лимиты корпоративной мобильной связи?,84,0.5813,0.0,0.58,0.0,"4.7 Формирование архива сканов договорной документации (договоры, дополнительные соглашения, акты сдачи-приемки выполненных работ)."
31,Что будет если превысить лимиты корпоративной мобильной связи?,85,0.5783,0.0,0.58,0.0,Приложение 6. Формы журналов отдела
31,Что будет если превысить лимиты корпоративной мобильной связи?,86,0.5775,0.0,0.58,0.0,5.3 Идентификация экологических аспектов
31,Что будет если превысить лимиты корпоративной мобильной связи?,87,0.5654,0.0,0.57,0.0,5 Идентификация всех возможных экологических аспектов
31,Что будет если превысить лимиты корпоративной мобильной связи?,88,0.5644,0.0,0.56,0.0,7 Последовательность формирования реестров экологических аспектов
31,Что будет если превысить лимиты корпоративной мобильной связи?,89,0.5629,0.0,0.56,0.0,Итоговый реестр существенных экологических аспектов
31,Что будет если превысить лимиты корпоративной мобильной связи?,90,0.5572,0.0,0.56,0.0,Процедура Идентификация экологических аспектов ПР-6.1.2-ИЭА
31,Что будет если превысить лимиты корпоративной мобильной связи?,91,0.5549,0.0,0.55,0.0,ПР-6.1.2-ИЭА
31,Что будет если превысить лимиты корпоративной мобильной связи?,92,0.5503,0.0,0.55,0.0,4.1 Термины.
31,Что будет если превысить лимиты корпоративной мобильной связи?,93,0.5502,0.0,0.55,0.0,1 Назначение
31,Что будет если превысить лимиты корпоративной мобильной связи?,94,0.5498,0.0,0.55,0.0,"Приложение 7. Выпуск продукции на 20__ г. на основании заключенных договоров, с НДС."
31,Что будет если превысить лимиты корпоративной мобильной связи?,95,0.5492,0.0,0.55,0.0,"6.5 Работники ставят работодателя в известность об изменении фамилии, имени, отчества, даты рождения, что получает отражение в трудовой книжке на основании представленных документов. При необходимости изменяются данные об образовании, профессии, специальности, присвоении нового разряда, адреса регистрации и пр."
31,Что будет если превысить лимиты корпоративной мобильной связи?,96,0.5478,0.0,0.55,0.0,Компьютерная справочная правовая система ГАРАНТ
31,Что будет если превысить лимиты корпоративной мобильной связи?,97,0.5444,0.0,0.54,0.0,"3.5 Проводить мониторинг тендерных предложений и готовить тендерную документацию на право заключения договоров (контрактов) на выполнение работ, оказание услуг, относящихся к сфере деятельности отдела геологии согласно требованиям инструкции «По подготовке тендерного предложения» (ИН-01ПТП)"
31,Что будет если превысить лимиты корпоративной мобильной связи?,98,0.5437,0.0,0.54,0.0,Маркетинговая информация
31,Что будет если превысить лимиты корпоративной мобильной связи?,99,0.5424,0.0,0.54,0.0,Идентификация экологических аспектов
31,Что будет если превысить лимиты корпоративной мобильной связи?,100,0.5414,0.0,0.54,0.0,Сводный реестр экологических аспектов
31,Что будет если превысить лимиты корпоративной мобильной связи?,101,0.5414,0.0,0.54,0.0,"4 Термины, обозначения"
31,Что будет если превысить лимиты корпоративной мобильной связи?,102,0.5405,0.0,0.54,0.0,2 Понятие и состав персональных данных
31,Что будет если превысить лимиты корпоративной мобильной связи?,103,0.5398,0.0,0.54,0.0,"3.10 Анализировать, по мере необходимости актуализирует и согласовывает с руководством документы ИСМ"
31,Что будет если превысить лимиты корпоративной мобильной связи?,104,0.5377,0.0,0.54,0.0,СОГЛАСОВАНО:
31,Что будет если превысить лимиты корпоративной мобильной связи?,105,0.8278,0.82,0.55,0.83,6 Нормы и порядок возмещения перерасхода лимита корпоративной мобильной связи
31,Что будет если превысить лимиты корпоративной мобильной связи?,106,0.807,0.81,0.53,0.79,Приложение Е
31,Что будет если превысить лимиты корпоративной мобильной связи?,107,0.8076,0.8,0.55,0.81,5 Правила пользования корпоративной мобильной связью
31,Что будет если превысить лимиты корпоративной мобильной связи?,108,0.7934,0.79,0.58,0.77,"7 Материальная ответственность работника, использующего корпоративную SIM-карту и корпоративный мобильный аппарат"
31,Что будет если превысить лимиты корпоративной мобильной связи?,109,0.7873,0.79,0.57,0.78,4 Порядок предоставления корпоративной мобильной связи
31,Что будет если превысить лимиты корпоративной мобильной связи?,110,0.8089,0.76,0.58,0.81,Приложение Д
31,Что будет если превысить лимиты корпоративной мобильной связи?,111,0.7376,0.72,0.54,0.74,2 Нормативные ссылки
31,Что будет если превысить лимиты корпоративной мобильной связи?,112,0.7353,0.71,0.56,0.74,ПОЛОЖЕНИЕ О корпоративной мобильной связи в АО «ВолгоградНИПИнефть» «ПЛ-13-КМС»
31,Что будет если превысить лимиты корпоративной мобильной связи?,113,0.7582,0.7,0.54,0.76,Приложение А
31,Что будет если превысить лимиты корпоративной мобильной связи?,114,0.7606,0.67,0.0,0.76,1 Общие положения
31,Что будет если превысить лимиты корпоративной мобильной связи?,115,0.7012,0.66,0.0,0.7,Приложение В
31,Что будет если превысить лимиты корпоративной мобильной связи?,116,0.791,0.66,0.0,0.79,3 Термины и определения
31,Что будет если превысить лимиты корпоративной мобильной связи?,117,0.7466,0.66,0.0,0.75,СОГЛАСОВАНО:
31,Что будет если превысить лимиты корпоративной мобильной связи?,118,0.7231,0.65,0.0,0.72,Приложение Г
31,Что будет если превысить лимиты корпоративной мобильной связи?,119,0.6288,0.61,0.0,0.63,Приложение Б
32,Что будет если превысить лимиты корпоративной мобильной связи?,1,0.9493,0.83,0.95,0.83,"6.3 При превышении установленного лимита корпоративной мобильной связи сумма расхода, не подтвержденная производственной необходимостью, подлежит либо оплате работником посредством удержания денежных средств из"
32,Что будет если превысить лимиты корпоративной мобильной связи?,2,0.9708,0.83,0.97,0.78,"4.7 В случаях, вызванных производственной необходимостью, установленный лимит корпоративной связи может быть изменен персонально. Изменение лимита производится на основании личного заявления сотрудника (Приложение</h3><p>О корпоративной мобильной связи</p><p>О корпоративной мобильной связи</p><li>Е) либо служебной записки непосредственного руководителя и приказа генерального директора с 1-го числа месяца, следующего за текущим.</li>"
32,Что будет если превысить лимиты корпоративной мобильной связи?,3,0.9597,0.82,0.96,0.79,"3.4 Лимит корпоративной мобильной связи - предельная стоимость потребляемых услуг мобильной связи, установленная в Приложении А на каждый календарный месяц."
32,Что будет если превысить лимиты корпоративной мобильной связи?,4,0.9517,0.82,0.95,0.81,"5.2 При использовании корпоративной мобильной связи расходы сверх установленного лимита, и не по назначению подлежат возмещению Институту."
32,Что будет если превысить лимиты корпоративной мобильной связи?,5,0.807,0.81,0.0,0.79,Приложение Е
32,Что будет если превысить лимиты корпоративной мобильной связи?,6,0.9111,0.8,0.91,0.76,ЗАЯВКА на предоставление корпоративной мобильной связи
32,Что будет если превысить лимиты корпоративной мобильной связи?,7,0.9833,0.79,0.98,0.77,"7 Материальная ответственность работника, использующего корпоративную SIM-карту и корпоративный мобильный аппарат"
32,Что будет если превысить лимиты корпоративной мобильной связи?,8,0.8097,0.79,0.81,0.81,ЗАЯВЛЕНИЕ
32,Что будет если превысить лимиты корпоративной мобильной связи?,9,0.8454,0.77,0.85,0.76,"1.1 Настоящее Положение разработано в целях регулирования исполнения обязанности работодателя, установленной статьей 163 Трудового кодекса Российской Федерации, с целью обеспечить нормальные условия для выполнения работниками служебных обязанностей и использования мобильной связи в деятельности АО «ВолгоградНИПИнефть» (далее по тексту - Институт). Положение определяет порядок предоставления корпоративной мобильной связи сотрудникам Института, устанавливает требования к пользованию корпоративной мобильной связью, нормы и порядок расходов на корпоративную мобильную связь."
32,Что будет если превысить лимиты корпоративной мобильной связи?,10,0.7599,0.76,0.67,0.7,"6.11 Всем дистанционным работникам выплачивается компенсация за повышенные расходы на электрическую энергию, Интернет и мобильную связь. Размер компенсации согласовывается генеральным директором и отражается в трудовом договоре или дополнительном соглашении."
32,Что будет если превысить лимиты корпоративной мобильной связи?,11,0.7371,0.74,0.0,0.72,12 Ответственность за разглашение коммерческой тайны
32,Что будет если превысить лимиты корпоративной мобильной связи?,12,0.7365,0.74,0.0,0.69,5.6 «Внешняя защита».
32,Что будет если превысить лимиты корпоративной мобильной связи?,13,0.743,0.73,0.0,0.74,"7.5 Лица, виновные в нарушении норм, регулирующих получение, обработку и защиту персональных данных работника, несут дисциплинарную, административную, гражданско-правовую или уголовную ответственность в соответствии с федеральными законами."
32,Что будет если превысить лимиты корпоративной мобильной связи?,14,0.7341,0.73,0.0,0.72,4.2 Внешний доступ.
32,Что будет если превысить лимиты корпоративной мобильной связи?,15,0.7315,0.73,0.0,0.73,11.1 Допуск работника к коммерческой тайне может быть прекращен в следующих случаях:
32,Что будет если превысить лимиты корпоративной мобильной связи?,16,0.7287,0.73,0.0,0.71,"5.1 Трудовой договор, дополнительное соглашение к трудовому договору, предусматривающие выполнение работником трудовой функции дистанционно, а также внесение изменений в эти договоры (дополнительные соглашения к трудовым договорам) и их расторжение могут заключаться путем обмена между работником (лицом, поступающим на работу) и работодателем электронными документами, а также путем личной подписи. В случае обмена между работником и работодателем электронного документооборота используются усиленная квалифицированная электронная подпись работодателя и усиленная квалифицированная электронная подпись или усиленная неквалифицированная электронная подпись работника в соответствии с законодательством Российской Федерации об электронной подписи."
32,Что будет если превысить лимиты корпоративной мобильной связи?,17,0.7364,0.73,0.0,0.74,5.1.3 Запрещается перемещать рабочие файлы без ведома руководителя отдела или сотрудников отдела ИТ.
32,Что будет если превысить лимиты корпоративной мобильной связи?,18,0.7238,0.72,0.0,0.0,7.4 Привлечение к сверхурочным работам производится работодателем с письменного согласия работника. Сверхурочные работы не должны превышать для каждого работника четырех часов в течение двух дней подряд и 120 часов в год.
32,Что будет если превысить лимиты корпоративной мобильной связи?,19,0.7237,0.72,0.0,0.71,"7.18 При выявлении обстоятельств, которые могут быть причиной нарушения условий договора со стороны ГИПа (ОИ), он обязан немедленно информировать начальника своего отдела и принять меры для выполнения условий договора."
32,Что будет если превысить лимиты корпоративной мобильной связи?,20,0.7484,0.72,0.0,0.75,"8.4 Трудовой договор с дистанционным работником может быть прекращен в случае изменения работника местности выполнения трудовой функции, если это влечет невозможность исполнения работником обязанностей по трудовому договору на прежних условиях."
32,Что будет если превысить лимиты корпоративной мобильной связи?,21,0.7217,0.72,0.0,0.71,"7.5 В Институте действует следующий порядок взаимодействия работодателя и работника, в том числе в связи с выполнением трудовой функции дистанционно, передачей результатов работы и отчетов о выполненной работе по запросам работодателя"
32,Что будет если превысить лимиты корпоративной мобильной связи?,22,0.7236,0.72,0.0,0.72,Обязательство о сохранении принимаемым на работу сотрудником коммерческой тайны АО «ВолгоградНИПИнефть».
32,Что будет если превысить лимиты корпоративной мобильной связи?,23,0.7376,0.72,0.68,0.74,2 Нормативные ссылки
32,Что будет если превысить лимиты корпоративной мобильной связи?,24,0.7456,0.72,0.0,0.75,2.3 В целях противодействия коррупции работнику рекомендуется:
32,Что будет если превысить лимиты корпоративной мобильной связи?,25,0.733,0.72,0.0,0.73,Внутреннего трудового распорядка АО «ВолгоградНИПИнефть»
32,Что будет если превысить лимиты корпоративной мобильной связи?,26,0.7189,0.72,0.0,0.0,7.1
32,Что будет если превысить лимиты корпоративной мобильной связи?,27,0.7185,0.72,0.0,0.71,Режим коммерческой тайны не может быть установлен в отношении следующих сведений:
32,Что будет если превысить лимиты корпоративной мобильной связи?,28,0.7184,0.72,0.68,0.0,Сверхурочная работа
32,Что будет если превысить лимиты корпоративной мобильной связи?,29,0.7183,0.72,0.0,0.7,7.8.4 Операционные (производственные) риски
32,Что будет если превысить лимиты корпоративной мобильной связи?,30,0.7422,0.72,0.0,0.74,"3.5 Передача персональных данных работника возможна только с согласия работника или в случаях, прямо предусмотренных законодательством"
32,Что будет если превысить лимиты корпоративной мобильной связи?,31,0.7181,0.72,0.0,0.7,"5.2 Транспортные расходы планируются, исходя из следующего:"
32,Что будет если превысить лимиты корпоративной мобильной связи?,32,0.73,0.72,0.0,0.73,"1.4 Настоящее Положение утверждается и вводится в действие приказом генерального директора и является обязательным для исполнения всеми работниками, имеющими доступ к персональным данным сотрудников."
32,Что будет если превысить лимиты корпоративной мобильной связи?,33,0.7158,0.72,0.0,0.0,6.2
32,Что будет если превысить лимиты корпоративной мобильной связи?,34,0.7157,0.72,0.0,0.0,"1.9 Кодекс закрепляет общие ценности, принципы и правила поведения, такие как:"
32,Что будет если превысить лимиты корпоративной мобильной связи?,35,0.7156,0.72,0.0,0.7,"4 Термины, обозначения, сокращения"
32,Что будет если превысить лимиты корпоративной мобильной связи?,36,0.7278,0.71,0.0,0.73,"9.7 Незамедлительно сообщать соответствующему должностному лицу Института об утрате или недостаче носителей информации, составляющих коммерческую тайну, удостоверений, пропусков, ключей от помещений, хранилищ, сейфов, личных печатей и о других фактах, которые могут привести к разглашению коммерческой тайны Института, а также о причинах и условиях возможной утечки коммерческой тайны."
32,Что будет если превысить лимиты корпоративной мобильной связи?,37,0.7466,0.0,0.0,0.75,СОГЛАСОВАНО:
32,Что будет если превысить лимиты корпоративной мобильной связи?,38,0.7384,0.0,0.0,0.74,5 Ответственность
32,Что будет если превысить лимиты корпоративной мобильной связи?,39,0.8258,0.0,0.83,0.74,ПОЛОЖЕНИЕ О корпоративной мобильной связи в АО «ВолгоградНИПИнефть» «ПЛ-13-КМС»
32,Что будет если превысить лимиты корпоративной мобильной связи?,40,0.8113,0.0,0.81,0.74,ПЛ-13-КМС
32,Что будет если превысить лимиты корпоративной мобильной связи?,41,0.7316,0.0,0.0,0.73,5 Ответственность
32,Что будет если превысить лимиты корпоративной мобильной связи?,42,0.7304,0.0,0.0,0.73,5 Ответственности
32,Что будет если превысить лимиты корпоративной мобильной связи?,43,0.7272,0.0,0.0,0.73,6 Ответственность
32,Что будет если превысить лимиты корпоративной мобильной связи?,44,0.7256,0.0,0.0,0.73,Отдел несет ответственность за:
32,Что будет если превысить лимиты корпоративной мобильной связи?,45,0.7231,0.0,0.0,0.72,Приложение Г
32,Что будет если превысить лимиты корпоративной мобильной связи?,46,0.7201,0.0,0.65,0.72,5 Защита персональных данных
32,Что будет если превысить лимиты корпоративной мобильной связи?,47,0.7201,0.0,0.7,0.72,Размер материальной помощи
32,Что будет если превысить лимиты корпоративной мобильной связи?,48,0.719,0.0,0.66,0.72,6 Ответственность
32,Что будет если превысить лимиты корпоративной мобильной связи?,49,0.7108,0.0,0.0,0.71,Отдел несет ответственность за:
32,Что будет если превысить лимиты корпоративной мобильной связи?,50,0.7104,0.0,0.0,0.71,Ответственность работников за нарушение трудовой дисциплины
32,Что будет если превысить лимиты корпоративной мобильной связи?,51,0.7091,0.0,0.0,0.71,Внутреннего трудового распорядка АО «ВолгоградНИПИнефть»
32,Что будет если превысить лимиты корпоративной мобильной связи?,52,0.7078,0.0,0.0,0.71,12 Ответственность
32,Что будет если превысить лимиты корпоративной мобильной связи?,53,0.7075,0.0,0.0,0.71,решений
32,Что будет если превысить лимиты корпоративной мобильной связи?,54,0.7072,0.0,0.0,0.71,6 Организация командировки
32,Что будет если превысить лимиты корпоративной мобильной связи?,55,0.7066,0.0,0.0,0.71,Внутреннего трудового распорядка АО «ВолгоградНИПИнефть»
32,Что будет если превысить лимиты корпоративной мобильной связи?,56,0.7063,0.0,0.0,0.71,2 Область применения
32,Что будет если превысить лимиты корпоративной мобильной связи?,57,0.7037,0.0,0.0,0.7,7 Порядок отнесения сведений к коммерческой тайне
32,Что будет если превысить лимиты корпоративной мобильной связи?,58,0.7033,0.0,0.0,0.7,Ответственность работодателя за нарушение прав работников
32,Что будет если превысить лимиты корпоративной мобильной связи?,59,0.7031,0.0,0.0,0.7,9 Окончание работ. Отчет о командировке
32,Что будет если превысить лимиты корпоративной мобильной связи?,60,0.7024,0.0,0.0,0.7,Приложение 2. Перечень регламентированных процессов информационно-технического отдела.
32,Что будет если превысить лимиты корпоративной мобильной связи?,61,0.7022,0.0,0.0,0.7,Время отдыха
32,Что будет если превысить лимиты корпоративной мобильной связи?,62,0.7012,0.0,0.0,0.7,Приложение В
32,Что будет если превысить лимиты корпоративной мобильной связи?,63,0.7005,0.0,0.0,0.7,5 Защита персональных данных
32,Что будет если превысить лимиты корпоративной мобильной связи?,64,0.7002,0.0,0.0,0.7,Основные права и обязанности работников
32,Что будет если превысить лимиты корпоративной мобильной связи?,65,0.7001,0.0,0.0,0.7,2 Область применения
32,Что будет если превысить лимиты корпоративной мобильной связи?,66,0.7001,0.0,0.0,0.7,13 Заключительное положение
32,Что будет если превысить лимиты корпоративной мобильной связи?,67,0.6992,0.0,0.0,0.7,Рабочее время и его использование
32,Что будет если превысить лимиты корпоративной мобильной связи?,68,0.6986,0.0,0.0,0.7,Назначение и область применения
32,Что будет если превысить лимиты корпоративной мобильной связи?,69,0.6983,0.0,0.0,0.7,10 Порядок допуска к коммерческой тайне
32,Что будет если превысить лимиты корпоративной мобильной связи?,70,0.6981,0.0,0.0,0.7,1 Назначение
32,Что будет если превысить лимиты корпоративной мобильной связи?,71,0.6959,0.0,0.0,0.7,2 Нормативные ссылки
32,Что будет если превысить лимиты корпоративной мобильной связи?,72,0.6955,0.0,0.0,0.7,3 Обработка персональных данных
32,Что будет если превысить лимиты корпоративной мобильной связи?,73,0.6953,0.0,0.0,0.7,2 Квалификационные требования
32,Что будет если превысить лимиты корпоративной мобильной связи?,74,0.6952,0.0,0.0,0.7,8 Срок и режим командировки
32,Что будет если превысить лимиты корпоративной мобильной связи?,75,0.695,0.0,0.0,0.7,2 Квалификационные требования
32,Что будет если превысить лимиты корпоративной мобильной связи?,76,0.6945,0.0,0.0,0.69,7 Организация работы командированного сотрудника
32,Что будет если превысить лимиты корпоративной мобильной связи?,77,0.6934,0.0,0.0,0.69,4 Командировки
32,Что будет если превысить лимиты корпоративной мобильной связи?,78,0.6932,0.0,0.0,0.69,Внутреннего трудового распорядка АО «ВолгоградНИПИнефть»
32,Что будет если превысить лимиты корпоративной мобильной связи?,79,0.6931,0.0,0.0,0.69,Заключительные положения
32,Что будет если превысить лимиты корпоративной мобильной связи?,80,0.6931,0.0,0.0,0.69,8 Требования к транспортированию отходов
32,Что будет если превысить лимиты корпоративной мобильной связи?,81,0.8796,0.0,0.88,0.0,"4.7 Формирование архива сканов договорной документации (договоры, дополнительные соглашения, акты сдачи-приемки выполненных работ)."
32,Что будет если превысить лимиты корпоративной мобильной связи?,82,0.8673,0.0,0.87,0.0,6.2 Оценка существенности экологических аспектов по суммарному количеству баллов
32,Что будет если превысить лимиты корпоративной мобильной связи?,83,0.8496,0.0,0.85,0.0,7 Последовательность формирования реестров экологических аспектов
32,Что будет если превысить лимиты корпоративной мобильной связи?,84,0.8478,0.0,0.85,0.0,5.3 Идентификация экологических аспектов
32,Что будет если превысить лимиты корпоративной мобильной связи?,85,0.8418,0.0,0.84,0.0,Проекты договоров
32,Что будет если превысить лимиты корпоративной мобильной связи?,86,0.8361,0.0,0.84,0.0,"Оформление договоров на выполнение работ, оказание услуг"
32,Что будет если превысить лимиты корпоративной мобильной связи?,87,0.8253,0.0,0.83,0.0,Приложение 6. Формы журналов отдела
32,Что будет если превысить лимиты корпоративной мобильной связи?,88,0.7708,0.0,0.77,0.0,5.1 Последовательность идентификации экологических аспектов
32,Что будет если превысить лимиты корпоративной мобильной связи?,89,0.7639,0.0,0.76,0.0,"6.5 Работники ставят работодателя в известность об изменении фамилии, имени, отчества, даты рождения, что получает отражение в трудовой книжке на основании представленных документов. При необходимости изменяются данные об образовании, профессии, специальности, присвоении нового разряда, адреса регистрации и пр."
32,Что будет если превысить лимиты корпоративной мобильной связи?,90,0.7395,0.0,0.74,0.0,Идентификация экологических аспектов
32,Что будет если превысить лимиты корпоративной мобильной связи?,91,0.7355,0.0,0.74,0.0,Маркетинговая информация
32,Что будет если превысить лимиты корпоративной мобильной связи?,92,0.7309,0.0,0.73,0.0,"4 Термины, обозначения"
32,Что будет если превысить лимиты корпоративной мобильной связи?,93,0.7003,0.0,0.7,0.0,1.1 Договорной отдел (далее по тексту - Отдел) является структурным подразделением АО «ВолгоградНИПИнефть» (далее по тексту - Институт).
32,Что будет если превысить лимиты корпоративной мобильной связи?,94,0.6881,0.0,0.69,0.0,3 Нормативные ссылки
32,Что будет если превысить лимиты корпоративной мобильной связи?,95,0.685,0.0,0.69,0.0,ПОЛОЖЕНИЕ Об уполномоченном по интегрированной системе менеджмента в отделе инженерных изысканий «ПЛ-08-УИСМ»
32,Что будет если превысить лимиты корпоративной мобильной связи?,96,0.6822,0.0,0.68,0.0,Итоговый реестр существенных экологических аспектов
32,Что будет если превысить лимиты корпоративной мобильной связи?,97,0.6764,0.0,0.68,0.0,ПЛ-08-УИСМ
32,Что будет если превысить лимиты корпоративной мобильной связи?,98,0.6668,0.0,0.67,0.0,Процедура Идентификация экологических аспектов ПР-6.1.2-ИЭА
32,Что будет если превысить лимиты корпоративной мобильной связи?,99,0.6606,0.0,0.66,0.0,ПР-6.1.2-ИЭА
32,Что будет если превысить лимиты корпоративной мобильной связи?,100,0.6479,0.0,0.65,0.0,4.1 Термины.
32,Что будет если превысить лимиты корпоративной мобильной связи?,101,0.6477,0.0,0.65,0.0,1 Назначение
32,Что будет если превысить лимиты корпоративной мобильной связи?,102,0.8278,0.82,0.75,0.83,6 Нормы и порядок возмещения перерасхода лимита корпоративной мобильной связи
32,Что будет если превысить лимиты корпоративной мобильной связи?,103,0.807,0.81,0.6,0.79,Приложение Е
32,Что будет если превысить лимиты корпоративной мобильной связи?,104,0.819,0.8,0.82,0.81,5 Правила пользования корпоративной мобильной связью
32,Что будет если превысить лимиты корпоративной мобильной связи?,105,0.7946,0.79,0.79,0.77,"7 Материальная ответственность работника, использующего корпоративную SIM-карту и корпоративный мобильный аппарат"
32,Что будет если превысить лимиты корпоративной мобильной связи?,106,0.8726,0.79,0.87,0.78,4 Порядок предоставления корпоративной мобильной связи
32,Что будет если превысить лимиты корпоративной мобильной связи?,107,0.8097,0.76,0.81,0.81,Приложение Д
32,Что будет если превысить лимиты корпоративной мобильной связи?,108,0.7376,0.72,0.68,0.74,2 Нормативные ссылки
32,Что будет если превысить лимиты корпоративной мобильной связи?,109,0.8258,0.71,0.83,0.74,ПОЛОЖЕНИЕ О корпоративной мобильной связи в АО «ВолгоградНИПИнефть» «ПЛ-13-КМС»
32,Что будет если превысить лимиты корпоративной мобильной связи?,110,0.7582,0.7,0.64,0.76,Приложение А
32,Что будет если превысить лимиты корпоративной мобильной связи?,111,0.7606,0.67,0.0,0.76,1 Общие положения
32,Что будет если превысить лимиты корпоративной мобильной связи?,112,0.7012,0.66,0.0,0.7,Приложение В
32,Что будет если превысить лимиты корпоративной мобильной связи?,113,0.791,0.66,0.0,0.79,3 Термины и определения
32,Что будет если превысить лимиты корпоративной мобильной связи?,114,0.7466,0.66,0.0,0.75,СОГЛАСОВАНО:
32,Что будет если превысить лимиты корпоративной мобильной связи?,115,0.7231,0.65,0.0,0.72,Приложение Г
32,Что будет если превысить лимиты корпоративной мобильной связи?,116,0.6288,0.61,0.0,0.63,Приложение Б
33,Что входит в персональные данные сотрудников?,1,0.8817,0.86,0.64,0.88,"2.1 Персональные данные работника - информация, необходимая работодателю в связи с трудовыми отношениями и касающиеся конкретного работника. Под информацией о работниках понимаются сведения о фактах, событиях и обстоятельствах жизни работника, позволяющие идентифицировать его личность."
33,Что входит в персональные данные сотрудников?,2,0.836,0.84,0.57,0.78,5.5 «Внутренняя защита».
33,Что входит в персональные данные сотрудников?,3,0.8262,0.83,0.6,0.82,4.1 Внутренний доступ (доступ внутри организации).
33,Что входит в персональные данные сотрудников?,4,0.8209,0.82,0.0,0.77,Перечень сведений конфиденциального характера
33,Что входит в персональные данные сотрудников?,5,0.8184,0.82,0.54,0.81,3.2 В целях обеспечения прав и свобод человека и гражданина работодатель и его представители при обработке персональных данных работника обязаны соблюдать следующие общие требования:
33,Что входит в персональные данные сотрудников?,6,0.8111,0.81,0.54,0.81,"3.6 Все меры конфиденциальности при сборе, обработке и хранении персональных данных сотрудника распространяются как на бумажные, так и на электронные (автоматизированные) носители информации"
33,Что входит в персональные данные сотрудников?,7,0.8158,0.81,0.63,0.82,"7.5 Лица, виновные в нарушении норм, регулирующих получение, обработку и защиту персональных данных работника, несут дисциплинарную, административную, гражданско-правовую или уголовную ответственность в соответствии с федеральными законами."
33,Что входит в персональные данные сотрудников?,8,0.8082,0.8,0.0,0.81,"6.3 В целях защиты персональных данных, хранящихся у работодателя, работник имеет право:"
33,Что входит в персональные данные сотрудников?,9,0.8183,0.8,0.56,0.82,"5.7 Все лица, связанные с получением, обработкой и защитой перс่านных данных, обязаны подписать обязательство о неразглашении персональных данных работников."
33,Что входит в персональные данные сотрудников?,10,0.8208,0.8,0.61,0.82,"1.1 Целью данного Положения является защита перс่านльных данных работников от несанкционированного доступа, неправомерного их использования или утраты."
33,Что входит в персональные данные сотрудников?,11,0.8212,0.8,0.0,0.82,"5.3 Защита персональных данных представляет собой жестко регламентированный и динамически технологический процесс, предупреждающий нарушение доступности, целостности, достоверности и конфиденциальности персональных данных и, в конечном счете, обеспечивающий достаточно надежную безопасность информации в процессе управленческой и производственной деятельности компании."
33,Что входит в персональные данные сотрудников?,12,0.7909,0.79,0.56,0.74,"3.1 В служебном поведении работнику необходимо исходить из конституционных положений о том, что человек, его права и свободы являются высшей ценностью, и каждый гражданин имеет право на неприкосновенность частной жизни, личную и семейную тайну, защиту чести, достоинства, своего доброго имени."
33,Что входит в персональные данные сотрудников?,13,0.7843,0.78,0.0,0.75,АО «ВолгоградНИПИнефть» Положение «ПЛ-20-ЗПДР»
33,Что входит в персональные данные сотрудников?,14,0.7833,0.78,0.55,0.77,"6.5 Перечень оборудования, программно-технических средств, средств защиты информации и иных средств, по каждому сотруднику согласовывается генеральным директором индивидуально, исходя из должностной инструкции работника."
33,Что входит в персональные данные сотрудников?,15,0.782,0.78,0.0,0.0,"4.15 Ведение учета личного состава работников, оформление личных дел, подготовка и выдача по требованию работника справок и копий документов."
33,Что входит в персональные данные сотрудников?,16,0.7801,0.78,0.0,0.77,"9.2 Выполнять относящиеся к работнику требования приказов, инструкций и положений по обеспечению сохранности коммерческой тайны Института и их носителей, соблюдать порядок работы и хранения в отношении документов, содержащих коммерческую тайну, порядок сдачи помещений под охрану и приема из-под охраны, порядок доступа и работы с персональными компьютерами и иной электронной техникой."
33,Что входит в персональные данные сотрудников?,17,0.7773,0.78,0.0,0.76,Приложение 3. Кадровая документация отдела
33,Что входит в персональные данные сотрудников?,18,0.7722,0.77,0.0,0.76,Режим коммерческой тайны не может быть установлен в отношении следующих сведений:
33,Что входит в персональные данные сотрудников?,19,0.7736,0.77,0.0,0.77,"2.4 Работник  может  обрабатывать  и  передавать  служебную  информацию  при соблюдении  действующих  в  Институте  норм  и  требований,  принятых  в соответствии с законодательством Российской Федерации."
33,Что входит в персональные данные сотрудников?,20,0.7707,0.77,0.0,0.77,ПОЛОЖЕНИЕ О защите персональных данных работников «ПЛ-2-ЗПДР»
33,Что входит в персональные данные сотрудников?,21,0.7724,0.77,0.56,0.77,"6.5 Разглашение конфиденциальной информации, информации являющейся коммерческой тайной, персональных данных сотрудников Института."
33,Что входит в персональные данные сотрудников?,22,0.7636,0.76,0.0,0.0,Порядок приема и увольнения работников
33,Что входит в персональные данные сотрудников?,23,0.7619,0.76,0.0,0.74,Приложение 2. Перечень внутренней документации ИСМ отдела
33,Что входит в персональные данные сотрудников?,24,0.7609,0.76,0.0,0.75,7.1 Распределение документов.
33,Что входит в персональные данные сотрудников?,25,0.7608,0.76,0.0,0.0,6 Управление внутренними документами
33,Что входит в персональные данные сотрудников?,26,0.7604,0.76,0.0,0.0,Общие сведения
33,Что входит в персональные данные сотрудников?,27,0.7582,0.76,0.0,0.0,"Регистрация, учет, архивирование и хранение поступающей геолого-технической информации, выполненных отчетов, нормативных документов"
33,Что входит в персональные данные сотрудников?,28,0.758,0.76,0.56,0.75,"7.5 В Институте действует следующий порядок взаимодействия работодателя и работника, в том числе в связи с выполнением трудовой функции дистанционно, передачей результатов работы и отчетов о выполненной работе по запросам работодателя"
33,Что входит в персональные данные сотрудников?,29,0.758,0.76,0.0,0.74,"7.9 Работодатель обязан вести учет рабочего времени, фактически отработанного каждым сотрудником."
33,Что входит в персональные данные сотрудников?,30,0.7574,0.76,0.0,0.0,Ответственность работников за нарушение трудовой дисциплины
33,Что входит в персональные данные сотрудников?,31,0.7573,0.76,0.55,0.74,7.2 Средства корпоративной мобильной связи (SIM-карта и/или мобильный аппарат) передаются работнику по акту приема-передачи. В день увольнения работник обязан вернуть SIM-карту и/или мобильный аппарат по акту приема-передачи материальных ценностей и/или переоформить SIM-карту в личное пользование.
33,Что входит в персональные данные сотрудников?,32,0.7695,0.76,0.0,0.77,Приложение Г
33,Что входит в персональные данные сотрудников?,33,0.7554,0.76,0.0,0.74,"8 Сведения, составляющие коммерческую тайну"
33,Что входит в персональные данные сотрудников?,34,0.7597,0.75,0.0,0.76,"4.5 На всех работников, проработавших в Институте свыше пяти дней, ведутся трудовые книжки, если работа в этом Институте является для работника основной."
33,Что входит в персональные данные сотрудников?,35,0.7545,0.75,0.0,0.74,5.2 Требовать от руководителей структурных подразделений:
33,Что входит в персональные данные сотрудников?,36,0.7542,0.75,0.0,0.74,"Порядок приемки, регистрации и архивирования источников информации."
33,Что входит в персональные данные сотрудников?,37,0.7566,0.75,0.0,0.76,Внутреннего трудового распорядка АО «ВолгоградНИПИнефть»
33,Что входит в персональные данные сотрудников?,38,0.7534,0.75,0.0,0.0,3.3 Обеспечение доступа работников к базам данных общего пользования.
33,Что входит в персональные данные сотрудников?,39,0.7528,0.75,0.0,0.74,ЗАЯВКА на предоставление корпоративной мобильной связи
33,Что входит в персональные данные сотрудников?,40,0.7707,0.75,0.0,0.77,ПЛ-20-ЗПДР
33,Что входит в персональные данные сотрудников?,41,0.7519,0.75,0.0,0.74,"4 Термины, обозначения, сокращения"
33,Что входит в персональные данные сотрудников?,42,0.7755,0.0,0.0,0.78,Порядок работы
33,Что входит в персональные данные сотрудников?,43,0.7592,0.0,0.0,0.76,5 Правила работы с файлами
33,Что входит в персональные данные сотрудников?,44,0.7572,0.0,0.0,0.76,2 Область применения
33,Что входит в персональные данные сотрудников?,45,0.756,0.0,0.58,0.76,5 Порядок приема и перевода работника на дистанционную работу
33,Что входит в персональные данные сотрудников?,46,0.7559,0.0,0.0,0.76,2 Область применения
33,Что входит в персональные данные сотрудников?,47,0.7551,0.0,0.0,0.76,Приложение 3. Перечень документированной информации информационно-технического отдела.
33,Что входит в персональные данные сотрудников?,48,0.7547,0.0,0.0,0.75,3 Нормативные ссылки
33,Что входит в персональные данные сотрудников?,49,0.7532,0.0,0.0,0.75,6 Понятие коммерческой тайны
33,Что входит в персональные данные сотрудников?,50,0.7515,0.0,0.0,0.75,7 Порядок отнесения сведений к коммерческой тайне
33,Что входит в персональные данные сотрудников?,51,0.7488,0.0,0.0,0.75,10 Порядок допуска к коммерческой тайне
33,Что входит в персональные данные сотрудников?,52,0.7488,0.0,0.0,0.75,Отдел несет ответственность за:
33,Что входит в персональные данные сотрудников?,53,0.748,0.0,0.56,0.75,"8 Иные положения, связанные с организацией труда дистанционных работников"
33,Что входит в персональные данные сотрудников?,54,0.7473,0.0,0.0,0.75,2 Область применения
33,Что входит в персональные данные сотрудников?,55,0.7451,0.0,0.0,0.75,Приложение 2. Перечень регламентированных процессов информационно-технического отдела.
33,Что входит в персональные данные сотрудников?,56,0.7449,0.0,0.0,0.74,Приложение 2. Перечень внутренней документации ИСМ отдела
33,Что входит в персональные данные сотрудников?,57,0.7447,0.0,0.0,0.74,11 . Порядок прекращения допуска к коммерческой тайне
33,Что входит в персональные данные сотрудников?,58,0.7445,0.0,0.58,0.74,1 Общие положения
33,Что входит в персональные данные сотрудников?,59,0.7434,0.0,0.0,0.74,Приложение 1 Перечень должностных инструкций полевой партии
33,Что входит в персональные данные сотрудников?,60,0.7434,0.0,0.56,0.74,Общие положения
33,Что входит в персональные данные сотрудников?,61,0.7426,0.0,0.0,0.74,"2 ОСНОВНЫЕ ОБЯЗАННОСТИ, ПРИНЦИПЫ И ПРАВИЛА СЛУЖЕБНОГО ПОВЕДЕНИЯ РАБОТНИКОВ"
33,Что входит в персональные данные сотрудников?,62,0.7424,0.0,0.0,0.74,Приложение 2. Перечень внутренней документации
33,Что входит в персональные данные сотрудников?,63,0.7421,0.0,0.0,0.74,4 Права доступа к каталогам
33,Что входит в персональные данные сотрудников?,64,0.7414,0.0,0.0,0.74,Приложение 5. Шаблоны бланков документированной информации отдела.
33,Что входит в персональные данные сотрудников?,65,0.7411,0.0,0.0,0.74,7 Список приложений
33,Что входит в персональные данные сотрудников?,66,0.7408,0.0,0.0,0.74,13 Заключительное положение
33,Что входит в персональные данные сотрудников?,67,0.7402,0.0,0.0,0.74,Основные права и обязанности работников
33,Что входит в персональные данные сотрудников?,68,0.7401,0.0,0.0,0.74,Приложение 4. Перечень документированной информации отдела
33,Что входит в персональные данные сотрудников?,69,0.7387,0.0,0.0,0.74,Приложение 4. Перечень внутренней документации ИСМ отдела
33,Что входит в персональные данные сотрудников?,70,0.7387,0.0,0.0,0.74,6 Ответственность
33,Что входит в персональные данные сотрудников?,71,0.7386,0.0,0.0,0.74,2 Структура
33,Что входит в персональные данные сотрудников?,72,0.7384,0.0,0.0,0.74,ИН-20-ДО
33,Что входит в персональные данные сотрудников?,73,0.7384,0.0,0.0,0.74,ИНСТРУКЦИЯ Организация работ по документообороту «ИН-20-ДО»
33,Что входит в персональные данные сотрудников?,74,0.7384,0.0,0.59,0.74,4 Порядок предоставления корпоративной мобильной связи
33,Что входит в персональные данные сотрудников?,75,0.7384,0.0,0.0,0.74,1 Назначение
33,Что входит в персональные данные сотрудников?,76,0.7382,0.0,0.0,0.74,6 Ответственность
33,Что входит в персональные данные сотрудников?,77,0.7378,0.0,0.0,0.74,12 Ответственность за разглашение коммерческой тайны
33,Что входит в персональные данные сотрудников?,78,0.7374,0.0,0.0,0.74,Назначение и область применения
33,Что входит в персональные данные сотрудников?,79,0.7374,0.0,0.0,0.74,Приложение В
33,Что входит в персональные данные сотрудников?,80,0.7373,0.0,0.0,0.74,Приложение Д
33,Что входит в персональные данные сотрудников?,81,0.7363,0.0,0.0,0.74,5 Правила пользования корпоративной мобильной связью
33,Что входит в персональные данные сотрудников?,82,0.735,0.0,0.0,0.74,2 Область применения
33,Что входит в персональные данные сотрудников?,83,0.6327,0.0,0.63,0.0,4 Полномочия и права
33,Что входит в персональные данные сотрудников?,84,0.6196,0.0,0.62,0.0,Журнал авансовые платежи
33,Что входит в персональные данные сотрудников?,85,0.6056,0.0,0.61,0.0,1.3 В своей деятельности Отдел руководствуется:
33,Что входит в персональные данные сотрудников?,86,0.604,0.0,0.6,0.0,1 Назначение
33,Что входит в персональные данные сотрудников?,87,0.5924,0.0,0.59,0.0,6.1 Методика оценки экологических аспектов
33,Что входит в персональные данные сотрудников?,88,0.5888,0.0,0.59,0.0,4.1 Термины.
33,Что входит в персональные данные сотрудников?,89,0.5839,0.0,0.58,0.0,5 Идентификация всех возможных экологических аспектов
33,Что входит в персональные данные сотрудников?,90,0.5832,0.0,0.58,0.0,"5.2 Во взаимоотношениях с государственными и муниципальными органами, а также другими предприятиями, организациями, учреждениями, представительствовать в установленном порядке от имени Института по вопросам, относящимся к компетенции Отдела."
33,Что входит в персональные данные сотрудников?,91,0.5797,0.0,0.58,0.0,2.2 Выполнение процедуры является обязательным для всех сотрудников Института.
33,Что входит в персональные данные сотрудников?,92,0.5709,0.0,0.57,0.0,"1.4 Уполномоченный по ИСМ в своей деятельности руководствуется законами и нормативно-правовыми актами РФ, приказами и указаниями руководства АО «ВолгоградНИПИнефть» (далее по тексту Институт), методическими, нормативными и другими руководящими материалами по вопросам интегрированной системы менеджмента, политиками Института, требованиями национальных стандартов ГОСТ Р ИСО 9001-2015 и ГОСТ Р ИСО 14001-2016, документацией ИСМ Института."
33,Что входит в персональные данные сотрудников?,93,0.5704,0.0,0.57,0.0,3 Термины и определения
33,Что входит в персональные данные сотрудников?,94,0.5701,0.0,0.57,0.0,АКТ
33,Что входит в персональные данные сотрудников?,95,0.5653,0.0,0.57,0.0,7 Последовательность формирования реестров экологических аспектов
33,Что входит в персональные данные сотрудников?,96,0.5626,0.0,0.56,0.0,1.7 В целях экономии расходов по оплате услуг связи работники подключаются к корпоративному тарифному плану на условиях льготной тарификации по оптимальному тарифу в пределах установленного лимита.
33,Что входит в персональные данные сотрудников?,97,0.5611,0.0,0.56,0.0,Компьютерная справочная правовая система ГАРАНТ
33,Что входит в персональные данные сотрудников?,98,0.5604,0.0,0.56,0.0,"3.1 В порядке исключения , работы/услуги, предусмотренные РД, могут быть оплачены, не дожидаясь его подписания. Оплата производится главным бухгалой на основании счета исполнителя."
33,Что входит в персональные данные сотрудников?,99,0.5597,0.0,0.56,0.0,"Материальная помощь прочая (юбилеи, праздники и т.п.)"
33,Что входит в персональные данные сотрудников?,100,0.5596,0.0,0.56,0.0,6.1 Сбор и анализ информации о проводимых тендерах.
33,Что входит в персональные данные сотрудников?,101,0.5595,0.0,0.56,0.0,Сверхурочная работа
33,Что входит в персональные данные сотрудников?,102,0.5587,0.0,0.56,0.0,12 Перечень нормативных документов по контролю качества выпускаемой продукции
33,Что входит в персональные данные сотрудников?,103,0.557,0.0,0.56,0.0,"3.7 Обеспечивать качество проектных работ, а также качество других выпускаемых документов в соответствии с нормами и правилами, стандартами, техническими условиями и техническим заданием"
33,Что входит в персональные данные сотрудников?,104,0.5556,0.0,0.56,0.0,4 Система оплаты труда
33,Что входит в персональные данные сотрудников?,105,0.5551,0.0,0.56,0.0,"5.10 В своей деятельности при выполнении главных задач и основных функций работники маркшейдерско-геодезической службы руководствуются законами Российской Федерации, указами Президента Российской Федерации, постановлениями и распоряжениями Правительства Российской Федерации, настоящим Положением и нормативно-методическими документами, утвержденными Госгортехнадзором России или Федеральной службой по экологическому, технологическому и атомному надзору Российской Федерации."
33,Что входит в персональные данные сотрудников?,106,0.5519,0.0,0.55,0.0,"3.4 Своевременное и качественное проведение (по договору) предусмотренного  нормативными  требованиями  комплекса  маркшейдерских работ, достаточных для обеспечения безопасного ведения работ, связанных с пользованием недрами, наиболее полного извлечения из недр запасов залегающих полезных ископаемых, обеспечения технологического цикла горных, строительно-монтажных и иных видов работ, а также для прогнозирования опасных ситуаций при проведении таких работ."
33,Что входит в персональные данные сотрудников?,107,0.5478,0.0,0.55,0.0,7. Книга учета листков нетрудоспособности:
33,Что входит в персональные данные сотрудников?,108,0.5463,0.0,0.55,0.0,Идентификация экологических аспектов
33,Что входит в персональные данные сотрудников?,109,0.5429,0.0,0.54,0.0,"4 Термины, обозначения"
33,Что входит в персональные данные сотрудников?,110,0.5425,0.0,0.54,0.0,3.2 Консультировать сотрудников отдела по вопросам интегрированной системы менеджмента и разработке документации ИСМ
33,Что входит в персональные данные сотрудников?,111,0.5423,0.0,0.54,0.0,"5.7 Записи результатов оценивания и любых необходимых действий, вытекающих из оценки, поддерживаются в рабочем состоянии. Периодически анализируется результативность системы внешних поставок, предпринимаются корректирующие действия, разрабатываются риски и возможности."
33,Что входит в персональные данные сотрудников?,112,0.5376,0.0,0.54,0.0,"1.6 Структура и штат МГС устанавливается исходя из необходимости своевременного, качественного и в установленные требованиями нормативных документов сроки выполнения комплекса маркшейдерских работ, необходимого при проектировании, строительстве, эксплуатации, реконструкции, консервации и ликвидации объектов нефтегазовой отрасли, с учетом видов полезного ископаемого, геологического строения месторождения, горнотехнических и гидрогеологических факторов, объемов и технологии ведения горных, строительно-монтажных и строительных работ, площади горного и земельного отводов, их застроенности и климатических условий региона. Численность МГС определяется в соответствии с методикой, которую утверждает генеральный директор Общества по согласованию с Федеральной службой по экологическому, технологическому и атомному надзору, либо его территориальном органом. На руководителя Общества возлагается ответственность за укомплектование отдела необходимым штатом инженернотехнических работников и рабочих, обеспечение ее специально оборудованными помещениями, автотранспортом, инструментами, приборами и материалами, и современной вычислительной техникой (персональными компьютерами с необходимыми программным обеспечением, средствами измерения и контроля, графопостроителями и др.)."
33,Что входит в персональные данные сотрудников?,113,0.5347,0.0,0.53,0.0,"8.7 Оборудованию, поступившему на баланс Института, присваиваются инвентарные номера, и ведётся его регистрация в УФО."
33,Что входит в персональные данные сотрудников?,114,0.5344,0.0,0.53,0.0,"4.29 Изучение мирового и отечественного опыта применения новых технологий, материалов и оборудования в области маркшейдерии и инженерных изысканий."
33,Что входит в персональные данные сотрудников?,115,0.534,0.0,0.53,0.0,2.5 Должностная инструкция начальника и сотрудников Отдела утверждается генеральным директором Института.
33,Что входит в персональные данные сотрудников?,116,0.5336,0.0,0.53,0.0,"1.14 Комплект обязательной горно-графической маркшейдерско-геодезической документации при проектировании, консервации, ликвидации объектов выполненной Обществом для Заказчика в нефтегазодобывающей, нефтегазотранспортной или нефтегазоперерабатывающей отраслях подлежит постоянному хранению в архиве ЗАО «ВолгоградНИПИнефть», в Государственных Архивных фондах Российской Федерации. Порядок учета, хранения и пользования документацией регламентируется установленными требованиями."
33,Что входит в персональные данные сотрудников?,117,0.8817,0.86,0.52,0.88,2 Понятие и состав персональных данных
33,Что входит в персональные данные сотрудников?,118,0.8132,0.8,0.51,0.81,3 Обработка персональных данных
33,Что входит в персональные данные сотрудников?,119,0.8069,0.79,0.5,0.81,3 Обработка персональных данных
33,Что входит в персональные данные сотрудников?,120,0.8183,0.77,0.0,0.82,5 Защита персональных данных
33,Что входит в персональные данные сотрудников?,121,0.8212,0.77,0.0,0.82,5 Защита персональных данных
33,Что входит в персональные данные сотрудников?,122,0.8158,0.77,0.63,0.82,"7 Ответственность за разглашение конфиденциальной информации, связанной с персональными данными"
33,Что входит в персональные данные сотрудников?,123,0.8164,0.77,0.54,0.82,4 Доступ к персональным данным
33,Что входит в персональные данные сотрудников?,124,0.7707,0.77,0.52,0.77,ПОЛОЖЕНИЕ О защите персональных данных работников «ПЛ-2-ЗПДР»
33,Что входит в персональные данные сотрудников?,125,0.7809,0.75,0.0,0.78,5 Защита персональных данных
33,Что входит в персональные данные сотрудников?,126,0.8082,0.74,0.0,0.81,6 Права и обязанности работника
33,Что входит в персональные данные сотрудников?,127,0.8208,0.7,0.0,0.82,1 Общие положения
33,Что входит в персональные данные сотрудников?,128,0.7063,0.69,0.0,0.71,Лист регистрации изменений
33,Что входит в персональные данные сотрудников?,129,0.7505,0.68,0.0,0.75,СОГЛАСОВАНО:
34,Какие данные являются персональными?,1,0.846,0.85,0.0,0.78,Перечень сведений конфиденциального характера
34,Какие данные являются персональными?,2,0.8577,0.83,0.62,0.86,"2.1 Персональные данные работника - информация, необходимая работодателю в связи с трудовыми отношениями и касающиеся конкретного работника. Под информацией о работниках понимаются сведения о фактах, событиях и обстоятельствах жизни работника, позволяющие идентифицировать его личность."
34,Какие данные являются персональными?,3,0.8302,0.83,0.59,0.8,"1.3 Персональные данные относятся к категории конфиденциальной информации. Режим конфиденциальности персональных данных снимается в случаях обезличивания или по истечении 50 лет срока хранения, если иное не определено законом."
34,Какие данные являются персональными?,4,0.8144,0.81,0.58,0.79,"3.4 Использование персональных данных возможно только в соответствии с целями, определившими их получение."
34,Какие данные являются персональными?,5,0.8059,0.81,0.52,0.8,5.8 По возможности персональные данные обезличиваются.
34,Какие данные являются персональными?,6,0.8057,0.81,0.56,0.79,5.5 «Внутренняя защита».
34,Какие данные являются персональными?,7,0.8031,0.8,0.54,0.79,3 Обработка персональных данных
34,Какие данные являются персональными?,8,0.8097,0.8,0.55,0.81,"5.3 Защита персональных данных представляет собой жестко регламентированный и динамически технологический процесс, предупреждающий нарушение доступности, целостности, достоверности и конфиденциальности персональных данных и, в конечном счете, обеспечивающий достаточно надежную безопасность информации в процессе управленческой и производственной деятельности компании."
34,Какие данные являются персональными?,9,0.8048,0.8,0.55,0.8,"7.5 Лица, виновные в нарушении норм, регулирующих получение, обработку и защиту персональных данных работника, несут дисциплинарную, административную, гражданско-правовую или уголовную ответственность в соответствии с федеральными законами."
34,Какие данные являются персональными?,10,0.7944,0.79,0.56,0.79,4.2 Внешний доступ.
34,Какие данные являются персональными?,11,0.7849,0.78,0.53,0.78,"6.3 В целях защиты персональных данных, хранящихся у работодателя, работник имеет право:"
34,Какие данные являются персональными?,12,0.7774,0.78,0.0,0.0,"3.1 В служебном поведении работнику необходимо исходить из конституционных положений о том, что человек, его права и свободы являются высшей ценностью, и каждый гражданин имеет право на неприкосновенность частной жизни, личную и семейную тайну, защиту чести, достоинства, своего доброго имени."
34,Какие данные являются персональными?,13,0.7709,0.77,0.0,0.75,"8 Сведения, составляющие коммерческую тайну"
34,Какие данные являются персональными?,14,0.7652,0.77,0.0,0.76,Режим коммерческой тайны не может быть установлен в отношении следующих сведений:
34,Какие данные являются персональными?,15,0.7589,0.76,0.0,0.74,АО «ВолгоградНИПИнефть» Положение «ПЛ-20-ЗПДР»
34,Какие данные являются персональными?,16,0.7583,0.76,0.0,0.75,7 Порядок отнесения сведений к коммерческой тайне
34,Какие данные являются персональными?,17,0.7678,0.76,0.0,0.77,"6.2 Информация,  составляющая  коммерческую  тайну  (секрет  производства),  сведения любого характера (производственные, технические, экономические, организационные и другие), в том числе о результатах интеллектуальной деятельности в научно-технической сфере, а также сведения о способах осуществления профессиональной деятельности, которые имеют действительную или потенциальную коммерчิескую ценность в силу неизвестности их третьим лицам, к которым у третьих лиц нет свободного доступа на законном основании и в отношении которых обладателем таких сведений введен режим коммерческой тайны."
34,Какие данные являются персональными?,18,0.7503,0.75,0.52,0.72,"6.5 Разглашение конфиденциальной информации, информации являющейся коммерческой тайной, персональных данных сотрудников Института."
34,Какие данные являются персональными?,19,0.7492,0.75,0.0,0.0,"4.15 Ведение учета личного состава работников, оформление личных дел, подготовка и выдача по требованию работника справок и копий документов."
34,Какие данные являются персональными?,20,0.7461,0.75,0.0,0.0,"Порядок приемки, регистрации и архивирования источников информации."
34,Какие данные являются персональными?,21,0.744,0.74,0.0,0.0,P:\\\\Информация…
34,Какие данные являются персональными?,22,0.744,0.74,0.0,0.0,Общие сведения
34,Какие данные являются персональными?,23,0.7436,0.74,0.54,0.0,Основные данные документа
34,Какие данные являются персональными?,24,0.7428,0.74,0.0,0.72,"9.2 Выполнять относящиеся к работнику требования приказов, инструкций и положений по обеспечению сохранности коммерческой тайны Института и их носителей, соблюдать порядок работы и хранения в отношении документов, содержащих коммерческую тайну, порядок сдачи помещений под охрану и приема из-под охраны, порядок доступа и работы с персональными компьютерами и иной электронной техникой."
34,Какие данные являются персональными?,25,0.7422,0.74,0.58,0.72,"6.5 Перечень оборудования, программно-технических средств, средств защиты информации и иных средств, по каждому сотруднику согласовывается генеральным директором индивидуально, исходя из должностной инструкции работника."
34,Какие данные являются персональными?,26,0.7411,0.74,0.0,0.0,6 Управление внутренними документами
34,Какие данные являются персональными?,27,0.7425,0.74,0.0,0.74,"4 Термины, обозначения, сокращения"
34,Какие данные являются персональными?,28,0.7394,0.74,0.0,0.73,Приложение 3. Кадровая документация отдела
34,Какие данные являются персональными?,29,0.751,0.74,0.0,0.75,3 Нормативные ссылки
34,Какие данные являются персональными?,30,0.7371,0.74,0.0,0.73,Приложение Г
34,Какие данные являются персональными?,31,0.7359,0.74,0.0,0.0,Общие сведения
34,Какие данные являются персональными?,32,0.735,0.74,0.0,0.0,6.2 На начальника отдела возлагается персональная ответственность за:
34,Какие данные являются персональными?,33,0.7347,0.73,0.0,0.0,"8.9 Любая продукция, работа (услуга), характеристики которой не соответствуют установленным требованиям, своевременно идентифицируется, регистрируется и не используется до принятия решений уполномоченным персоналом о ее корректировке, изъятии, замене, возврате и т.п."
34,Какие данные являются персональными?,34,0.7346,0.73,0.0,0.71,10 Порядок допуска к коммерческой тайне
34,Какие данные являются персональными?,35,0.7338,0.73,0.0,0.0,Об учетно-финансовом отделе
34,Какие данные являются персональными?,36,0.7462,0.0,0.52,0.75,ПЛ-20-ЗПДР
34,Какие данные являются персональными?,37,0.7462,0.0,0.53,0.75,ПОЛОЖЕНИЕ О защите персональных данных работников «ПЛ-2-ЗПДР»
34,Какие данные являются персональными?,38,0.7357,0.0,0.0,0.74,5 Правила работы с файлами
34,Какие данные являются персональными?,39,0.735,0.0,0.0,0.74,Приложение 3. Перечень документированной информации информационно-технического отдела.
34,Какие данные являются персональными?,40,0.7302,0.0,0.0,0.73,"2 ОСНОВНЫЕ ОБЯЗАННОСТИ, ПРИНЦИПЫ И ПРАВИЛА СЛУЖЕБНОГО ПОВЕДЕНИЯ РАБОТНИКОВ"
34,Какие данные являются персональными?,41,0.7284,0.0,0.0,0.73,Порядок работы
34,Какие данные являются персональными?,42,0.7283,0.0,0.0,0.73,Приложение 4. Перечень документированной информации отдела
34,Какие данные являются персональными?,43,0.7243,0.0,0.0,0.72,Лист регистрации изменений
34,Какие данные являются персональными?,44,0.724,0.0,0.0,0.72,Лист регистрации изменений
34,Какие данные являются персональными?,45,0.7227,0.0,0.0,0.72,Определения и сокращения
34,Какие данные являются персональными?,46,0.7227,0.0,0.0,0.72,Приложение А
34,Какие данные являются персональными?,47,0.7226,0.0,0.0,0.72,Производственная информация
34,Какие данные являются персональными?,48,0.7221,0.0,0.0,0.72,"7 Учет ошибок, обнаруженных при нормоконтроле"
34,Какие данные являются персональными?,49,0.7221,0.0,0.0,0.72,Приложение 2. Перечень регламентированных процессов информационно-технического отдела.
34,Какие данные являются персональными?,50,0.7217,0.0,0.53,0.72,5 Порядок приема и перевода работника на дистанционную работу
34,Какие данные являются персональными?,51,0.721,0.0,0.0,0.72,2 Область применения
34,Какие данные являются персональными?,52,0.7209,0.0,0.0,0.72,Лист регистрации изменений
34,Какие данные являются персональными?,53,0.7196,0.0,0.0,0.72,Лист регистрации изменений
34,Какие данные являются персональными?,54,0.7193,0.0,0.0,0.72,Лист регистрации изменений
34,Какие данные являются персональными?,55,0.719,0.0,0.0,0.72,СОГЛАСОВАНО:
34,Какие данные являются персональными?,56,0.7188,0.0,0.0,0.72,2 Область применения
34,Какие данные являются персональными?,57,0.7183,0.0,0.0,0.72,Лист регистрации изменений
34,Какие данные являются персональными?,58,0.7183,0.0,0.0,0.72,Приложение 1 Перечень должностных инструкций полевой партии
34,Какие данные являются персональными?,59,0.7183,0.0,0.0,0.72,Приложение 5. Шаблоны бланков документированной информации отдела.
34,Какие данные являются персональными?,60,0.7181,0.0,0.0,0.72,1 Назначение
34,Какие данные являются персональными?,61,0.718,0.0,0.0,0.72,Лист регистрации изменений
34,Какие данные являются персональными?,62,0.7178,0.0,0.0,0.72,Лист регистрации изменений
34,Какие данные являются персональными?,63,0.7177,0.0,0.0,0.72,Приложение 2. Перечень внутренней документации
34,Какие данные являются персональными?,64,0.7168,0.0,0.0,0.72,ИН-15-РегАрх
34,Какие данные являются персональными?,65,0.7168,0.0,0.0,0.72,ИНСТРУКЦИЯ Регистрация и архивирование источников информации «ИН-15-РегАрх»
34,Какие данные являются персональными?,66,0.7157,0.0,0.0,0.72,Лист регистрации изменений
34,Какие данные являются персональными?,67,0.7157,0.0,0.0,0.72,7 Список приложений
34,Какие данные являются персональными?,68,0.7154,0.0,0.0,0.72,4 Функции
34,Какие данные являются персональными?,69,0.7147,0.0,0.0,0.71,1 Общие положения
34,Какие данные являются персональными?,70,0.7129,0.0,0.0,0.71,13 Заключительное положение
34,Какие данные являются персональными?,71,0.7129,0.0,0.0,0.71,Внутреннего трудового распорядка АО «ВолгоградНИПИнефть»
34,Какие данные являются персональными?,72,0.7127,0.0,0.0,0.71,Лист регистрации изменений
34,Какие данные являются персональными?,73,0.7127,0.0,0.0,0.71,Приложение 4 Перечень специализированного программного обеспечения отдела
34,Какие данные являются персональными?,74,0.7126,0.0,0.0,0.71,Финансово-учетная документация:
34,Какие данные являются персональными?,75,0.7124,0.0,0.0,0.71,Приложение 2. Перечень внутренней документации ИСМ отдела
34,Какие данные являются персональными?,76,0.7119,0.0,0.0,0.71,1 ОБЩИЕ ПОЛОЖЕНИЯ
34,Какие данные являются персональными?,77,0.7118,0.0,0.0,0.71,Приложение 6. Формы журналов отдела:
34,Какие данные являются персональными?,78,0.7118,0.0,0.0,0.71,7 Управление входящей документацией
34,Какие данные являются персональными?,79,0.7114,0.0,0.0,0.71,СОГЛАСОВАНО:
34,Какие данные являются персональными?,80,0.7114,0.0,0.0,0.71,3 Метрологическое обеспечение
34,Какие данные являются персональными?,81,0.7114,0.0,0.0,0.71,Приложение Г
34,Какие данные являются персональными?,82,0.7113,0.0,0.0,0.71,ЛИСТ СОГЛАСОВАНИЯ ДОГОВОРА
34,Какие данные являются персональными?,83,0.7112,0.0,0.0,0.71,1 Назначение
34,Какие данные являются персональными?,84,0.711,0.0,0.0,0.71,"4 Термины, обозначения, сокращения"
34,Какие данные являются персональными?,85,0.7107,0.0,0.0,0.71,СОГЛАСОВАНО:
34,Какие данные являются персональными?,86,0.7106,0.0,0.0,0.71,Приложение 3. Перечень регламентированных бизнес-процессов
34,Какие данные являются персональными?,87,0.6295,0.0,0.63,0.0,4.1 Термины.
34,Какие данные являются персональными?,88,0.6157,0.0,0.62,0.0,Приложение 6. Формы журналов отдела
34,Какие данные являются персональными?,89,0.5785,0.0,0.58,0.0,6.2 Оценка существенности экологических аспектов по суммарному количеству баллов
34,Какие данные являются персональными?,90,0.5773,0.0,0.58,0.0,7.6 Режим рабочего времени и отдыха дистанционного работника устанавливается в трудовом договоре (дополнительном соглашении к трудовому договору). Режим рабочего времени дистанционного работника устанавливается с понедельника по пятницу с 9.00 до 18.00.
34,Какие данные являются персональными?,91,0.575,0.0,0.58,0.0,1.5 Средства мобильной связи предоставляются сотруднику в целях повышения эффективности управления и оперативного обмена информацией.
34,Какие данные являются персональными?,92,0.5735,0.0,0.57,0.0,1.2 Отдел создается и ликвидируется приказом генерального директора Института.
34,Какие данные являются персональными?,93,0.5676,0.0,0.57,0.0,Работа в ночное время
34,Какие данные являются персональными?,94,0.5666,0.0,0.57,0.0,1.2 Отдел создается и ликвидируется приказом генерального директора Института.
34,Какие данные являются персональными?,95,0.5666,0.0,0.57,0.0,"5.2 Во взаимоотношениях с государственными и муниципальными органами, а также другими предприятиями, организациями, учреждениями, представительствовать в установленном порядке от имени Института по вопросам, относящимся к компетенции Отдела."
34,Какие данные являются персональными?,96,0.5601,0.0,0.56,0.0,5.1 Последовательность идентификации экологических аспектов
34,Какие данные являются персональными?,97,0.5535,0.0,0.55,0.0,"4.11 Повышение квалификации работников Отдела, проведение совещаний и консультирование по вопросам, относящимся к компетенции Отдела."
34,Какие данные являются персональными?,98,0.5524,0.0,0.55,0.0,2.5 Должностная инструкция начальника и сотрудников Отдела утверждается генеральным директором Института.
34,Какие данные являются персональными?,99,0.5466,0.0,0.55,0.0,3 Термины и определения
34,Какие данные являются персональными?,100,0.5417,0.0,0.54,0.0,4 Полномочия и права
34,Какие данные являются персональными?,101,0.5412,0.0,0.54,0.0,6 Премирование
34,Какие данные являются персональными?,102,0.5377,0.0,0.54,0.0,"3.7 Обеспечивать качество проектных работ, а также качество других выпускаемых документов в соответствии с нормами и правилами, стандартами, техническими условиями и техническим заданием"
34,Какие данные являются персональными?,103,0.5341,0.0,0.53,0.0,4 Система оплаты труда
34,Какие данные являются персональными?,104,0.5323,0.0,0.53,0.0,8.4 Транспортирование отходов V класса опасности
34,Какие данные являются персональными?,105,0.532,0.0,0.53,0.0,1.2 Отдел создается и ликвидируется приказом генерального директора Института.
34,Какие данные являются персональными?,106,0.53,0.0,0.53,0.0,"1.6 Структура и штат МГС устанавливается исходя из необходимости своевременного, качественного и в установленные требованиями нормативных документов сроки выполнения комплекса маркшейдерских работ, необходимого при проектировании, строительстве, эксплуатации, реконструкции, консервации и ликвидации объектов нефтегазовой отрасли, с учетом видов полезного ископаемого, геологического строения месторождения, горнотехнических и гидрогеологических факторов, объемов и технологии ведения горных, строительно-монтажных и строительных работ, площади горного и земельного отводов, их застроенности и климатических условий региона. Численность МГС определяется в соответствии с методикой, которую утверждает генеральный директор Общества по согласованию с Федеральной службой по экологическому, технологическому и атомному надзору, либо его территориальном органом. На руководителя Общества возлагается ответственность за укомплектование отдела необходимым штатом инженернотехнических работников и рабочих, обеспечение ее специально оборудованными помещениями, автотранспортом, инструментами, приборами и материалами, и современной вычислительной техникой (персональными компьютерами с необходимыми программным обеспечением, средствами измерения и контроля, графопостроителями и др.)."
34,Какие данные являются персональными?,107,0.5269,0.0,0.53,0.0,1.2 Процесс регистрации и архивирования источников информации поддерживается с целью:
34,Какие данные являются персональными?,108,0.5247,0.0,0.52,0.0,1.2 Информационно-технический отдел создается и ликвидируется приказом генерального директора Инстуитута.
34,Какие данные являются персональными?,109,0.523,0.0,0.52,0.0,"6. Изменения, внесенные в проектную и рабочую документацию, ранее выданную заказчику"
34,Какие данные являются персональными?,110,0.5217,0.0,0.52,0.0,"2.3 Организация и осуществление, совместно с геологической и другими службами (как Общества, так и Заказчика), контроля за правильностью разработки месторождений и пользования недрами, и за выполнением требований связанных с охраной недр."
34,Какие данные являются персональными?,111,0.5216,0.0,0.52,0.0,"1.4 Уполномоченный по ИСМ в своей деятельности руководствуется законами и нормативно-правовыми актами РФ, приказами и указаниями руководства АО «ВолгоградНИПИнефть» (далее по тексту Институт), методическими, нормативными и другими руководящими материалами по вопросам интегрированной системы менеджмента, политиками Института, требованиями национальных стандартов ГОСТ Р ИСО 9001-2015 и ГОСТ Р ИСО 14001-2016, документацией ИСМ Института."
34,Какие данные являются персональными?,112,0.5206,0.0,0.52,0.0,"4.5 Пользование корпоративной мобильной связью осуществляется в пределах лимитов корпоративной мобильной связи, признаваемых достаточными для решения сотрудниками производственных задач в рамках должностных обязанностей (Приложение А)."
34,Какие данные являются персональными?,113,0.5205,0.0,0.52,0.0,"9.2 Отчет о командировке согласуется с начальником отдела, утверждается генеральным директором или первым заместителем генерального директора."
34,Какие данные являются персональными?,114,0.5203,0.0,0.52,0.0,7.1 При осуществлении взаимодействия дистанционного работника и Института путем обмена электронными документами каждая из осуществляющих взаимодействие сторон обязана направлять в форме электронного документа подтверждение получения электронного документа от другой стороны в трехдневный срок. Для этого стороны трудового договора используют корпоративную электронную почту.
34,Какие данные являются персональными?,115,0.8577,0.83,0.62,0.86,2 Понятие и состав персональных данных
34,Какие данные являются персональными?,116,0.8031,0.8,0.5,0.79,3 Обработка персональных данных
34,Какие данные являются персональными?,117,0.796,0.79,0.0,0.8,5 Защита персональных данных
34,Какие данные являются персональными?,118,0.8097,0.79,0.0,0.81,5 Защита персональных данных
34,Какие данные являются персональными?,119,0.794,0.79,0.52,0.79,4 Доступ к персональным данным
34,Какие данные являются персональными?,120,0.8048,0.79,0.55,0.8,"7 Ответственность за разглашение конфиденциальной информации, связанной с персональными данными"
34,Какие данные являются персональными?,121,0.7918,0.77,0.54,0.79,3 Обработка персональных данных
34,Какие данные являются персональными?,122,0.7897,0.77,0.0,0.79,5 Защита персональных данных
34,Какие данные являются персональными?,123,0.7462,0.73,0.53,0.75,ПОЛОЖЕНИЕ О защите персональных данных работников «ПЛ-2-ЗПДР»
34,Какие данные являются персональными?,124,0.7092,0.7,0.0,0.71,Лист регистрации изменений
34,Какие данные являются персональными?,125,0.7956,0.7,0.0,0.8,1 Общие положения
34,Какие данные являются персональными?,126,0.7849,0.7,0.0,0.78,6 Права и обязанности работника
34,Какие данные являются персональными?,127,0.7374,0.66,0.0,0.74,СОГЛАСОВАНО:
35,Какие задачи у финансового отдела?,1,0.7995,0.8,0.0,0.0,Приложение 1. Структура отдела
35,Какие задачи у финансового отдела?,2,0.7995,0.8,0.0,0.0,Приложение 1. Структура отдела
35,Какие задачи у финансового отдела?,3,0.7995,0.8,0.0,0.77,Приложение 1. Структура отдела
35,Какие задачи у финансового отдела?,4,0.7995,0.8,0.0,0.0,Приложение 1. Структура отдела
35,Какие задачи у финансового отдела?,5,0.7883,0.79,0.0,0.78,ПОЛОЖЕНИЕ Об учетно-финансовом отделе «ПЛ-13»
35,Какие задачи у финансового отдела?,6,0.7847,0.78,0.0,0.0,Приложение 5. Перечень программного обеспечения отдела
35,Какие задачи у финансового отдела?,7,0.7847,0.78,0.0,0.0,Приложение 5. Перечень программного обеспечения отдела
35,Какие задачи у финансового отдела?,8,0.7826,0.78,0.0,0.0,Приложение 3. Перечень программного обеспечения отдела
35,Какие задачи у финансового отдела?,9,0.7815,0.78,0.0,0.77,Приложение 4. График документооборота АО «ВолгоградНИПИнефть»
35,Какие задачи у финансового отдела?,10,0.7742,0.77,0.0,0.0,Отдел имеет право:
35,Какие задачи у финансового отдела?,11,0.7742,0.77,0.0,0.0,Отдел имеет право:
35,Какие задачи у финансового отдела?,12,0.7742,0.77,0.0,0.0,Отдел имеет право:
35,Какие задачи у финансового отдела?,13,0.7742,0.77,0.0,0.74,Отдел имеет право:
35,Какие задачи у финансового отдела?,14,0.7734,0.77,0.0,0.76,Приложение 2. Перечень внутренней документации ИСМ отдела
35,Какие задачи у финансового отдела?,15,0.7683,0.77,0.0,0.0,Приложение 4. Перечень документированной информации отдела
35,Какие задачи у финансового отдела?,16,0.7682,0.77,0.0,0.76,Приложение 6. Формы журналов отдела
35,Какие задачи у финансового отдела?,17,0.7666,0.77,0.0,0.0,Приложение 3. Перечень регламентированных бизнес-процессов отдела
35,Какие задачи у финансового отдела?,18,0.7663,0.77,0.0,0.0,5 Бюджет командировки
35,Какие задачи у финансового отдела?,19,0.7777,0.76,0.0,0.78,2 Структура
35,Какие задачи у финансового отдела?,20,0.7629,0.76,0.0,0.0,ПОЛОЖЕНИЕ о договорном отделе «ПЛ-05»
35,Какие задачи у финансового отдела?,21,0.7596,0.76,0.0,0.75,Приложение 1. Структура отдела.
35,Какие задачи у финансового отдела?,22,0.7581,0.76,0.0,0.0,Приложение 3. Перечень регламентированных процессов договорного отдела.
35,Какие задачи у финансового отдела?,23,0.7803,0.76,0.0,0.78,ПЛ-13
35,Какие задачи у финансового отдела?,24,0.7552,0.76,0.0,0.0,Отдел несет ответственность за:
35,Какие задачи у финансового отдела?,25,0.7552,0.76,0.0,0.0,Отдел несет ответственность за:
35,Какие задачи у финансового отдела?,26,0.7545,0.75,0.0,0.0,Приложение 6. Формы журналов отдела:
35,Какие задачи у финансового отдела?,27,0.7545,0.75,0.0,0.0,Приложение 6. Формы журналов отдела:
35,Какие задачи у финансового отдела?,28,0.7541,0.75,0.0,0.0,Размер материальной помощи
35,Какие задачи у финансового отдела?,29,0.7533,0.75,0.0,0.0,Приложение 4 Перечень специализированного программного обеспечения отдела
35,Какие задачи у финансового отдела?,30,0.7519,0.75,0.0,0.0,3 Задачи
35,Какие задачи у финансового отдела?,31,0.7539,0.75,0.0,0.75,Финансово-учетная документация:
35,Какие задачи у финансового отдела?,32,0.7495,0.75,0.0,0.0,Организация договорной работы
35,Какие задачи у финансового отдела?,33,0.7495,0.75,0.0,0.0,Организация договорной работы
35,Какие задачи у финансового отдела?,34,0.7495,0.75,0.0,0.0,Организация договорной работы
35,Какие задачи у финансового отдела?,35,0.7541,0.75,0.0,0.75,Отдел несет ответственность за:
35,Какие задачи у финансового отдела?,36,0.7488,0.75,0.0,0.0,СОГЛАСОВАНО:
35,Какие задачи у финансового отдела?,37,0.7479,0.75,0.0,0.0,Приложение 3. Перечень документированной информации информационно-технического отдела.
35,Какие задачи у финансового отдела?,38,0.7458,0.75,0.0,0.0,Приложение 2. Перечень регламентированных процессов информационно-технического отдела.
35,Какие задачи у финансового отдела?,39,0.7442,0.74,0.0,0.0,8 Управление исходящей документацией
35,Какие задачи у финансового отдела?,40,0.744,0.74,0.0,0.0,Приложение 2. Перечень внутренней документации ИСМ отдела
35,Какие задачи у финансового отдела?,41,0.807,0.0,0.0,0.81,1 Общие положения
35,Какие задачи у финансового отдела?,42,0.7906,0.0,0.0,0.79,4 Функции
35,Какие задачи у финансового отдела?,43,0.7877,0.0,0.0,0.79,2 Структура
35,Какие задачи у финансового отдела?,44,0.7766,0.0,0.0,0.78,2 Структура
35,Какие задачи у финансового отдела?,45,0.7637,0.0,0.0,0.76,СОГЛАСОВАНО:
35,Какие задачи у финансового отдела?,46,0.7618,0.0,0.0,0.76,2 Структура
35,Какие задачи у финансового отдела?,47,0.7604,0.0,0.0,0.76,3 Задачи
35,Какие задачи у финансового отдела?,48,0.759,0.0,0.0,0.76,2 Структура
35,Какие задачи у финансового отдела?,49,0.7588,0.0,0.0,0.76,1 Общие положения
35,Какие задачи у финансового отдела?,50,0.7578,0.0,0.0,0.76,2 Структура
35,Какие задачи у финансового отдела?,51,0.7577,0.0,0.0,0.76,4 Функции
35,Какие задачи у финансового отдела?,52,0.7554,0.0,0.0,0.76,4 Функции
35,Какие задачи у финансового отдела?,53,0.7549,0.0,0.0,0.75,2 Структура
35,Какие задачи у финансового отдела?,54,0.7545,0.0,0.0,0.75,4 Функции
35,Какие задачи у финансового отдела?,55,0.7535,0.0,0.0,0.75,1 Общие положения
35,Какие задачи у финансового отдела?,56,0.7521,0.0,0.0,0.75,ПОЛОЖЕНИЕ Об оплате и стимулировании труда персонала «ПЛ-13-ОСТП»
35,Какие задачи у финансового отдела?,57,0.7521,0.0,0.0,0.75,ПЛ-13-ОСТП
35,Какие задачи у финансового отдела?,58,0.7511,0.0,0.0,0.75,СОГЛАСОВАНО:
35,Какие задачи у финансового отдела?,59,0.7504,0.0,0.0,0.75,"Приложение 7. Выпуск продукции на 20__ г. на основании заключенных договоров, с НДС."
35,Какие задачи у финансового отдела?,60,0.7489,0.0,0.0,0.75,СОГЛАСОВАНО:
35,Какие задачи у финансового отдела?,61,0.748,0.0,0.0,0.75,6 Ответственность
35,Какие задачи у финансового отдела?,62,0.7453,0.0,0.0,0.75,2 Область применения
35,Какие задачи у финансового отдела?,63,0.7452,0.0,0.0,0.75,СОГЛАСОВАНО:
35,Какие задачи у финансового отдела?,64,0.7449,0.0,0.0,0.74,7 Организация и стадии выполнения проектных работ
35,Какие задачи у финансового отдела?,65,0.7428,0.0,0.0,0.74,9 Окончание работ. Отчет о командировке
35,Какие задачи у финансового отдела?,66,0.7423,0.0,0.0,0.74,6 Ответственность
35,Какие задачи у финансового отдела?,67,0.7416,0.0,0.0,0.74,6 Ответственность
35,Какие задачи у финансового отдела?,68,0.7413,0.0,0.0,0.74,С отделом бурения Общества
35,Какие задачи у финансового отдела?,69,0.7408,0.0,0.0,0.74,СОГЛАСОВАНО:
35,Какие задачи у финансового отдела?,70,0.8585,0.86,0.0,0.76,3 Задачи
35,Какие задачи у финансового отдела?,71,0.783,0.78,0.0,0.73,4 Функции
35,Какие задачи у финансового отдела?,72,0.783,0.78,0.0,0.74,4 Функции
35,Какие задачи у финансового отдела?,73,0.7296,0.73,0.0,0.73,Приложение 2. Перечень внутренней документации ИСМ отдела
35,Какие задачи у финансового отдела?,74,0.7281,0.73,0.0,0.69,2 Структура
35,Какие задачи у финансового отдела?,75,0.7222,0.72,0.0,0.67,Приложение 1. Структура отдела
35,Какие задачи у финансового отдела?,76,0.7172,0.72,0.0,0.72,Приложение 3. Перечень программного обеспечения отдела
35,Какие задачи у финансового отдела?,77,0.71,0.71,0.0,0.69,СОГЛАСОВАНО:
35,Какие задачи у финансового отдела?,78,0.7061,0.71,0.0,0.65,1 Общие положения
35,Какие задачи у финансового отдела?,79,0.7172,0.7,0.0,0.72,Приложение 4. График документооборота АО «ВолгоградНИПИнефть»
35,Какие задачи у финансового отдела?,80,0.6915,0.67,0.0,0.69,Приложение 4. График документооборота АО «ВолгоградНИПИнефть»
35,Какие задачи у финансового отдела?,81,0.676,0.67,0.0,0.68,ПОЛОЖЕНИЕ Об учетно-финансовом отделе «ПЛ-13»
36,Куда нужно класть файлы при регистрации архивов?,1,0.7377,0.74,0.0,0.0,решений
36,Куда нужно класть файлы при регистрации архивов?,2,0.733,0.73,0.0,0.0,4 Права доступа к каталогам
36,Куда нужно класть файлы при регистрации архивов?,3,0.7318,0.73,0.0,0.71,"Порядок приемки, регистрации и архивирования источников информации."
36,Куда нужно класть файлы при регистрации архивов?,4,0.7205,0.72,0.0,0.0,Лист регистрации изменений
36,Куда нужно класть файлы при регистрации архивов?,5,0.7205,0.72,0.0,0.0,Лист регистрации изменений
36,Куда нужно класть файлы при регистрации архивов?,6,0.7205,0.72,0.0,0.0,Лист регистрации изменений
36,Куда нужно класть файлы при регистрации архивов?,7,0.7205,0.72,0.0,0.0,Лист регистрации изменений
36,Куда нужно класть файлы при регистрации архивов?,8,0.7205,0.72,0.0,0.0,Лист регистрации изменений
36,Куда нужно класть файлы при регистрации архивов?,9,0.7205,0.72,0.0,0.0,Лист регистрации изменений
36,Куда нужно класть файлы при регистрации архивов?,10,0.7205,0.72,0.0,0.0,Лист регистрации изменений
36,Куда нужно класть файлы при регистрации архивов?,11,0.7205,0.72,0.0,0.0,Лист регистрации изменений
36,Куда нужно класть файлы при регистрации архивов?,12,0.7205,0.72,0.0,0.0,Лист регистрации изменений
36,Куда нужно класть файлы при регистрации архивов?,13,0.7205,0.72,0.0,0.0,Лист регистрации изменений
36,Куда нужно класть файлы при регистрации архивов?,14,0.7205,0.72,0.0,0.0,Лист регистрации изменений
36,Куда нужно класть файлы при регистрации архивов?,15,0.7205,0.72,0.0,0.0,Лист регистрации изменений
36,Куда нужно класть файлы при регистрации архивов?,16,0.7205,0.72,0.0,0.0,Лист регистрации изменений
36,Куда нужно класть файлы при регистрации архивов?,17,0.7205,0.72,0.0,0.0,Лист регистрации изменений
36,Куда нужно класть файлы при регистрации архивов?,18,0.7201,0.72,0.0,0.68,P:\\\\Информация…
36,Куда нужно класть файлы при регистрации архивов?,19,0.7123,0.71,0.0,0.68,6 Порядок накопления отходов
36,Куда нужно класть файлы при регистрации архивов?,20,0.7123,0.71,0.0,0.68,6 Порядок накопления отходов
36,Куда нужно класть файлы при регистрации архивов?,21,0.7049,0.7,0.0,0.69,Определения и сокращения
36,Куда нужно класть файлы при регистрации архивов?,22,0.7045,0.7,0.0,0.0,6 Управление внутренними документами
36,Куда нужно класть файлы при регистрации архивов?,23,0.7031,0.7,0.0,0.0,5 ПРАВА
36,Куда нужно класть файлы при регистрации архивов?,24,0.7012,0.7,0.0,0.0,5 Права
36,Куда нужно класть файлы при регистрации архивов?,25,0.7012,0.7,0.0,0.0,5 Права
36,Куда нужно класть файлы при регистрации архивов?,26,0.7007,0.7,0.0,0.0,4 Права
36,Куда нужно класть файлы при регистрации архивов?,27,0.7002,0.7,0.0,0.0,Таблица 1
36,Куда нужно класть файлы при регистрации архивов?,28,0.6997,0.7,0.0,0.0,7 Реестр рисков
36,Куда нужно класть файлы при регистрации архивов?,29,0.6997,0.7,0.0,0.0,7 Реестр рисков
36,Куда нужно класть файлы при регистрации архивов?,30,0.6997,0.7,0.0,0.0,7 Реестр рисков
36,Куда нужно класть файлы при регистрации архивов?,31,0.6994,0.7,0.0,0.0,3 Обработка персональных данных
36,Куда нужно класть файлы при регистрации архивов?,32,0.6979,0.7,0.0,0.7,ИНСТРУКЦИЯ Регистрация и архивирование источников информации «ИН-15-РегАрх»
36,Куда нужно класть файлы при регистрации архивов?,33,0.6979,0.7,0.0,0.0,Приложение В
36,Куда нужно класть файлы при регистрации архивов?,34,0.6979,0.7,0.0,0.0,Приложение В
36,Куда нужно класть файлы при регистрации архивов?,35,0.6979,0.7,0.0,0.0,Приложение В
36,Куда нужно класть файлы при регистрации архивов?,36,0.6973,0.7,0.0,0.0,7 Порядок учета отходов
36,Куда нужно класть файлы при регистрации архивов?,37,0.6905,0.69,0.0,0.0,5 Защита персональных данных
36,Куда нужно класть файлы при регистрации архивов?,38,0.6905,0.69,0.0,0.0,5 Защита персональных данных
36,Куда нужно класть файлы при регистрации архивов?,39,0.6897,0.69,0.0,0.67,"4 Термины, обозначения, сокращения"
36,Куда нужно класть файлы при регистрации архивов?,40,0.6895,0.69,0.0,0.0,Приложение Д
36,Куда нужно класть файлы при регистрации архивов?,41,0.6962,0.0,0.0,0.7,ИН-15-РегАрх
36,Куда нужно класть файлы при регистрации архивов?,42,0.6957,0.0,0.0,0.7,Нормативные ссылки
36,Куда нужно класть файлы при регистрации архивов?,43,0.6926,0.0,0.0,0.69,F:\\\\ !Шаблоны документов\\\\Бланки регистрации
36,Куда нужно класть файлы при регистрации архивов?,44,0.6912,0.0,0.0,0.69,Приложение 4. Перечень документированной информации отдела
36,Куда нужно класть файлы при регистрации архивов?,45,0.6879,0.0,0.0,0.69,Приложение 3. Перечень документированной информации информационно-технического отдела.
36,Куда нужно класть файлы при регистрации архивов?,46,0.6848,0.0,0.0,0.68,Приложение 1 Перечень документированной информации
36,Куда нужно класть файлы при регистрации архивов?,47,0.6832,0.0,0.0,0.68,10 Завершающая стадия
36,Куда нужно класть файлы при регистрации архивов?,48,0.6819,0.0,0.0,0.68,Техническая информация
36,Куда нужно класть файлы при регистрации архивов?,49,0.6817,0.0,0.0,0.68,5 Правила работы с файлами
36,Куда нужно класть файлы при регистрации архивов?,50,0.6788,0.0,0.0,0.68,2 Определения и сокращения
36,Куда нужно класть файлы при регистрации архивов?,51,0.6786,0.0,0.0,0.68,3 Нормативные ссылки
36,Куда нужно класть файлы при регистрации архивов?,52,0.6771,0.0,0.0,0.68,2 Основная часть
36,Куда нужно класть файлы при регистрации архивов?,53,0.677,0.0,0.0,0.68,3 Задачи
36,Куда нужно класть файлы при регистрации архивов?,54,0.6768,0.0,0.0,0.68,6 Ответственность
36,Куда нужно класть файлы при регистрации архивов?,55,0.6756,0.0,0.0,0.68,Приложение 5. Шаблоны бланков документированной информации отдела.
36,Куда нужно класть файлы при регистрации архивов?,56,0.6753,0.0,0.0,0.68,Отдел несет ответственность за:
36,Куда нужно класть файлы при регистрации архивов?,57,0.6749,0.0,0.0,0.67,Приложение Б. Информационный лист проекта
36,Куда нужно класть файлы при регистрации архивов?,58,0.6735,0.0,0.0,0.67,4 Определения и сокращения
36,Куда нужно класть файлы при регистрации архивов?,59,0.6724,0.0,0.0,0.67,Производственная информация
36,Куда нужно класть файлы при регистрации архивов?,60,0.6724,0.0,0.0,0.67,С производственными службами Заказчика по строительству и обустройству месторождений:
36,Куда нужно класть файлы при регистрации архивов?,61,0.6722,0.0,0.0,0.67,Приложение 6. Формы журналов отдела:
36,Куда нужно класть файлы при регистрации архивов?,62,0.6704,0.0,0.0,0.67,4 Функции
36,Куда нужно класть файлы при регистрации архивов?,63,0.6698,0.0,0.0,0.67,Приложение 3. Кадровая документация отдела
36,Куда нужно класть файлы при регистрации архивов?,64,0.6696,0.0,0.0,0.67,3 Задачи
36,Куда нужно класть файлы при регистрации архивов?,65,0.6677,0.0,0.0,0.67,3 Нормативные ссылки
36,Куда нужно класть файлы при регистрации архивов?,66,0.6674,0.0,0.0,0.67,ИН-05-ДР
36,Куда нужно класть файлы при регистрации архивов?,67,0.6674,0.0,0.0,0.67,ИНСТРУКЦИЯ Организация договорной работы «ИН-05-ДР»
36,Куда нужно класть файлы при регистрации архивов?,68,0.6667,0.0,0.0,0.67,3 Нормативные ссылки
36,Куда нужно класть файлы при регистрации архивов?,69,0.6662,0.0,0.0,0.67,3 Нормативные ссылки
36,Куда нужно класть файлы при регистрации архивов?,70,0.6658,0.0,0.0,0.67,Приложение 2. Перечень регламентированных процессов информационно-технического отдела.
36,Куда нужно класть файлы при регистрации архивов?,71,0.6653,0.0,0.0,0.67,3 Нормативные ссылки
36,Куда нужно класть файлы при регистрации архивов?,72,0.6653,0.0,0.0,0.67,12 Ответственность
36,Куда нужно класть файлы при регистрации архивов?,73,0.6651,0.0,0.0,0.67,Финансово-учетная документация:
36,Куда нужно класть файлы при регистрации архивов?,74,0.7622,0.76,0.0,0.75,Лист регистрации изменений
36,Куда нужно класть файлы при регистрации архивов?,75,0.7581,0.76,0.5,0.72,F:\\\\ !Шаблоны документов\\\\Бланки регистрации
36,Куда нужно класть файлы при регистрации архивов?,76,0.7538,0.75,0.0,0.75,P:\\\\Информация…
36,Куда нужно класть файлы при регистрации архивов?,77,0.745,0.75,0.0,0.73,ИНСТРУКЦИЯ Регистрация и архивирование источников информации «ИН-15-РегАрх»
36,Куда нужно класть файлы при регистрации архивов?,78,0.745,0.74,0.5,0.7,"Порядок приемки, регистрации и архивирования источников информации."
36,Куда нужно класть файлы при регистрации архивов?,79,0.722,0.72,0.0,0.7,Общие положения
36,Куда нужно класть файлы при регистрации архивов?,80,0.699,0.7,0.52,0.68,Определения и сокращения
37,Какая структура у каталогов диска P?,1,0.7431,0.74,0.0,0.72,4 Права доступа к каталогам
37,Какая структура у каталогов диска P?,2,0.7426,0.74,0.0,0.73,"1.1 Настоящая инструкция определяет структуру рабочих каталогов, их содержание, права доступа и правила работы в них."
37,Какая структура у каталогов диска P?,3,0.7383,0.74,0.57,0.72,Рабочая инструкция «Структура каталога проекта»
37,Какая структура у каталогов диска P?,4,0.7368,0.74,0.0,0.73,3.3 Название и назначение подкаталогов в основном каталоге проекта формируется в соответствии с рабочими инструкциями соответствующих подразделений:
37,Какая структура у каталогов диска P?,5,0.7364,0.74,0.0,0.7,3 Нормативные ссылки
37,Какая структура у каталогов диска P?,6,0.7314,0.73,0.0,0.73,Общие сведения
37,Какая структура у каталогов диска P?,7,0.7308,0.73,0.55,0.7,6.2 Формирование ТП.
37,Какая структура у каталогов диска P?,8,0.7245,0.72,0.0,0.7,Общие сведения
37,Какая структура у каталогов диска P?,9,0.72,0.72,0.0,0.0,Приложение 3. Перечень программного обеспечения
37,Какая структура у каталогов диска P?,10,0.7157,0.72,0.0,0.7,Общие сведения
37,Какая структура у каталогов диска P?,11,0.714,0.71,0.0,0.0,10.4 Необходимость хранения неактуальных редакций ПД в деле проекта на диске Р определяется ОИ (ГИПом). Использование неактуальных версий ПД предотвращается в соответствии с процедурой «Управление несоответствующей продукцией» (ПР-8.7-УНП):
37,Какая структура у каталогов диска P?,12,0.7133,0.71,0.0,0.71,3 Нормативные ссылки
37,Какая структура у каталогов диска P?,13,0.7132,0.71,0.0,0.0,7.7 Хранение рабочих файлов проекта осуществляется в соответствии с рабочей инструкцией «Структура каталогов» (РИ-10-СтруктКат):
37,Какая структура у каталогов диска P?,14,0.7389,0.71,0.0,0.74,"Приложение 3 Образец документа, заверенного генеральным директором."
37,Какая структура у каталогов диска P?,15,0.7115,0.71,0.0,0.0,1 Общие положения
37,Какая структура у каталогов диска P?,16,0.7252,0.71,0.0,0.73,Приложение 5. Шаблоны бланков документированной информации отдела.
37,Какая структура у каталогов диска P?,17,0.7107,0.71,0.0,0.0,Приложение 4. Перечень внутренней документации ИСМ отдела
37,Какая структура у каталогов диска P?,18,0.7105,0.71,0.0,0.0,4 Термины и сокращения
37,Какая структура у каталогов диска P?,19,0.7104,0.71,0.0,0.0,P:\\\\Информация…
37,Какая структура у каталогов диска P?,20,0.7104,0.71,0.0,0.7,Проект на поиски и разведку залежей УВ
37,Какая структура у каталогов диска P?,21,0.7096,0.71,0.0,0.0,Список рассылки
37,Какая структура у каталогов диска P?,22,0.7269,0.71,0.0,0.73,Нормативные ссылки
37,Какая структура у каталогов диска P?,23,0.7077,0.71,0.0,0.0,"5.1.1 Располагать рабочие файлы текущих проектов строго в каталогах описанных выше, а также оговоренных руководителем отдела."
37,Какая структура у каталогов диска P?,24,0.7076,0.71,0.0,0.69,7.1 Структура и состав реестра риска представлен в приложении Б данной инструкции
37,Какая структура у каталогов диска P?,25,0.7073,0.71,0.0,0.0,Лист 1 лицевая сторона
37,Какая структура у каталогов диска P?,26,0.7071,0.71,0.0,0.0,Об учетно-финансовом отделе
37,Какая структура у каталогов диска P?,27,0.7139,0.71,0.0,0.71,7.1 Структура Группы.
37,Какая структура у каталогов диска P?,28,0.7064,0.71,0.0,0.69,Приложение 2. Перечень внутренней документации ИСМ отдела
37,Какая структура у каталогов диска P?,29,0.7062,0.71,0.0,0.69,Приложение 1. Структура отдела
37,Какая структура у каталогов диска P?,30,0.723,0.71,0.0,0.72,Приложение 1. Структура отдела
37,Какая структура у каталогов диска P?,31,0.7062,0.71,0.0,0.7,Приложение 1. Структура отдела
37,Какая структура у каталогов диска P?,32,0.7095,0.71,0.0,0.71,Приложение 1. Структура отдела
37,Какая структура у каталогов диска P?,33,0.7059,0.71,0.0,0.7,3.8 Сканирование производится в папки соответственно каждому отделу P:\\\\PAPRPORT\\\\!Отделы. Сохранение электронных документов производится по следующему электронному адресу:
37,Какая структура у каталогов диска P?,34,0.7054,0.71,0.0,0.7,Приложение 2. Перечень внутренней документации ИСМ отдела
37,Какая структура у каталогов диска P?,35,0.7054,0.71,0.57,0.0,Общие сведения
37,Какая структура у каталогов диска P?,36,0.7051,0.71,0.0,0.0,7.2 Все обнаруженные ошибки в зависимости от замечаний и характера делятся на две группы:
37,Какая структура у каталогов диска P?,37,0.7029,0.7,0.0,0.0,"3. Карточка на литературу, отчеты, архивные материалы:"
37,Какая структура у каталогов диска P?,38,0.7044,0.7,0.0,0.7,Приложение 1. Структура Группы
37,Какая структура у каталогов диска P?,39,0.7307,0.7,0.0,0.73,РИ-10-СтруктКат
37,Какая структура у каталогов диска P?,40,0.7196,0.7,0.0,0.72,Внутренние регламентирующие документы:
37,Какая структура у каталогов диска P?,41,0.7026,0.7,0.0,0.0,6 Порядок накопления отходов
37,Какая структура у каталогов диска P?,42,0.7026,0.7,0.0,0.0,6 Порядок накопления отходов
37,Какая структура у каталогов диска P?,43,0.7089,0.7,0.0,0.71,Об уполномоченном по интегрированной системе менеджмента в отделе бурения и проектирования строительства скважин
37,Какая структура у каталогов диска P?,44,0.7035,0.7,0.6,0.7,Основные данные документа
37,Какая структура у каталогов диска P?,45,0.6987,0.7,0.0,0.0,7 Порядок учета отходов
37,Какая структура у каталогов диска P?,46,0.6986,0.7,0.0,0.7,3 Нормативные ссылки
37,Какая структура у каталогов диска P?,47,0.6966,0.7,0.0,0.0,Экспертиза и согласование проектной документации
37,Какая структура у каталогов диска P?,48,0.7135,0.7,0.0,0.71,7 Список приложений
37,Какая структура у каталогов диска P?,49,0.696,0.7,0.0,0.69,Приложение 1. Структура отдела.
37,Какая структура у каталогов диска P?,50,0.6947,0.69,0.0,0.0,10. Журнал контроля микроклимата в помещении архива АО «ВолгоградНИПИнефть»
37,Какая структура у каталогов диска P?,51,0.6945,0.69,0.0,0.0,"ПОЛОЖЕНИЕ По организации внутреннего контроля качества и приемки топографо-геодезических, картографических и проектно-изыскательских работ «ПЛ-08-ОВКК»"
37,Какая структура у каталогов диска P?,52,0.6944,0.69,0.0,0.0,8.1 Составление и согласование документа исполнителем.
37,Какая структура у каталогов диска P?,53,0.6942,0.69,0.0,0.0,"9.4 Все несоответствия (замечания) в ПД выявленные в ходе экспертиз документируются в таблицу вместе с ответами на замечания, определением их класса и принятыми решениями, в соответствии с процедурой «Управление несоответствующей продукцией» (ПР-8.7-УНП). Отсутствие замечаний так же регистрируется в Листе экспертизы заказчика, возможно сохранение других свидетельств отсутствия замечаний (например, электронное письмо). Листы экспертизы обеспечивают прослеживаемость вносимых изменений в ПД."
37,Какая структура у каталогов диска P?,54,0.6939,0.69,0.56,0.0,ИНСТРУКЦИЯ По подготовке тендерного предложения «ИН-01-ПТП»
37,Какая структура у каталогов диска P?,55,0.7289,0.0,0.0,0.73,Приложение 1 Перечень документированной информации
37,Какая структура у каталогов диска P?,56,0.7211,0.0,0.0,0.72,8 Список приложений
37,Какая структура у каталогов диска P?,57,0.7195,0.0,0.0,0.72,2 Область применения
37,Какая структура у каталогов диска P?,58,0.717,0.0,0.0,0.72,Приложение 2 Исходные данные для составления смет.
37,Какая структура у каталогов диска P?,59,0.7147,0.0,0.0,0.71,ПОЛОЖЕНИЕ Об отделе бурения и проектирования строительства скважин «ПЛ-12»
37,Какая структура у каталогов диска P?,60,0.7147,0.0,0.0,0.71,ПЛ-12
37,Какая структура у каталогов диска P?,61,0.7089,0.0,0.0,0.71,ПЛ-12-УИСМ
37,Какая структура у каталогов диска P?,62,0.7087,0.0,0.0,0.71,ПОЛОЖЕНИЕ Об информационно - техническом отделе « ПЛ-10 »
37,Какая структура у каталогов диска P?,63,0.7087,0.0,0.0,0.71,ПЛ-10
37,Какая структура у каталогов диска P?,64,0.7055,0.0,0.0,0.71,Приложение 3. Перечень документированной информации информационно-технического отдела.
37,Какая структура у каталогов диска P?,65,0.7047,0.0,0.0,0.7,ПЛ-07-УИСМ
37,Какая структура у каталогов диска P?,66,0.704,0.0,0.0,0.7,Лист регистрации изменений
37,Какая структура у каталогов диска P?,67,0.7037,0.0,0.0,0.7,ПОЛОЖЕНИЕ Об отделе геологии «ПЛ-07»
37,Какая структура у каталогов диска P?,68,0.7037,0.0,0.0,0.7,ПЛ-07
37,Какая структура у каталогов диска P?,69,0.7035,0.0,0.0,0.7,ПЛ-05
37,Какая структура у каталогов диска P?,70,0.7025,0.0,0.0,0.7,Организация договорной работы
37,Какая структура у каталогов диска P?,71,0.701,0.0,0.0,0.7,ПОЛОЖЕНИЕ об отделе делопроизводства и менеджмента качества «ПЛ-20»
37,Какая структура у каталогов диска P?,72,0.701,0.0,0.0,0.7,ПЛ-20
37,Какая структура у каталогов диска P?,73,0.6991,0.0,0.0,0.7,ПЛ-08
37,Какая структура у каталогов диска P?,74,0.6989,0.0,0.0,0.7,Лист регистрации изменений
37,Какая структура у каталогов диска P?,75,0.6987,0.0,0.57,0.7,3 Термины и сокращения.
37,Какая структура у каталогов диска P?,76,0.698,0.0,0.0,0.7,Финансово-учетная документация:
37,Какая структура у каталогов диска P?,77,0.6974,0.0,0.0,0.7,Лист регистрации изменений
37,Какая структура у каталогов диска P?,78,0.697,0.0,0.0,0.7,Приложение 3. Кадровая документация отдела
37,Какая структура у каталогов диска P?,79,0.6969,0.0,0.0,0.7,Приложение 4. Перечень программного обеспечения отдела
37,Какая структура у каталогов диска P?,80,0.6968,0.0,0.0,0.7,3 Нормативные ссылки
37,Какая структура у каталогов диска P?,81,0.6966,0.0,0.0,0.7,ИН-20-ДО
37,Какая структура у каталогов диска P?,82,0.6966,0.0,0.0,0.7,ИНСТРУКЦИЯ Организация работ по документообороту «ИН-20-ДО»
37,Какая структура у каталогов диска P?,83,0.6965,0.0,0.0,0.7,Приложение 5. Перечень программного обеспечения отдела
37,Какая структура у каталогов диска P?,84,0.6959,0.0,0.0,0.7,Приложение Д
37,Какая структура у каталогов диска P?,85,0.6958,0.0,0.0,0.7,3 Нормативные ссылки
37,Какая структура у каталогов диска P?,86,0.6949,0.0,0.0,0.69,Лист регистрации изменений
37,Какая структура у каталогов диска P?,87,0.6948,0.0,0.0,0.69,О группе охраны окружающей среды отдела бурения и «ПЛ-12-ГООС»
37,Какая структура у каталогов диска P?,88,0.6948,0.0,0.0,0.69,ПЛ-12 -ГООС
37,Какая структура у каталогов диска P?,89,0.6947,0.0,0.0,0.69,Приложение 3. Перечень программного обеспечения отдела
37,Какая структура у каталогов диска P?,90,0.6939,0.0,0.6,0.69,Приложение 5. Перечень программного обеспечения отдела
37,Какая структура у каталогов диска P?,91,0.6939,0.0,0.0,0.69,Лист регистрации изменений
37,Какая структура у каталогов диска P?,92,0.6937,0.0,0.0,0.69,11 Контроль
37,Какая структура у каталогов диска P?,93,0.6936,0.0,0.0,0.69,2 Нормативные ссылки
37,Какая структура у каталогов диска P?,94,0.6936,0.0,0.0,0.69,Лист регистрации изменений
37,Какая структура у каталогов диска P?,95,0.6931,0.0,0.0,0.69,Лист регистрации изменений
37,Какая структура у каталогов диска P?,96,0.6927,0.0,0.65,0.69,Приложение 4. Перечень документированной информации отдела
37,Какая структура у каталогов диска P?,97,0.6926,0.0,0.0,0.69,F:\\\\ !Шаблоны документов\\\\Бланки регистрации
37,Какая структура у каталогов диска P?,98,0.7831,0.0,0.78,0.0,"Оформление договоров на выполнение работ, оказание услуг"
37,Какая структура у каталогов диска P?,99,0.7053,0.0,0.71,0.0,"4.7 Формирование архива сканов договорной документации (договоры, дополнительные соглашения, акты сдачи-приемки выполненных работ)."
37,Какая структура у каталогов диска P?,100,0.6427,0.0,0.64,0.0,6.1 Методика оценки экологических аспектов
37,Какая структура у каталогов диска P?,101,0.6297,0.0,0.63,0.0,7 Последовательность формирования реестров экологических аспектов
37,Какая структура у каталогов диска P?,102,0.6244,0.0,0.62,0.0,"4.3 При отсутствии у работника мобильного аппарата для пользования корпоративной мобильной связью, ему вместе с корпоративной SIM-картой может выдаваться корпоративный мобильный аппарат."
37,Какая структура у каталогов диска P?,103,0.6229,0.0,0.62,0.0,"3.5 Проводить мониторинг тендерных предложений и готовить тендерную документацию на право заключения договоров (контрактов) на выполнение работ, оказание услуг, относящихся к сфере деятельности отдела геологии согласно требованиям инструкции «По подготовке тендерного предложения» (ИН-01ПТП)"
37,Какая структура у каталогов диска P?,104,0.6216,0.0,0.62,0.0,1 Назначение
37,Какая структура у каталогов диска P?,105,0.6148,0.0,0.61,0.0,6 Ответственность
37,Какая структура у каталогов диска P?,106,0.6095,0.0,0.61,0.0,5.3 Идентификация экологических аспектов
37,Какая структура у каталогов диска P?,107,0.6091,0.0,0.61,0.0,6.8 В этом случае дистанционному работнику выплачивается компенсация за использование принадлежащего ему или арендованного им оборудования. Размер компенсации согласовывается в трудовом договоре или в дополнительном соглашении генеральным директором.
37,Какая структура у каталогов диска P?,108,0.6033,0.0,0.6,0.0,Идентификация экологических аспектов
37,Какая структура у каталогов диска P?,109,0.6019,0.0,0.6,0.0,3 Нормативные ссылки
37,Какая структура у каталогов диска P?,110,0.6001,0.0,0.6,0.0,Журнал авансовые платежи
37,Какая структура у каталогов диска P?,111,0.5968,0.0,0.6,0.0,"3.3 Корпоративный мобильный аппарат -  беспроводной  цифровой телефонный аппарат стандарта GSM, принадлежащий Институту и выданный сотруднику  по  Акту  приема-передачи  для  пользования  корпоративной  мобильной связью."
37,Какая структура у каталогов диска P?,112,0.5945,0.0,0.59,0.0,"7.3 Руководитель, разрешающий доступ сотрудника к конфиденциальному документу, несет персональную ответственность за данное разрешение."
37,Какая структура у каталогов диска P?,113,0.5913,0.0,0.59,0.0,"4.5 Разработка геологических разделов для проектов на ликвидацию, консервацию, расконсервацию (восстановление) скважин."
37,Какая структура у каталогов диска P?,114,0.5878,0.0,0.59,0.0,2 Определения и сокращения
37,Какая структура у каталогов диска P?,115,0.5866,0.0,0.59,0.0,"5.5 Во время нахождения сотрудника в служебной командировке все звонки, произведенные вне рабочего времени (в том числе в выходные и праздничные дни), подлежат оплате Институтом в пределах установленного лимита."
37,Какая структура у каталогов диска P?,116,0.579,0.0,0.58,0.0,"7.1 Работник несет ответственность за сохранность выданных ему средств корпоративной мобильной связи (SIM-карты, мобильного аппарата). В случае утери или неумышленной порчи средств корпоративной мобильной связи работник за счет личных денежных средств:"
37,Какая структура у каталогов диска P?,117,0.5779,0.0,0.58,0.0,"5.3 Давать разъяснения, рекомендации и указания по вопросам, входящим в компетенцию Отдела."
37,Какая структура у каталогов диска P?,118,0.5778,0.0,0.58,0.0,4.2 Сокращения
37,Какая структура у каталогов диска P?,119,0.5768,0.0,0.58,0.0,2.3 Структуру и штатную численность Отдела утверждает генеральный директор Института исходя из условий и особенностей деятельности Института по представлению заместителя генерального директора по общим вопросам (см. Приложение 1).
37,Какая структура у каталогов диска P?,120,0.5747,0.0,0.57,0.0,Приложение 2 Перечень внутренней документации ИСМ отдела
37,Какая структура у каталогов диска P?,121,0.5729,0.0,0.57,0.0,Приложение 2. Перечень внутренней документации договорного отдела
37,Какая структура у каталогов диска P?,122,0.5713,0.0,0.57,0.0,"2.1 Данная процедура обязательна для применения во всех структурных подразделениях Института, включенных в область распространения системы экологического менеджмента согласно Приказу по Институту № "
37,Какая структура у каталогов диска P?,123,0.5676,0.0,0.57,0.0,Проект горного отвода для всех видов полезных ископаемых
37,Какая структура у каталогов диска P?,124,0.5665,0.0,0.57,0.0,"4 Термины, обозначения"
37,Какая структура у каталогов диска P?,125,0.5657,0.0,0.57,0.0,"6.3 При превышении установленного лимита корпоративной мобильной связи сумма расхода, не подтвержденная производственной необходимостью, подлежит либо оплате работником посредством удержания денежных средств из"
37,Какая структура у каталогов диска P?,126,0.5654,0.0,0.57,0.0,7.6 Режим рабочего времени и отдыха дистанционного работника устанавливается в трудовом договоре (дополнительном соглашении к трудовому договору). Режим рабочего времени дистанционного работника устанавливается с понедельника по пятницу с 9.00 до 18.00.
37,Какая структура у каталогов диска P?,127,0.564,0.0,0.56,0.0,6.4 Работник обязан:
37,Какая структура у каталогов диска P?,128,0.5638,0.0,0.56,0.0,"1.2 Настоящее Положение разработано на основании статей Конституции РФ, Трудового Кодекса РФ, Кодекса об административных правонарушениях РФ, Гражданского Кодекса РФ, Уголовного Кодекса РФ, а также Федерального закона «Об информации, информатизации и защите информации»."
37,Какая структура у каталогов диска P?,129,0.5636,0.0,0.56,0.0,"3.5 Передача персональных данных работника возможна только с согласия работника или в случаях, прямо предусмотренных законодательством"
37,Какая структура у каталогов диска P?,130,0.563,0.0,0.56,0.0,1.3.Уведомление офис-менеджера/специалиста ДиМК о присвоении внутреннего номера о новом сотруднике
37,Какая структура у каталогов диска P?,131,0.5623,0.0,0.56,0.0,8 Начисление и выплата заработной платы
37,Какая структура у каталогов диска P?,132,0.5604,0.0,0.56,0.0,"1.4 Уполномоченный по ИСМ в своей деятельности руководствуется законами и нормативно-правовыми актами РФ, приказами и указаниями руководства АО «ВолгоградНИПИнефть» (далее по тексту Институт), методическими, нормативными и другими руководящими материалами по вопросам интегрированной системы менеджмента, политиками Института, требованиями национальных стандартов ГОСТ Р ИСО 9001-2015 и ГОСТ Р ИСО 14001-2016, документацией ИСМ Института."
37,Какая структура у каталогов диска P?,133,0.5574,0.0,0.56,0.0,1.5 Средства мобильной связи предоставляются сотруднику в целях повышения эффективности управления и оперативного обмена информацией.
37,Какая структура у каталогов диска P?,134,0.555,0.0,0.55,0.0,Итоговый реестр существенных экологических аспектов
37,Какая структура у каталогов диска P?,135,0.5539,0.0,0.55,0.0,3.2 Консультировать сотрудников отдела по вопросам интегрированной системы менеджмента и разработке документации ИСМ
37,Какая структура у каталогов диска P?,136,0.5536,0.0,0.55,0.0,Начисление и выплата доплат
37,Какая структура у каталогов диска P?,137,0.5531,0.0,0.55,0.0,4 Система оплаты труда
37,Какая структура у каталогов диска P?,138,0.5519,0.0,0.55,0.0,ЗАЯВЛЕНИЕ
37,Какая структура у каталогов диска P?,139,0.5518,0.0,0.55,0.0,"5.7 Ответственность за своевременное формирование пакета документации, содержащей ТП, с учетом всех требований компании, объявившей конкурс, и своевременное предоставление пакета документов в приемную для отправки адресату, возлагается на ОИ."
37,Какая структура у каталогов диска P?,140,0.55,0.0,0.55,0.0,Процедура Идентификация экологических аспектов ПР-6.1.2-ИЭА
37,Какая структура у каталогов диска P?,141,0.548,0.0,0.55,0.0,ПР-6.1.2-ИЭА
37,Какая структура у каталогов диска P?,142,0.5462,0.0,0.55,0.0,3.6 Повышение качества и эффективности работы Отдела.
37,Какая структура у каталогов диска P?,143,0.5456,0.0,0.55,0.0,7.1 При осуществлении взаимодействия дистанционного работника и Института путем обмена электронными документами каждая из осуществляющих взаимодействие сторон обязана направлять в форме электронного документа подтверждение получения электронного документа от другой стороны в трехдневный срок. Для этого стороны трудового договора используют корпоративную электронную почту.
37,Какая структура у каталогов диска P?,144,0.5452,0.0,0.55,0.0,"3.4 Своевременное и качественное проведение (по договору) предусмотренного  нормативными  требованиями  комплекса  маркшейдерских работ, достаточных для обеспечения безопасного ведения работ, связанных с пользованием недрами, наиболее полного извлечения из недр запасов залегающих полезных ископаемых, обеспечения технологического цикла горных, строительно-монтажных и иных видов работ, а также для прогнозирования опасных ситуаций при проведении таких работ."
37,Какая структура у каталогов диска P?,145,0.7872,0.77,0.0,0.79,2 Основная часть
37,Какая структура у каталогов диска P?,146,0.7431,0.74,0.0,0.72,4 Права доступа к каталогам
37,Какая структура у каталогов диска P?,147,0.7307,0.72,0.0,0.73,РАБОЧАЯ ИНСТРУКЦИЯ Структура каталогов «РИ-10-СтруктКат»
37,Какая структура у каталогов диска P?,148,0.7261,0.71,0.0,0.73,3 Правила работы с каталогами текущих проектов:
37,Какая структура у каталогов диска P?,149,0.6865,0.69,0.51,0.67,5 Правила работы с файлами
37,Какая структура у каталогов диска P?,150,0.6673,0.65,0.0,0.67,Лист регистрации изменений
37,Какая структура у каталогов диска P?,151,0.7321,0.63,0.0,0.73,1 Назначение
38,Что такое реестр экологических аспектов?,1,0.8897,0.89,0.64,0.84,Сводный реестр экологических аспектов
38,Что такое реестр экологических аспектов?,2,0.8674,0.87,0.7,0.81,Итоговый реестр существенных экологических аспектов
38,Что такое реестр экологических аспектов?,3,0.8565,0.86,0.66,0.83,7 Последовательность формирования реестров экологических аспектов
38,Что такое реестр экологических аспектов?,4,0.8404,0.84,0.6,0.81,4.1 Термины.
38,Что такое реестр экологических аспектов?,5,0.8014,0.8,0.62,0.79,6.1 Методика оценки экологических аспектов
38,Что такое реестр экологических аспектов?,6,0.7917,0.79,0.62,0.76,5.3 Идентификация экологических аспектов
38,Что такое реестр экологических аспектов?,7,0.7881,0.79,0.59,0.78,5.1 Последовательность идентификации экологических аспектов
38,Что такое реестр экологических аспектов?,8,0.7711,0.77,0.0,0.72,6.18 Идентификация и оценка рисков в области экологической деятельности регламентирована  процедурой  «Идентификация  экологических  аспектов»  (ПР6.1.2-ИЭА):
38,Что такое реестр экологических аспектов?,9,0.7685,0.77,0.6,0.76,Процедура Идентификация экологических аспектов ПР-6.1.2-ИЭА
38,Что такое реестр экологических аспектов?,10,0.7888,0.77,0.58,0.79,Идентификация экологических аспектов
38,Что такое реестр экологических аспектов?,11,0.7663,0.77,0.0,0.77,Приложение 3. Перечень программного обеспечения
38,Что такое реестр экологических аспектов?,12,0.7522,0.75,0.0,0.72,3 Нормативные ссылки
38,Что такое реестр экологических аспектов?,13,0.7489,0.75,0.0,0.71,7 Реестр рисков
38,Что такое реестр экологических аспектов?,14,0.7489,0.75,0.0,0.0,7 Реестр рисков
38,Что такое реестр экологических аспектов?,15,0.7489,0.75,0.0,0.71,7 Реестр рисков
38,Что такое реестр экологических аспектов?,16,0.7488,0.75,0.0,0.73,7 Порядок учета отходов
38,Что такое реестр экологических аспектов?,17,0.745,0.74,0.0,0.74,4.2 Функции ответственного по ведению экологической отчетности:
38,Что такое реестр экологических аспектов?,18,0.7379,0.74,0.0,0.72,5.2 Права ответственного по ведению экологической отчетности:
38,Что такое реестр экологических аспектов?,19,0.7597,0.73,0.6,0.76,ПР-6.1.2-ИЭА
38,Что такое реестр экологических аспектов?,20,0.7557,0.73,0.0,0.76,3 Нормативные ссылки
38,Что такое реестр экологических аспектов?,21,0.7312,0.73,0.0,0.0,"Порядок приемки, регистрации и архивирования источников информации."
38,Что такое реестр экологических аспектов?,22,0.7255,0.73,0.53,0.72,"8 Мониторинг, измерения, анализ и оценивание"
38,Что такое реестр экологических аспектов?,23,0.723,0.72,0.0,0.7,6 Порядок накопления отходов
38,Что такое реестр экологических аспектов?,24,0.723,0.72,0.0,0.0,6 Порядок накопления отходов
38,Что такое реестр экологических аспектов?,25,0.7195,0.72,0.0,0.0,4.1 Термины и определения:
38,Что такое реестр экологических аспектов?,26,0.7499,0.72,0.54,0.75,3 Нормативные ссылки
38,Что такое реестр экологических аспектов?,27,0.7174,0.72,0.52,0.0,4.16 Разработка и внедрение мер по предотвращению экологических рисков.
38,Что такое реестр экологических аспектов?,28,0.718,0.71,0.0,0.72,"3.11 ОтвРег регистрирует поступление в базе данных источников информации F:\\\\DB\\\\_Registrator, F:\\\\DB\\\\_НД, оценивает качество сканирования, заполнение"
38,Что такое реестр экологических аспектов?,29,0.7135,0.71,0.0,0.69,"Регистрация, учет, архивирование и хранение поступающей геолого-технической информации, выполненных отчетов, нормативных документов"
38,Что такое реестр экологических аспектов?,30,0.7113,0.71,0.0,0.0,Приложение 2. Перечень регламентирующих документов
38,Что такое реестр экологических аспектов?,31,0.7109,0.71,0.0,0.71,"5.1 Отходы в зависимости от степени негативного воздействия на окружающую среду подразделяются  в  соответствии  с  критериями,  установленными  федеральным органом исполнительной власти, осуществляющим государственное регулирование в области охраны окружающей среды, на пять классов опасности:"
38,Что такое реестр экологических аспектов?,32,0.7108,0.71,0.0,0.0,Лист регистрации изменений
38,Что такое реестр экологических аспектов?,33,0.7108,0.71,0.0,0.0,Лист регистрации изменений
38,Что такое реестр экологических аспектов?,34,0.7108,0.71,0.0,0.0,Лист регистрации изменений
38,Что такое реестр экологических аспектов?,35,0.7108,0.71,0.0,0.0,Лист регистрации изменений
38,Что такое реестр экологических аспектов?,36,0.7108,0.71,0.0,0.0,Лист регистрации изменений
38,Что такое реестр экологических аспектов?,37,0.7108,0.71,0.0,0.0,Лист регистрации изменений
38,Что такое реестр экологических аспектов?,38,0.7108,0.71,0.0,0.69,Лист регистрации изменений
38,Что такое реестр экологических аспектов?,39,0.7108,0.71,0.0,0.69,Лист регистрации изменений
38,Что такое реестр экологических аспектов?,40,0.7108,0.71,0.0,0.0,Лист регистрации изменений
38,Что такое реестр экологических аспектов?,41,0.7108,0.71,0.0,0.0,Лист регистрации изменений
38,Что такое реестр экологических аспектов?,42,0.7108,0.71,0.0,0.7,Лист регистрации изменений
38,Что такое реестр экологических аспектов?,43,0.7108,0.71,0.0,0.7,Лист регистрации изменений
38,Что такое реестр экологических аспектов?,44,0.7108,0.71,0.0,0.0,Лист регистрации изменений
38,Что такое реестр экологических аспектов?,45,0.7108,0.71,0.0,0.0,Лист регистрации изменений
38,Что такое реестр экологических аспектов?,46,0.7108,0.71,0.0,0.0,"4.5 Регистрация, учет и архивирование поступающей геолого-технической информации, выполненных отчетов, нормативных документов."
38,Что такое реестр экологических аспектов?,47,0.72,0.71,0.0,0.72,"3.1 Выполнение проектной документации, отчётов и иной технической документации, соответствующей требованиям и ожиданиям Заказчиков по срокам, финансовым затратам, использованию современных технологий, оборудования и материалов, снижению энергозатрат и экологически вредного воздействия на окружающую среду."
38,Что такое реестр экологических аспектов?,48,0.71,0.71,0.0,0.7,"11.4 Учет образования, накопления и вывоза отходов с территории Института производится в соответствии с Порядком учета в области обращения с отходами, утвержденным приказом Минприроды России от 08 декабря 2020 г. № 1028. Учет в области обращения с отходами ведет ОВЭО."
38,Что такое реестр экологических аспектов?,49,0.7096,0.71,0.0,0.0,Определения и сокращения
38,Что такое реестр экологических аспектов?,50,0.7086,0.71,0.0,0.0,Оценка последствий риска
38,Что такое реестр экологических аспектов?,51,0.708,0.71,0.53,0.71,"2.1 Данная процедура обязательна для применения во всех структурных подразделениях Института, включенных в область распространения системы экологического менеджмента согласно Приказу по Институту № "
38,Что такое реестр экологических аспектов?,52,0.7073,0.71,0.0,0.0,3 Нормативные ссылки
38,Что такое реестр экологических аспектов?,53,0.7148,0.71,0.62,0.71,1 Назначение
38,Что такое реестр экологических аспектов?,54,0.7049,0.7,0.0,0.0,Наименование ПО
38,Что такое реестр экологических аспектов?,55,0.7026,0.7,0.0,0.0,"4 Термины, обозначения, сокращения"
38,Что такое реестр экологических аспектов?,56,0.7024,0.7,0.0,0.7,ИНСТРУКЦИЯ Регистрация и архивирование источников информации «ИН-15-РегАрх»
38,Что такое реестр экологических аспектов?,57,0.7021,0.7,0.0,0.7,3 Нормативные ссылки
38,Что такое реестр экологических аспектов?,58,0.7652,0.0,0.6,0.77,СОГЛАСОВАНО:
38,Что такое реестр экологических аспектов?,59,0.7276,0.0,0.0,0.73,Приложение Б. Информационный лист проекта
38,Что такое реестр экологических аспектов?,60,0.7178,0.0,0.0,0.72,Приложение 3 Перечень регламентированных бизнеспроцессов
38,Что такое реестр экологических аспектов?,61,0.7162,0.0,0.0,0.72,Приложение 5. Перечень программного обеспечения отдела
38,Что такое реестр экологических аспектов?,62,0.7138,0.0,0.0,0.71,Приложение 6. Формы журналов отдела:
38,Что такое реестр экологических аспектов?,63,0.7082,0.0,0.0,0.71,8 Стадия оформления работы
38,Что такое реестр экологических аспектов?,64,0.7073,0.0,0.0,0.71,3 Задачи
38,Что такое реестр экологических аспектов?,65,0.7065,0.0,0.0,0.71,Приложение 3. Перечень регламентированных бизнес-процессов
38,Что такое реестр экологических аспектов?,66,0.7034,0.0,0.0,0.7,10 Безопасное обращение с отходами
38,Что такое реестр экологических аспектов?,67,0.7024,0.0,0.53,0.7,Приложение 4. Перечень документированной информации отдела
38,Что такое реестр экологических аспектов?,68,0.7022,0.0,0.0,0.7,Общие положения
38,Что такое реестр экологических аспектов?,69,0.702,0.0,0.0,0.7,Приложение 4. Перечень программного обеспечения отдела
38,Что такое реестр экологических аспектов?,70,0.6997,0.0,0.0,0.7,Приложение Б. Информационный лист проекта
38,Что такое реестр экологических аспектов?,71,0.6994,0.0,0.0,0.7,Положения:
38,Что такое реестр экологических аспектов?,72,0.6993,0.0,0.0,0.7,ИН-15-РегАрх
38,Что такое реестр экологических аспектов?,73,0.6974,0.0,0.0,0.7,"Приложение 4 Образец оформления документа, содержащего более одной страницы."
38,Что такое реестр экологических аспектов?,74,0.6972,0.0,0.0,0.7,О группе охраны окружающей среды отдела бурения и «ПЛ-12-ГООС»
38,Что такое реестр экологических аспектов?,75,0.6972,0.0,0.0,0.7,ПЛ-12 -ГООС
38,Что такое реестр экологических аспектов?,76,0.6947,0.0,0.0,0.69,4 Функции
38,Что такое реестр экологических аспектов?,77,0.6941,0.0,0.0,0.69,10 Завершающая стадия
38,Что такое реестр экологических аспектов?,78,0.6938,0.0,0.0,0.69,ПЛ-07-УИСМ
38,Что такое реестр экологических аспектов?,79,0.6938,0.0,0.0,0.69,ПОЛОЖЕНИЕ об уполномоченном по интегрированной системе менеджмента в отделе геологии «ПЛ-07-УИСМ»
38,Что такое реестр экологических аспектов?,80,0.6928,0.0,0.0,0.69,P:\\\\Информация…
38,Что такое реестр экологических аспектов?,81,0.6925,0.0,0.0,0.69,Приложение 1. Структура Группы
38,Что такое реестр экологических аспектов?,82,0.6923,0.0,0.0,0.69,Приложение 1 Перечень должностных инструкций полевой партии
38,Что такое реестр экологических аспектов?,83,0.6914,0.0,0.0,0.69,ПЛ-01-НК
38,Что такое реестр экологических аспектов?,84,0.6914,0.0,0.0,0.69,ПОЛОЖЕНИЕ О нормоконтроле проектно-сметной и отчетной документации «ПЛ-01-НК»
38,Что такое реестр экологических аспектов?,85,0.6907,0.0,0.0,0.69,1 Назначение
38,Что такое реестр экологических аспектов?,86,0.6903,0.0,0.0,0.69,Приложение 1 Перечень документированной информации
38,Что такое реестр экологических аспектов?,87,0.69,0.0,0.0,0.69,Приложение 3. Перечень регламентированных бизнес-процессов отдела
38,Что такое реестр экологических аспектов?,88,0.6899,0.0,0.0,0.69,3 ОСНОВНЫЕ ФУНКЦИИ МАРКШЕЙДЕРСКО-ГЕОДЕЗИЧЕСКОЙ СЛУЖБЫ
38,Что такое реестр экологических аспектов?,89,0.6894,0.0,0.0,0.69,СОГЛАСОВАНО:
38,Что такое реестр экологических аспектов?,90,0.6892,0.0,0.0,0.69,3 Задачи
38,Что такое реестр экологических аспектов?,91,0.6888,0.0,0.0,0.69,Приложение 3. Перечень документированной информации информационно-технического отдела.
38,Что такое реестр экологических аспектов?,92,0.6887,0.0,0.0,0.69,Приложение 4 Перечень специализированного программного обеспечения отдела
38,Что такое реестр экологических аспектов?,93,0.688,0.0,0.0,0.69,"9 Стадия экспертиз, защит и согласований"
38,Что такое реестр экологических аспектов?,94,0.6873,0.0,0.0,0.69,3 Задачи
38,Что такое реестр экологических аспектов?,95,0.6867,0.0,0.0,0.69,4 Функции
38,Что такое реестр экологических аспектов?,96,0.6865,0.0,0.51,0.69,Приложение 3. Кадровая документация отдела
38,Что такое реестр экологических аспектов?,97,0.6862,0.0,0.0,0.69,Приложение А
38,Что такое реестр экологических аспектов?,98,0.5335,0.0,0.53,0.0,"Оформление договоров на выполнение работ, оказание услуг"
38,Что такое реестр экологических аспектов?,99,0.5332,0.0,0.53,0.0,"4.7 Формирование архива сканов договорной документации (договоры, дополнительные соглашения, акты сдачи-приемки выполненных работ)."
38,Что такое реестр экологических аспектов?,100,0.532,0.0,0.53,0.0,Приложение 6. Формы журналов отдела
38,Что такое реестр экологических аспектов?,101,0.5312,0.0,0.53,0.0,Об учетно-финансовом отделе
38,Что такое реестр экологических аспектов?,102,0.5223,0.0,0.52,0.0,"6.4 Невыполнение приказов, указаний и распоряжений по Институту."
38,Что такое реестр экологических аспектов?,103,0.5203,0.0,0.52,0.0,"Приложение 7. Выпуск продукции на 20__ г. на основании заключенных договоров, с НДС."
38,Что такое реестр экологических аспектов?,104,0.5199,0.0,0.52,0.0,Доплата за командировку
38,Что такое реестр экологических аспектов?,105,0.5194,0.0,0.52,0.0,Компьютерная справочная правовая система ГАРАНТ
38,Что такое реестр экологических аспектов?,106,0.5181,0.0,0.52,0.0,"3.5 Проводить мониторинг тендерных предложений и готовить тендерную документацию на право заключения договоров (контрактов) на выполнение работ, оказание услуг, относящихся к сфере деятельности отдела геологии согласно требованиям инструкции «По подготовке тендерного предложения» (ИН-01ПТП)"
38,Что такое реестр экологических аспектов?,107,0.5178,0.0,0.52,0.0,Маркетинговая информация
38,Что такое реестр экологических аспектов?,108,0.5173,0.0,0.52,0.0,6.8 В этом случае дистанционному работнику выплачивается компенсация за использование принадлежащего ему или арендованного им оборудования. Размер компенсации согласовывается в трудовом договоре или в дополнительном соглашении генеральным директором.
38,Что такое реестр экологических аспектов?,109,0.5162,0.0,0.52,0.0,"3.10 Анализировать, по мере необходимости актуализирует и согласовывает с руководством документы ИСМ"
38,Что такое реестр экологических аспектов?,110,0.5155,0.0,0.52,0.0,"5.5 Во время нахождения сотрудника в служебной командировке все звонки, произведенные вне рабочего времени (в том числе в выходные и праздничные дни), подлежат оплате Институтом в пределах установленного лимита."
38,Что такое реестр экологических аспектов?,111,0.514,0.0,0.51,0.0,Материальная помощь при рождении ребенка (усыновлении)
38,Что такое реестр экологических аспектов?,112,0.5126,0.0,0.51,0.0,"6.6 Неисправное состояние оборудования, приборов, инструментов и хозяйственного инвентаря."
38,Что такое реестр экологических аспектов?,113,0.5125,0.0,0.51,0.0,Обработка результатов измерений
38,Что такое реестр экологических аспектов?,114,0.5121,0.0,0.51,0.0,"8.2 Порядок предоставления дистанционному работнику ежегодного оплачиваемого отпуска и иных видов отпусков определяется локальным нормативным актом, трудовым договором в соответствии с ТК РФ и иными актами, содержащими нормы трудового права."
38,Что такое реестр экологических аспектов?,115,0.5119,0.0,0.51,0.0,"4.5 Пользование корпоративной мобильной связью осуществляется в пределах лимитов корпоративной мобильной связи, признаваемых достаточными для решения сотрудниками производственных задач в рамках должностных обязанностей (Приложение А)."
38,Что такое реестр экологических аспектов?,116,0.5116,0.0,0.51,0.0,"4.5 Разработка геологических разделов для проектов на ликвидацию, консервацию, расконсервацию (восстановление) скважин."
38,Что такое реестр экологических аспектов?,117,0.5108,0.0,0.51,0.0,"Первый экземпляр остается в УФО, заносится в электронный реестр договоров, распечатыва- ется и хранится в папке «Расход- ные договоры»"
38,Что такое реестр экологических аспектов?,118,0.5108,0.0,0.51,0.0,"4 Термины, обозначения"
38,Что такое реестр экологических аспектов?,119,0.5105,0.0,0.51,0.0,"1.9 Кодекс закрепляет общие ценности, принципы и правила поведения, такие как:"
38,Что такое реестр экологических аспектов?,120,0.51,0.0,0.51,0.0,"1.4 Уполномоченный по ИСМ в своей деятельности руководствуется законами и нормативно-правовыми актами РФ, приказами и указаниями руководства АО «ВолгоградНИПИнефть» (далее по тексту Институт), методическими, нормативными и другими руководящими материалами по вопросам интегрированной системы менеджмента, политиками Института, требованиями национальных стандартов ГОСТ Р ИСО 9001-2015 и ГОСТ Р ИСО 14001-2016, документацией ИСМ Института."
38,Что такое реестр экологических аспектов?,121,0.5096,0.0,0.51,0.0,5.6 Невыполнение приказов и указаний и распоряжений по Институту.
38,Что такое реестр экологических аспектов?,122,0.5089,0.0,0.51,0.0,4 Система оплаты труда
38,Что такое реестр экологических аспектов?,123,0.5088,0.0,0.51,0.0,1 Назначение
38,Что такое реестр экологических аспектов?,124,0.5086,0.0,0.51,0.0,Приложение В
38,Что такое реестр экологических аспектов?,125,0.5082,0.0,0.51,0.0,12 Перечень нормативных документов по контролю качества выпускаемой продукции
38,Что такое реестр экологических аспектов?,126,0.5082,0.0,0.51,0.0,6.1 Сбор и анализ информации о проводимых тендерах.
38,Что такое реестр экологических аспектов?,127,0.5079,0.0,0.51,0.0,"2.2 Уполномоченный по ИСМ должен знать нормативные, методические и другие руководящие документы по вопросам ИСМ и требования стандартов ГОСТ Р ИСО 9001-2015 (ISO 9001:2015) и ГОСТ Р ИСО 14001-2016 (ISO 14001:2015)."
38,Что такое реестр экологических аспектов?,128,0.5078,0.0,0.51,0.0,3 Метрологическое обеспечение
38,Что такое реестр экологических аспектов?,129,0.5074,0.0,0.51,0.0,"3.4 Своевременное и качественное проведение (по договору) предусмотренного  нормативными  требованиями  комплекса  маркшейдерских работ, достаточных для обеспечения безопасного ведения работ, связанных с пользованием недрами, наиболее полного извлечения из недр запасов залегающих полезных ископаемых, обеспечения технологического цикла горных, строительно-монтажных и иных видов работ, а также для прогнозирования опасных ситуаций при проведении таких работ."
38,Что такое реестр экологических аспектов?,130,0.8897,0.89,0.64,0.84,Сводный реестр экологических аспектов
38,Что такое реестр экологических аспектов?,131,0.8674,0.87,0.7,0.81,Итоговый реестр существенных экологических аспектов
38,Что такое реестр экологических аспектов?,132,0.8565,0.86,0.66,0.83,7 Последовательность формирования реестров экологических аспектов
38,Что такое реестр экологических аспектов?,133,0.783,0.78,0.59,0.78,5 Идентификация всех возможных экологических аспектов
38,Что такое реестр экологических аспектов?,134,0.77,0.77,0.52,0.76,5 Идентификация всех возможных экологических аспектов
38,Что такое реестр экологических аспектов?,135,0.7685,0.77,0.6,0.76,Процедура Идентификация экологических аспектов ПР-6.1.2-ИЭА
38,Что такое реестр экологических аспектов?,136,0.7888,0.77,0.58,0.79,Идентификация экологических аспектов
38,Что такое реестр экологических аспектов?,137,0.7905,0.76,0.62,0.79,6 Определение существенного воздействия экологических аспектов на ОС
38,Что такое реестр экологических аспектов?,138,0.7255,0.73,0.53,0.72,"8 Мониторинг, измерения, анализ и оценивание"
38,Что такое реестр экологических аспектов?,139,0.7499,0.72,0.54,0.75,3 Нормативные ссылки
38,Что такое реестр экологических аспектов?,140,0.7148,0.71,0.62,0.71,1 Назначение
38,Что такое реестр экологических аспектов?,141,0.7652,0.69,0.6,0.77,СОГЛАСОВАНО:
38,Что такое реестр экологических аспектов?,142,0.6994,0.67,0.0,0.7,Положения:
38,Что такое реестр экологических аспектов?,143,0.7054,0.65,0.0,0.71,2 Область применения
38,Что такое реестр экологических аспектов?,144,0.8118,0.64,0.0,0.81,4 Термины и сокращения
38,Что такое реестр экологических аспектов?,145,0.6862,0.61,0.0,0.69,Приложение А
39,Кому подчиняется полевая партия?,1,0.8406,0.84,0.0,0.84,"2.1 Полевая партия подчиняется непосредственно начальнику полевой партии Отдела, руководству Отдела и Института согласно утвержденной организационной структуре."
39,Кому подчиняется полевая партия?,2,0.8303,0.8,0.0,0.83,1.3 В своей деятельности полевая партия руководствуется:
39,Кому подчиняется полевая партия?,3,0.8007,0.78,0.0,0.8,6 Ответственность
39,Кому подчиняется полевая партия?,4,0.7702,0.77,0.0,0.76,Приложение 1 Перечень должностных инструкций полевой партии
39,Кому подчиняется полевая партия?,5,0.7451,0.75,0.0,0.73,ПОЛОЖЕНИЕ О полевой партии отдела инженерных изысканий «ПЛ-08-ПП»
39,Кому подчиняется полевая партия?,6,0.7947,0.74,0.0,0.79,"5.4 Представлять на совещаниях Института предложения по вопросам, входящим в компетенцию полевой партии."
39,Кому подчиняется полевая партия?,7,0.723,0.72,0.0,0.72,6 Полевой контроль и приемка полевых работ
39,Кому подчиняется полевая партия?,8,0.7221,0.71,0.0,0.72,"3.1 Выполнение полевых работ, соответствующих нормативным и регламентирующим государственным документам, отвечающим отраслевым стандартам, отражающим потребности заказчиков."
39,Кому подчиняется полевая партия?,9,0.7337,0.71,0.0,0.73,ПЛ-08-ПП
39,Кому подчиняется полевая партия?,10,0.7037,0.7,0.0,0.69,2.1 Отдел подчиняется заместителю генерального директора-главному маркшейдеру и руководству Институту согласно организационной структуре.
39,Кому подчиняется полевая партия?,11,0.7032,0.7,0.0,0.68,ПОЛОЖЕНИЕ о договорном отделе «ПЛ-05»
39,Кому подчиняется полевая партия?,12,0.6991,0.7,0.0,0.0,Инструментальный контроль
39,Кому подчиняется полевая партия?,13,0.6986,0.7,0.0,0.0,Порядок работы
39,Кому подчиняется полевая партия?,14,0.6971,0.7,0.0,0.0,"7.1 Государственный надзор и контроль за организацией работы по маркшейдерскому обеспечению и соблюдением правил выполнения маркшейдерских работ при проектировании, строительстве, эксплуатации, консервации и ликвидации объектов нефтегазодобывающей отрасли, утвержденных в установленном порядке требований (правил и норм) по безопасному ведению горных работ, предупреждению и устранению их вредного влияния на население, окружающую природную среду, объекты народного хозяйства осуществляют органы Федеральной службы по"
39,Кому подчиняется полевая партия?,15,0.6955,0.7,0.0,0.0,"1.12 Маркшейдерско-геодезическая документация (полевая, вычислительная и графическая) выполненная сторонней специализированной организацией на средства Общества должна после обработки полевых материалов храниться у заказчика работ, то есть в МГС."
39,Кому подчиняется полевая партия?,16,0.6947,0.69,0.0,0.67,2.1 Отдел подчиняется непосредственно генеральному директору.
39,Кому подчиняется полевая партия?,17,0.6944,0.69,0.0,0.68,1.9 Контроль над исполнением настоящего Положения возлагается на учетно-финансовый отдел с назначением ответственного лица.
39,Кому подчиняется полевая партия?,18,0.6937,0.69,0.0,0.0,1 Общие положения
39,Кому подчиняется полевая партия?,19,0.693,0.69,0.0,0.0,5.1 Организует и контролирует исполнение настоящего Положения.
39,Кому подчиняется полевая партия?,20,0.693,0.69,0.0,0.68,Приложение 1. Структура отдела
39,Кому подчиняется полевая партия?,21,0.693,0.69,0.0,0.0,Приложение 1. Структура отдела
39,Кому подчиняется полевая партия?,22,0.693,0.69,0.0,0.0,Приложение 1. Структура отдела
39,Кому подчиняется полевая партия?,23,0.693,0.69,0.0,0.0,Приложение 1. Структура отдела
39,Кому подчиняется полевая партия?,24,0.6921,0.69,0.0,0.67,4.2 Внешний доступ.
39,Кому подчиняется полевая партия?,25,0.6917,0.69,0.0,0.0,Ответственность работников за нарушение трудовой дисциплины
39,Кому подчиняется полевая партия?,26,0.6913,0.69,0.0,0.0,5 Ответственность
39,Кому подчиняется полевая партия?,27,0.6904,0.69,0.0,0.0,Отдел несет ответственность за:
39,Кому подчиняется полевая партия?,28,0.6904,0.69,0.0,0.68,Отдел несет ответственность за:
39,Кому подчиняется полевая партия?,29,0.6939,0.69,0.0,0.69,2 Область применения
39,Кому подчиняется полевая партия?,30,0.69,0.69,0.0,0.0,5 Ответственность.
39,Кому подчиняется полевая партия?,31,0.6881,0.69,0.0,0.68,Список сотрудников ответственных за внешние поставки
39,Кому подчиняется полевая партия?,32,0.688,0.69,0.0,0.68,2.1 Отдел подчиняется непосредственно заместителю генерального директора по общим вопросам и руководству Инстиута согласно утвержденной организационной структуре.
39,Кому подчиняется полевая партия?,33,0.6871,0.69,0.0,0.67,6.2 На начальника отдела возлагается персональная ответственность за:
39,Кому подчиняется полевая партия?,34,0.6868,0.69,0.0,0.0,6 Ответственность
39,Кому подчиняется полевая партия?,35,0.6856,0.69,0.0,0.0,
39,Кому подчиняется полевая партия?,36,0.6854,0.69,0.0,0.0,Отдел имеет право:
39,Кому подчиняется полевая партия?,37,0.6854,0.69,0.0,0.0,Отдел имеет право:
39,Кому подчиняется полевая партия?,38,0.6854,0.69,0.0,0.0,Отдел имеет право:
39,Кому подчиняется полевая партия?,39,0.6854,0.69,0.0,0.0,Отдел имеет право:
39,Кому подчиняется полевая партия?,40,0.6852,0.69,0.0,0.68,12 Ответственность
39,Кому подчиняется полевая партия?,41,0.6851,0.69,0.0,0.68,"2.2 Группа подчиняется непосредственно руководителю Группы, руководству Отдела и Института согласно утверждённой организационной структуре."
39,Кому подчиняется полевая партия?,42,0.6849,0.68,0.0,0.68,2.1 Отдел подчиняется генеральному директору и первому заместителю генерального директора.
39,Кому подчиняется полевая партия?,43,0.6849,0.68,0.0,0.0,9 Требования к передаче отходов сторонним специализированным организациям
39,Кому подчиняется полевая партия?,44,0.6843,0.68,0.0,0.0,Порядок приема и увольнения работников
39,Кому подчиняется полевая партия?,45,0.684,0.68,0.0,0.0,9 Обязательства работника
39,Кому подчиняется полевая партия?,46,0.6923,0.68,0.0,0.69,7 Приемка материалов по окончании полевых работ
39,Кому подчиняется полевая партия?,47,0.6831,0.68,0.0,0.0,4 Термины и сокращения
39,Кому подчиняется полевая партия?,48,0.6831,0.68,0.0,0.68,2.1 Отдел непосредственно подчиняется руководству Института согласно утвержденной организационной структуре.
39,Кому подчиняется полевая партия?,49,0.6828,0.68,0.0,0.0,Приложение 3. Перечень программного обеспечения
39,Кому подчиняется полевая партия?,50,0.6827,0.68,0.0,0.0,Организация договорной работы
39,Кому подчиняется полевая партия?,51,0.6827,0.68,0.0,0.0,Организация договорной работы
39,Кому подчиняется полевая партия?,52,0.6827,0.68,0.0,0.0,Организация договорной работы
39,Кому подчиняется полевая партия?,53,0.6826,0.68,0.0,0.0,"8 Мониторинг, измерения, анализ и оценивание"
39,Кому подчиняется полевая партия?,54,0.6818,0.68,0.0,0.68,"1.4 Настоящее Положение утверждается и вводится в действие приказом генерального директора и является обязательным для исполнения всеми работниками, имеющими доступ к персональным данным сотрудников."
39,Кому подчиняется полевая партия?,55,0.6846,0.68,0.0,0.68,"1.5 Требования настоящего Положения обязательны для выполнения всеми отделами и службами Общества, а также для предприятий, выполняющих договорные работы для Общества по проектированию, строительству, эксплуатации, консервации и ликвидации нефтегазодобывающих, нефтегазотранспортных, нефтегазоперерабатывающих объектов и планов развития горных работ."
39,Кому подчиняется полевая партия?,56,0.6813,0.68,0.0,0.0,Приложение 2 Перечень внутренней документации ИСМ отдела
39,Кому подчиняется полевая партия?,57,0.6812,0.68,0.0,0.0,Приложение 5. Перечень программного обеспечения отдела
39,Кому подчиняется полевая партия?,58,0.6812,0.68,0.0,0.0,Приложение 5. Перечень программного обеспечения отдела
39,Кому подчиняется полевая партия?,59,0.6806,0.68,0.0,0.0,"3.3 К обработке, передаче и хранению персональных данных работника могут иметь доступ сотрудники:"
39,Кому подчиняется полевая партия?,60,0.6799,0.68,0.0,0.0,Назначение и область применения
39,Кому подчиняется полевая партия?,61,0.6822,0.68,0.0,0.68,Назначение и область применения
39,Кому подчиняется полевая партия?,62,0.6797,0.68,0.0,0.0,10.1 Принятие на себя обязательства о неразглашении коммерческой тайны осуществляется работником на добровольной основе (Приложение Г к настоящему Положению).
39,Кому подчиняется полевая партия?,63,0.6797,0.68,0.0,0.0,"3.32 Передачу маркшейдерской, топографо-геодезической, землеустроительной документации соответствующим организациям (заказчику, экспертным организациям), доведение до сведения работников службы информации об изменении требований нормативно-технической документации в области маркшейдерского обеспечения горных работ, промышленной безопасности, охраны недр, и организовывает их обеспечение нормативными документами."
39,Кому подчиняется полевая партия?,64,0.6797,0.68,0.0,0.0,"5.3 Направлять структурным подразделениям Общества и Заказчика обязательные для выполнения указания и предписания по вопросам, входящим в компетенцию службы."
39,Кому подчиняется полевая партия?,65,0.6795,0.68,0.0,0.0,5 Ответственности
39,Кому подчиняется полевая партия?,66,0.6786,0.68,0.0,0.0,
39,Кому подчиняется полевая партия?,67,0.6921,0.0,0.0,0.69,2 Область применения
39,Кому подчиняется полевая партия?,68,0.6911,0.0,0.0,0.69,7 Организация работы командированного сотрудника
39,Кому подчиняется полевая партия?,69,0.6909,0.0,0.0,0.69,4 Командировки
39,Кому подчиняется полевая партия?,70,0.6872,0.0,0.0,0.69,СОГЛАСОВАНО:
39,Кому подчиняется полевая партия?,71,0.6866,0.0,0.0,0.69,Приложение 5. Шаблоны бланков документированной информации отдела.
39,Кому подчиняется полевая партия?,72,0.685,0.0,0.0,0.68,ПЛ-07-УИСМ
39,Кому подчиняется полевая партия?,73,0.685,0.0,0.0,0.68,ПОЛОЖЕНИЕ об уполномоченном по интегрированной системе менеджмента в отделе геологии «ПЛ-07-УИСМ»
39,Кому подчиняется полевая партия?,74,0.6839,0.0,0.0,0.68,2 Структура
39,Кому подчиняется полевая партия?,75,0.6833,0.0,0.0,0.68,ПЛ-08-УИСМ
39,Кому подчиняется полевая партия?,76,0.6833,0.0,0.0,0.68,ПОЛОЖЕНИЕ Об уполномоченном по интегрированной системе менеджмента в отделе инженерных изысканий «ПЛ-08-УИСМ»
39,Кому подчиняется полевая партия?,77,0.6832,0.0,0.0,0.68,Заключительные положения
39,Кому подчиняется полевая партия?,78,0.6831,0.0,0.0,0.68,Приложение Б
39,Кому подчиняется полевая партия?,79,0.6831,0.0,0.0,0.68,2 Область применения
39,Кому подчиняется полевая партия?,80,0.6831,0.0,0.0,0.68,1 Общие положения
39,Кому подчиняется полевая партия?,81,0.6819,0.0,0.0,0.68,11 Контроль
39,Кому подчиняется полевая партия?,82,0.6818,0.0,0.0,0.68,СОГЛАСОВАНО:
39,Кому подчиняется полевая партия?,83,0.6816,0.0,0.0,0.68,1 Назначение
39,Кому подчиняется полевая партия?,84,0.6813,0.0,0.0,0.68,1 Общие положения
39,Кому подчиняется полевая партия?,85,0.6794,0.0,0.0,0.68,1 Общие положения
39,Кому подчиняется полевая партия?,86,0.6793,0.0,0.0,0.68,СОГЛАСОВАНО:
39,Кому подчиняется полевая партия?,87,0.6792,0.0,0.0,0.68,3 Нормативные ссылки
39,Кому подчиняется полевая партия?,88,0.679,0.0,0.0,0.68,ПЛ-08-МГС
39,Кому подчиняется полевая партия?,89,0.679,0.0,0.0,0.68,Положение о маркшейдерско-геодезической службе ЗАО «ВолгоградНИПИнефть»
39,Кому подчиняется полевая партия?,90,0.6789,0.0,0.0,0.68,Приложение Г
39,Кому подчиняется полевая партия?,91,0.6784,0.0,0.0,0.68,СОГЛАСОВАНО:
39,Кому подчиняется полевая партия?,92,0.6773,0.0,0.0,0.68,2 Область применения
39,Кому подчиняется полевая партия?,93,0.6773,0.0,0.0,0.68,2 Структура
39,Кому подчиняется полевая партия?,94,0.6771,0.0,0.0,0.68,Приложение 2. Перечень регламентированных процессов информационно-технического отдела.
39,Кому подчиняется полевая партия?,95,0.6771,0.0,0.0,0.68,4 Функции
39,Кому подчиняется полевая партия?,96,0.677,0.0,0.0,0.68,1 Общие положения
39,Кому подчиняется полевая партия?,97,0.6765,0.0,0.0,0.68,1 Общие положения
39,Кому подчиняется полевая партия?,98,0.6759,0.0,0.0,0.68,Приложение 2. Перечень внутренней документации ИСМ отдела
39,Кому подчиняется полевая партия?,99,0.6759,0.0,0.0,0.68,"7 Порядок действий при внешних поставках для осуществления работ по договорам в офисе Института и внешних поставках, связанных с развитием инфраструктуры и материальных ресурсов Института"
39,Кому подчиняется полевая партия?,100,0.6758,0.0,0.0,0.68,ПЛ-05
39,Кому подчиняется полевая партия?,101,0.6746,0.0,0.0,0.67,6 Ответственность
39,Кому подчиняется полевая партия?,102,0.6745,0.0,0.0,0.67,3 Термины и определения
39,Кому подчиняется полевая партия?,103,0.6743,0.0,0.0,0.67,Приложение 3. Перечень регламентированных бизнес-процессов
39,Кому подчиняется полевая партия?,104,0.6741,0.0,0.0,0.67,2 Область применения
39,Кому подчиняется полевая партия?,105,0.6734,0.0,0.0,0.67,8 Срок и режим командировки
39,Кому подчиняется полевая партия?,106,0.6734,0.0,0.0,0.67,ПОЛОЖЕНИЕ об отделе делопроизводства и менеджмента качества «ПЛ-20»
39,Кому подчиняется полевая партия?,107,0.6734,0.0,0.0,0.67,ПЛ-20
39,Кому подчиняется полевая партия?,108,0.6733,0.0,0.0,0.67,2 Область применения
39,Кому подчиняется полевая партия?,109,0.6731,0.0,0.0,0.67,2 Область применения
39,Кому подчиняется полевая партия?,110,0.6725,0.0,0.0,0.67,7 Список приложений
39,Кому подчиняется полевая партия?,111,0.6723,0.0,0.0,0.67,"7 Ответственность за разглашение конфиденциальной информации, связанной с персональными данными"
39,Кому подчиняется полевая партия?,112,0.6722,0.0,0.0,0.67,Положения:
39,Кому подчиняется полевая партия?,113,0.6721,0.0,0.0,0.67,2 Область применения
39,Кому подчиняется полевая партия?,114,0.5013,0.0,0.5,0.0,"3.10 Заполненный бланк в электронном виде передается в архив по электронной почте, с обязательным указанием в поле «тема» ХХ - ХХ (номер отдела-номер бланка) на имя Registrator. Название бланка должно содержать номер отдела, номер бланка и идентификационные признаки проектной (отчетной) документации, например: номер договора, сокращенное наименование вида работ/название скважины/месторождения."
39,Кому подчиняется полевая партия?,115,0.8007,0.78,0.0,0.8,6 Ответственность
39,Кому подчиняется полевая партия?,116,0.7702,0.77,0.0,0.76,Приложение 1 Перечень должностных инструкций полевой партии
39,Кому подчиняется полевая партия?,117,0.7451,0.75,0.0,0.73,ПОЛОЖЕНИЕ О полевой партии отдела инженерных изысканий «ПЛ-08-ПП»
39,Кому подчиняется полевая партия?,118,0.7947,0.73,0.0,0.79,5 Права
39,Кому подчиняется полевая партия?,119,0.8303,0.66,0.0,0.83,1 Общие положения
39,Кому подчиняется полевая партия?,120,0.8406,0.65,0.0,0.84,2 Структура
39,Кому подчиняется полевая партия?,121,0.7221,0.65,0.0,0.72,3 Задачи
39,Кому подчиняется полевая партия?,122,0.6741,0.65,0.0,0.67,4 Функции
40,В каком документе описан порядок внешних поставок?,1,0.8125,0.77,0.0,0.81,"7 Порядок действий при внешних поставках для осуществления работ по договорам в офисе Института и внешних поставках, связанных с развитием инфраструктуры и материальных ресурсов Института"
40,В каком документе описан порядок внешних поставок?,2,0.7635,0.76,0.0,0.74,"6 Оценка, выбор и переоценка поставщиков."
40,В каком документе описан порядок внешних поставок?,3,0.7782,0.76,0.0,0.78,2 Область применения
40,В каком документе описан порядок внешних поставок?,4,0.7482,0.75,0.0,0.74,Примечания
40,В каком документе описан порядок внешних поставок?,5,0.7414,0.74,0.0,0.74,3 Нормативные ссылки
40,В каком документе описан порядок внешних поставок?,6,0.7175,0.72,0.0,0.69,"8 Верификация поставленной продукции, работ (услуг)"
40,В каком документе описан порядок внешних поставок?,7,0.8205,0.72,0.0,0.82,ИНСТРУКЦИЯ Внешние поставки «ИН-01-ВП»
40,В каком документе описан порядок внешних поставок?,8,0.7149,0.7,0.0,0.71,Приложение А
40,В каком документе описан порядок внешних поставок?,9,0.7953,0.69,0.0,0.8,Приложение Д
40,В каком документе описан порядок внешних поставок?,10,0.7815,0.68,0.0,0.78,5 Основные положения
40,В каком документе описан порядок внешних поставок?,11,0.7085,0.68,0.0,0.71,Приложение Г
40,В каком документе описан порядок внешних поставок?,12,0.7135,0.68,0.5,0.71,Приложение В
40,В каком документе описан порядок внешних поставок?,13,0.8186,0.67,0.0,0.82,1 Назначение
40,В каком документе описан порядок внешних поставок?,14,0.6982,0.66,0.0,0.7,СОГЛАСОВАНО:
40,В каком документе описан порядок внешних поставок?,15,0.6878,0.66,0.0,0.69,Приложение Б
40,В каком документе описан порядок внешних поставок?,16,0.747,0.59,0.0,0.75,"4 Термины, обозначения, сокращения"
41,Где прописаны правила командировок?,1,0.7938,0.79,0.0,0.79,8 Срок и режим командировки
41,Где прописаны правила командировок?,2,0.7855,0.78,0.0,0.79,7 Организация работы командированного сотрудника
41,Где прописаны правила командировок?,3,0.7916,0.78,0.0,0.79,Приложение А
41,Где прописаны правила командировок?,4,0.7717,0.77,0.0,0.77,5 Бюджет командировки
41,Где прописаны правила командировок?,5,0.7735,0.75,0.0,0.77,9 Окончание работ. Отчет о командировке
41,Где прописаны правила командировок?,6,0.7583,0.75,0.0,0.76,10 Отмена командировки
41,Где прописаны правила командировок?,7,0.8081,0.75,0.0,0.81,Приложение Г
41,Где прописаны правила командировок?,8,0.767,0.75,0.0,0.77,ПОЛОЖЕНИЕ О командировках в АО «ВолгоградНИПИнефть» «ПЛ-13-К»
41,Где прописаны правила командировок?,9,0.7813,0.74,0.0,0.78,4 Командировки
41,Где прописаны правила командировок?,10,0.7954,0.72,0.0,0.8,6 Организация командировки
41,Где прописаны правила командировок?,11,0.8088,0.7,0.0,0.81,2 Нормативные ссылки
41,Где прописаны правила командировок?,12,0.7955,0.69,0.0,0.8,1 Общие положения
41,Где прописаны правила командировок?,13,0.7722,0.66,0.0,0.77,Приложение Б
41,Где прописаны правила командировок?,14,0.7532,0.66,0.0,0.75,Приложение В
41,Где прописаны правила командировок?,15,0.7866,0.65,0.0,0.79,3 Термины и определения
41,Где прописаны правила командировок?,16,0.6728,0.64,0.0,0.67,Приложение Д
41,Где прописаны правила командировок?,17,0.7642,0.64,0.0,0.76,СОГЛАСОВАНО:
42,Что будет если превысить лимиты корпоративной мобильной связи?,1,0.9493,0.83,0.95,0.83,"6.3 При превышении установленного лимита корпоративной мобильной связи сумма расхода, не подтвержденная производственной необходимостью, подлежит либо оплате работником посредством удержания денежных средств из"
42,Что будет если превысить лимиты корпоративной мобильной связи?,2,0.9708,0.83,0.97,0.78,"4.7 В случаях, вызванных производственной необходимостью, установленный лимит корпоративной связи может быть изменен персонально. Изменение лимита производится на основании личного заявления сотрудника (Приложение</h3><p>О корпоративной мобильной связи</p><p>О корпоративной мобильной связи</p><li>Е) либо служебной записки непосредственного руководителя и приказа генерального директора с 1-го числа месяца, следующего за текущим.</li>"
42,Что будет если превысить лимиты корпоративной мобильной связи?,3,0.9597,0.82,0.96,0.79,"3.4 Лимит корпоративной мобильной связи - предельная стоимость потребляемых услуг мобильной связи, установленная в Приложении А на каждый календарный месяц."
42,Что будет если превысить лимиты корпоративной мобильной связи?,4,0.9517,0.82,0.95,0.81,"5.2 При использовании корпоративной мобильной связи расходы сверх установленного лимита, и не по назначению подлежат возмещению Институту."
42,Что будет если превысить лимиты корпоративной мобильной связи?,5,0.807,0.81,0.0,0.79,Приложение Е
42,Что будет если превысить лимиты корпоративной мобильной связи?,6,0.9111,0.8,0.91,0.76,ЗАЯВКА на предоставление корпоративной мобильной связи
42,Что будет если превысить лимиты корпоративной мобильной связи?,7,0.9833,0.79,0.98,0.77,"7 Материальная ответственность работника, использующего корпоративную SIM-карту и корпоративный мобильный аппарат"
42,Что будет если превысить лимиты корпоративной мобильной связи?,8,0.8097,0.79,0.81,0.81,ЗАЯВЛЕНИЕ
42,Что будет если превысить лимиты корпоративной мобильной связи?,9,0.8454,0.77,0.85,0.76,"1.1 Настоящее Положение разработано в целях регулирования исполнения обязанности работодателя, установленной статьей 163 Трудового кодекса Российской Федерации, с целью обеспечить нормальные условия для выполнения работниками служебных обязанностей и использования мобильной связи в деятельности АО «ВолгоградНИПИнефть» (далее по тексту - Институт). Положение определяет порядок предоставления корпоративной мобильной связи сотрудникам Института, устанавливает требования к пользованию корпоративной мобильной связью, нормы и порядок расходов на корпоративную мобильную связь."
42,Что будет если превысить лимиты корпоративной мобильной связи?,10,0.7599,0.76,0.67,0.7,"6.11 Всем дистанционным работникам выплачивается компенсация за повышенные расходы на электрическую энергию, Интернет и мобильную связь. Размер компенсации согласовывается генеральным директором и отражается в трудовом договоре или дополнительном соглашении."
42,Что будет если превысить лимиты корпоративной мобильной связи?,11,0.7371,0.74,0.0,0.72,12 Ответственность за разглашение коммерческой тайны
42,Что будет если превысить лимиты корпоративной мобильной связи?,12,0.7365,0.74,0.0,0.69,5.6 «Внешняя защита».
42,Что будет если превысить лимиты корпоративной мобильной связи?,13,0.743,0.73,0.0,0.74,"7.5 Лица, виновные в нарушении норм, регулирующих получение, обработку и защиту персональных данных работника, несут дисциплинарную, административную, гражданско-правовую или уголовную ответственность в соответствии с федеральными законами."
42,Что будет если превысить лимиты корпоративной мобильной связи?,14,0.7341,0.73,0.0,0.72,4.2 Внешний доступ.
42,Что будет если превысить лимиты корпоративной мобильной связи?,15,0.7315,0.73,0.0,0.73,11.1 Допуск работника к коммерческой тайне может быть прекращен в следующих случаях:
42,Что будет если превысить лимиты корпоративной мобильной связи?,16,0.7287,0.73,0.0,0.71,"5.1 Трудовой договор, дополнительное соглашение к трудовому договору, предусматривающие выполнение работником трудовой функции дистанционно, а также внесение изменений в эти договоры (дополнительные соглашения к трудовым договорам) и их расторжение могут заключаться путем обмена между работником (лицом, поступающим на работу) и работодателем электронными документами, а также путем личной подписи. В случае обмена между работником и работодателем электронного документооборота используются усиленная квалифицированная электронная подпись работодателя и усиленная квалифицированная электронная подпись или усиленная неквалифицированная электронная подпись работника в соответствии с законодательством Российской Федерации об электронной подписи."
42,Что будет если превысить лимиты корпоративной мобильной связи?,17,0.7364,0.73,0.0,0.74,5.1.3 Запрещается перемещать рабочие файлы без ведома руководителя отдела или сотрудников отдела ИТ.
42,Что будет если превысить лимиты корпоративной мобильной связи?,18,0.7238,0.72,0.0,0.0,7.4 Привлечение к сверхурочным работам производится работодателем с письменного согласия работника. Сверхурочные работы не должны превышать для каждого работника четырех часов в течение двух дней подряд и 120 часов в год.
42,Что будет если превысить лимиты корпоративной мобильной связи?,19,0.7237,0.72,0.0,0.71,"7.18 При выявлении обстоятельств, которые могут быть причиной нарушения условий договора со стороны ГИПа (ОИ), он обязан немедленно информировать начальника своего отдела и принять меры для выполнения условий договора."
42,Что будет если превысить лимиты корпоративной мобильной связи?,20,0.7484,0.72,0.0,0.75,"8.4 Трудовой договор с дистанционным работником может быть прекращен в случае изменения работника местности выполнения трудовой функции, если это влечет невозможность исполнения работником обязанностей по трудовому договору на прежних условиях."
42,Что будет если превысить лимиты корпоративной мобильной связи?,21,0.7217,0.72,0.0,0.71,"7.5 В Институте действует следующий порядок взаимодействия работодателя и работника, в том числе в связи с выполнением трудовой функции дистанционно, передачей результатов работы и отчетов о выполненной работе по запросам работодателя"
42,Что будет если превысить лимиты корпоративной мобильной связи?,22,0.7236,0.72,0.0,0.72,Обязательство о сохранении принимаемым на работу сотрудником коммерческой тайны АО «ВолгоградНИПИнефть».
42,Что будет если превысить лимиты корпоративной мобильной связи?,23,0.7376,0.72,0.68,0.74,2 Нормативные ссылки
42,Что будет если превысить лимиты корпоративной мобильной связи?,24,0.7456,0.72,0.0,0.75,2.3 В целях противодействия коррупции работнику рекомендуется:
42,Что будет если превысить лимиты корпоративной мобильной связи?,25,0.733,0.72,0.0,0.73,Внутреннего трудового распорядка АО «ВолгоградНИПИнефть»
42,Что будет если превысить лимиты корпоративной мобильной связи?,26,0.7189,0.72,0.0,0.0,7.1
42,Что будет если превысить лимиты корпоративной мобильной связи?,27,0.7185,0.72,0.0,0.71,Режим коммерческой тайны не может быть установлен в отношении следующих сведений:
42,Что будет если превысить лимиты корпоративной мобильной связи?,28,0.7184,0.72,0.68,0.0,Сверхурочная работа
42,Что будет если превысить лимиты корпоративной мобильной связи?,29,0.7183,0.72,0.0,0.7,7.8.4 Операционные (производственные) риски
42,Что будет если превысить лимиты корпоративной мобильной связи?,30,0.7422,0.72,0.0,0.74,"3.5 Передача персональных данных работника возможна только с согласия работника или в случаях, прямо предусмотренных законодательством"
42,Что будет если превысить лимиты корпоративной мобильной связи?,31,0.7181,0.72,0.0,0.7,"5.2 Транспортные расходы планируются, исходя из следующего:"
42,Что будет если превысить лимиты корпоративной мобильной связи?,32,0.73,0.72,0.0,0.73,"1.4 Настоящее Положение утверждается и вводится в действие приказом генерального директора и является обязательным для исполнения всеми работниками, имеющими доступ к персональным данным сотрудников."
42,Что будет если превысить лимиты корпоративной мобильной связи?,33,0.7158,0.72,0.0,0.0,6.2
42,Что будет если превысить лимиты корпоративной мобильной связи?,34,0.7157,0.72,0.0,0.0,"1.9 Кодекс закрепляет общие ценности, принципы и правила поведения, такие как:"
42,Что будет если превысить лимиты корпоративной мобильной связи?,35,0.7156,0.72,0.0,0.7,"4 Термины, обозначения, сокращения"
42,Что будет если превысить лимиты корпоративной мобильной связи?,36,0.7278,0.71,0.0,0.73,"9.7 Незамедлительно сообщать соответствующему должностному лицу Института об утрате или недостаче носителей информации, составляющих коммерческую тайну, удостоверений, пропусков, ключей от помещений, хранилищ, сейфов, личных печатей и о других фактах, которые могут привести к разглашению коммерческой тайны Института, а также о причинах и условиях возможной утечки коммерческой тайны."
42,Что будет если превысить лимиты корпоративной мобильной связи?,37,0.7466,0.0,0.0,0.75,СОГЛАСОВАНО:
42,Что будет если превысить лимиты корпоративной мобильной связи?,38,0.7384,0.0,0.0,0.74,5 Ответственность
42,Что будет если превысить лимиты корпоративной мобильной связи?,39,0.8258,0.0,0.83,0.74,ПОЛОЖЕНИЕ О корпоративной мобильной связи в АО «ВолгоградНИПИнефть» «ПЛ-13-КМС»
42,Что будет если превысить лимиты корпоративной мобильной связи?,40,0.8113,0.0,0.81,0.74,ПЛ-13-КМС
42,Что будет если превысить лимиты корпоративной мобильной связи?,41,0.7316,0.0,0.0,0.73,5 Ответственность
42,Что будет если превысить лимиты корпоративной мобильной связи?,42,0.7304,0.0,0.0,0.73,5 Ответственности
42,Что будет если превысить лимиты корпоративной мобильной связи?,43,0.7272,0.0,0.0,0.73,6 Ответственность
42,Что будет если превысить лимиты корпоративной мобильной связи?,44,0.7256,0.0,0.0,0.73,Отдел несет ответственность за:
42,Что будет если превысить лимиты корпоративной мобильной связи?,45,0.7231,0.0,0.0,0.72,Приложение Г
42,Что будет если превысить лимиты корпоративной мобильной связи?,46,0.7201,0.0,0.65,0.72,5 Защита персональных данных
42,Что будет если превысить лимиты корпоративной мобильной связи?,47,0.7201,0.0,0.7,0.72,Размер материальной помощи
42,Что будет если превысить лимиты корпоративной мобильной связи?,48,0.719,0.0,0.66,0.72,6 Ответственность
42,Что будет если превысить лимиты корпоративной мобильной связи?,49,0.7108,0.0,0.0,0.71,Отдел несет ответственность за:
42,Что будет если превысить лимиты корпоративной мобильной связи?,50,0.7104,0.0,0.0,0.71,Ответственность работников за нарушение трудовой дисциплины
42,Что будет если превысить лимиты корпоративной мобильной связи?,51,0.7091,0.0,0.0,0.71,Внутреннего трудового распорядка АО «ВолгоградНИПИнефть»
42,Что будет если превысить лимиты корпоративной мобильной связи?,52,0.7078,0.0,0.0,0.71,12 Ответственность
42,Что будет если превысить лимиты корпоративной мобильной связи?,53,0.7075,0.0,0.0,0.71,решений
42,Что будет если превысить лимиты корпоративной мобильной связи?,54,0.7072,0.0,0.0,0.71,6 Организация командировки
42,Что будет если превысить лимиты корпоративной мобильной связи?,55,0.7066,0.0,0.0,0.71,Внутреннего трудового распорядка АО «ВолгоградНИПИнефть»
42,Что будет если превысить лимиты корпоративной мобильной связи?,56,0.7063,0.0,0.0,0.71,2 Область применения
42,Что будет если превысить лимиты корпоративной мобильной связи?,57,0.7037,0.0,0.0,0.7,7 Порядок отнесения сведений к коммерческой тайне
42,Что будет если превысить лимиты корпоративной мобильной связи?,58,0.7033,0.0,0.0,0.7,Ответственность работодателя за нарушение прав работников
42,Что будет если превысить лимиты корпоративной мобильной связи?,59,0.7031,0.0,0.0,0.7,9 Окончание работ. Отчет о командировке
42,Что будет если превысить лимиты корпоративной мобильной связи?,60,0.7024,0.0,0.0,0.7,Приложение 2. Перечень регламентированных процессов информационно-технического отдела.
42,Что будет если превысить лимиты корпоративной мобильной связи?,61,0.7022,0.0,0.0,0.7,Время отдыха
42,Что будет если превысить лимиты корпоративной мобильной связи?,62,0.7012,0.0,0.0,0.7,Приложение В
42,Что будет если превысить лимиты корпоративной мобильной связи?,63,0.7005,0.0,0.0,0.7,5 Защита персональных данных
42,Что будет если превысить лимиты корпоративной мобильной связи?,64,0.7002,0.0,0.0,0.7,Основные права и обязанности работников
42,Что будет если превысить лимиты корпоративной мобильной связи?,65,0.7001,0.0,0.0,0.7,2 Область применения
42,Что будет если превысить лимиты корпоративной мобильной связи?,66,0.7001,0.0,0.0,0.7,13 Заключительное положение
42,Что будет если превысить лимиты корпоративной мобильной связи?,67,0.6992,0.0,0.0,0.7,Рабочее время и его использование
42,Что будет если превысить лимиты корпоративной мобильной связи?,68,0.6986,0.0,0.0,0.7,Назначение и область применения
42,Что будет если превысить лимиты корпоративной мобильной связи?,69,0.6983,0.0,0.0,0.7,10 Порядок допуска к коммерческой тайне
42,Что будет если превысить лимиты корпоративной мобильной связи?,70,0.6981,0.0,0.0,0.7,1 Назначение
42,Что будет если превысить лимиты корпоративной мобильной связи?,71,0.6959,0.0,0.0,0.7,2 Нормативные ссылки
42,Что будет если превысить лимиты корпоративной мобильной связи?,72,0.6955,0.0,0.0,0.7,3 Обработка персональных данных
42,Что будет если превысить лимиты корпоративной мобильной связи?,73,0.6953,0.0,0.0,0.7,2 Квалификационные требования
42,Что будет если превысить лимиты корпоративной мобильной связи?,74,0.6952,0.0,0.0,0.7,8 Срок и режим командировки
42,Что будет если превысить лимиты корпоративной мобильной связи?,75,0.695,0.0,0.0,0.7,2 Квалификационные требования
42,Что будет если превысить лимиты корпоративной мобильной связи?,76,0.6945,0.0,0.0,0.69,7 Организация работы командированного сотрудника
42,Что будет если превысить лимиты корпоративной мобильной связи?,77,0.6934,0.0,0.0,0.69,4 Командировки
42,Что будет если превысить лимиты корпоративной мобильной связи?,78,0.6932,0.0,0.0,0.69,Внутреннего трудового распорядка АО «ВолгоградНИПИнефть»
42,Что будет если превысить лимиты корпоративной мобильной связи?,79,0.6931,0.0,0.0,0.69,Заключительные положения
42,Что будет если превысить лимиты корпоративной мобильной связи?,80,0.6931,0.0,0.0,0.69,8 Требования к транспортированию отходов
42,Что будет если превысить лимиты корпоративной мобильной связи?,81,0.8796,0.0,0.88,0.0,"4.7 Формирование архива сканов договорной документации (договоры, дополнительные соглашения, акты сдачи-приемки выполненных работ)."
42,Что будет если превысить лимиты корпоративной мобильной связи?,82,0.8673,0.0,0.87,0.0,6.2 Оценка существенности экологических аспектов по суммарному количеству баллов
42,Что будет если превысить лимиты корпоративной мобильной связи?,83,0.8496,0.0,0.85,0.0,7 Последовательность формирования реестров экологических аспектов
42,Что будет если превысить лимиты корпоративной мобильной связи?,84,0.8478,0.0,0.85,0.0,5.3 Идентификация экологических аспектов
42,Что будет если превысить лимиты корпоративной мобильной связи?,85,0.8418,0.0,0.84,0.0,Проекты договоров
42,Что будет если превысить лимиты корпоративной мобильной связи?,86,0.8361,0.0,0.84,0.0,"Оформление договоров на выполнение работ, оказание услуг"
42,Что будет если превысить лимиты корпоративной мобильной связи?,87,0.8253,0.0,0.83,0.0,Приложение 6. Формы журналов отдела
42,Что будет если превысить лимиты корпоративной мобильной связи?,88,0.7708,0.0,0.77,0.0,5.1 Последовательность идентификации экологических аспектов
42,Что будет если превысить лимиты корпоративной мобильной связи?,89,0.7639,0.0,0.76,0.0,"6.5 Работники ставят работодателя в известность об изменении фамилии, имени, отчества, даты рождения, что получает отражение в трудовой книжке на основании представленных документов. При необходимости изменяются данные об образовании, профессии, специальности, присвоении нового разряда, адреса регистрации и пр."
42,Что будет если превысить лимиты корпоративной мобильной связи?,90,0.7395,0.0,0.74,0.0,Идентификация экологических аспектов
42,Что будет если превысить лимиты корпоративной мобильной связи?,91,0.7355,0.0,0.74,0.0,Маркетинговая информация
42,Что будет если превысить лимиты корпоративной мобильной связи?,92,0.7309,0.0,0.73,0.0,"4 Термины, обозначения"
42,Что будет если превысить лимиты корпоративной мобильной связи?,93,0.7003,0.0,0.7,0.0,1.1 Договорной отдел (далее по тексту - Отдел) является структурным подразделением АО «ВолгоградНИПИнефть» (далее по тексту - Институт).
42,Что будет если превысить лимиты корпоративной мобильной связи?,94,0.6881,0.0,0.69,0.0,3 Нормативные ссылки
42,Что будет если превысить лимиты корпоративной мобильной связи?,95,0.685,0.0,0.69,0.0,ПОЛОЖЕНИЕ Об уполномоченном по интегрированной системе менеджмента в отделе инженерных изысканий «ПЛ-08-УИСМ»
42,Что будет если превысить лимиты корпоративной мобильной связи?,96,0.6822,0.0,0.68,0.0,Итоговый реестр существенных экологических аспектов
42,Что будет если превысить лимиты корпоративной мобильной связи?,97,0.6764,0.0,0.68,0.0,ПЛ-08-УИСМ
42,Что будет если превысить лимиты корпоративной мобильной связи?,98,0.6668,0.0,0.67,0.0,Процедура Идентификация экологических аспектов ПР-6.1.2-ИЭА
42,Что будет если превысить лимиты корпоративной мобильной связи?,99,0.6606,0.0,0.66,0.0,ПР-6.1.2-ИЭА
42,Что будет если превысить лимиты корпоративной мобильной связи?,100,0.6479,0.0,0.65,0.0,4.1 Термины.
42,Что будет если превысить лимиты корпоративной мобильной связи?,101,0.6477,0.0,0.65,0.0,1 Назначение
42,Что будет если превысить лимиты корпоративной мобильной связи?,102,0.8278,0.82,0.75,0.83,6 Нормы и порядок возмещения перерасхода лимита корпоративной мобильной связи
42,Что будет если превысить лимиты корпоративной мобильной связи?,103,0.807,0.81,0.6,0.79,Приложение Е
42,Что будет если превысить лимиты корпоративной мобильной связи?,104,0.819,0.8,0.82,0.81,5 Правила пользования корпоративной мобильной связью
42,Что будет если превысить лимиты корпоративной мобильной связи?,105,0.7946,0.79,0.79,0.77,"7 Материальная ответственность работника, использующего корпоративную SIM-карту и корпоративный мобильный аппарат"
42,Что будет если превысить лимиты корпоративной мобильной связи?,106,0.8726,0.79,0.87,0.78,4 Порядок предоставления корпоративной мобильной связи
42,Что будет если превысить лимиты корпоративной мобильной связи?,107,0.8097,0.76,0.81,0.81,Приложение Д
42,Что будет если превысить лимиты корпоративной мобильной связи?,108,0.7376,0.72,0.68,0.74,2 Нормативные ссылки
42,Что будет если превысить лимиты корпоративной мобильной связи?,109,0.8258,0.71,0.83,0.74,ПОЛОЖЕНИЕ О корпоративной мобильной связи в АО «ВолгоградНИПИнефть» «ПЛ-13-КМС»
42,Что будет если превысить лимиты корпоративной мобильной связи?,110,0.7582,0.7,0.64,0.76,Приложение А
42,Что будет если превысить лимиты корпоративной мобильной связи?,111,0.7606,0.67,0.0,0.76,1 Общие положения
42,Что будет если превысить лимиты корпоративной мобильной связи?,112,0.7012,0.66,0.0,0.7,Приложение В
42,Что будет если превысить лимиты корпоративной мобильной связи?,113,0.791,0.66,0.0,0.79,3 Термины и определения
42,Что будет если превысить лимиты корпоративной мобильной связи?,114,0.7466,0.66,0.0,0.75,СОГЛАСОВАНО:
42,Что будет если превысить лимиты корпоративной мобильной связи?,115,0.7231,0.65,0.0,0.72,Приложение Г
42,Что будет если превысить лимиты корпоративной мобильной связи?,116,0.6288,0.61,0.0,0.63,Приложение Б
43,Что входит в персональные данные сотрудников?,1,0.8817,0.86,0.64,0.88,"2.1 Персональные данные работника - информация, необходимая работодателю в связи с трудовыми отношениями и касающиеся конкретного работника. Под информацией о работниках понимаются сведения о фактах, событиях и обстоятельствах жизни работника, позволяющие идентифицировать его личность."
43,Что входит в персональные данные сотрудников?,2,0.836,0.84,0.57,0.78,5.5 «Внутренняя защита».
43,Что входит в персональные данные сотрудников?,3,0.8262,0.83,0.6,0.82,4.1 Внутренний доступ (доступ внутри организации).
43,Что входит в персональные данные сотрудников?,4,0.8209,0.82,0.0,0.77,Перечень сведений конфиденциального характера
43,Что входит в персональные данные сотрудников?,5,0.8184,0.82,0.54,0.81,3.2 В целях обеспечения прав и свобод человека и гражданина работодатель и его представители при обработке персональных данных работника обязаны соблюдать следующие общие требования:
43,Что входит в персональные данные сотрудников?,6,0.8111,0.81,0.54,0.81,"3.6 Все меры конфиденциальности при сборе, обработке и хранении персональных данных сотрудника распространяются как на бумажные, так и на электронные (автоматизированные) носители информации"
43,Что входит в персональные данные сотрудников?,7,0.8158,0.81,0.63,0.82,"7.5 Лица, виновные в нарушении норм, регулирующих получение, обработку и защиту персональных данных работника, несут дисциплинарную, административную, гражданско-правовую или уголовную ответственность в соответствии с федеральными законами."
43,Что входит в персональные данные сотрудников?,8,0.8082,0.8,0.0,0.81,"6.3 В целях защиты персональных данных, хранящихся у работодателя, работник имеет право:"
43,Что входит в персональные данные сотрудников?,9,0.8183,0.8,0.56,0.82,"5.7 Все лица, связанные с получением, обработкой и защитой перс่านных данных, обязаны подписать обязательство о неразглашении персональных данных работников."
43,Что входит в персональные данные сотрудников?,10,0.8208,0.8,0.61,0.82,"1.1 Целью данного Положения является защита перс่านльных данных работников от несанкционированного доступа, неправомерного их использования или утраты."
43,Что входит в персональные данные сотрудников?,11,0.8212,0.8,0.0,0.82,"5.3 Защита персональных данных представляет собой жестко регламентированный и динамически технологический процесс, предупреждающий нарушение доступности, целостности, достоверности и конфиденциальности персональных данных и, в конечном счете, обеспечивающий достаточно надежную безопасность информации в процессе управленческой и производственной деятельности компании."
43,Что входит в персональные данные сотрудников?,12,0.7909,0.79,0.56,0.74,"3.1 В служебном поведении работнику необходимо исходить из конституционных положений о том, что человек, его права и свободы являются высшей ценностью, и каждый гражданин имеет право на неприкосновенность частной жизни, личную и семейную тайну, защиту чести, достоинства, своего доброго имени."
43,Что входит в персональные данные сотрудников?,13,0.7843,0.78,0.0,0.75,АО «ВолгоградНИПИнефть» Положение «ПЛ-20-ЗПДР»
43,Что входит в персональные данные сотрудников?,14,0.7833,0.78,0.55,0.77,"6.5 Перечень оборудования, программно-технических средств, средств защиты информации и иных средств, по каждому сотруднику согласовывается генеральным директором индивидуально, исходя из должностной инструкции работника."
43,Что входит в персональные данные сотрудников?,15,0.782,0.78,0.0,0.0,"4.15 Ведение учета личного состава работников, оформление личных дел, подготовка и выдача по требованию работника справок и копий документов."
43,Что входит в персональные данные сотрудников?,16,0.7801,0.78,0.0,0.77,"9.2 Выполнять относящиеся к работнику требования приказов, инструкций и положений по обеспечению сохранности коммерческой тайны Института и их носителей, соблюдать порядок работы и хранения в отношении документов, содержащих коммерческую тайну, порядок сдачи помещений под охрану и приема из-под охраны, порядок доступа и работы с персональными компьютерами и иной электронной техникой."
43,Что входит в персональные данные сотрудников?,17,0.7773,0.78,0.0,0.76,Приложение 3. Кадровая документация отдела
43,Что входит в персональные данные сотрудников?,18,0.7722,0.77,0.0,0.76,Режим коммерческой тайны не может быть установлен в отношении следующих сведений:
43,Что входит в персональные данные сотрудников?,19,0.7736,0.77,0.0,0.77,"2.4 Работник  может  обрабатывать  и  передавать  служебную  информацию  при соблюдении  действующих  в  Институте  норм  и  требований,  принятых  в соответствии с законодательством Российской Федерации."
43,Что входит в персональные данные сотрудников?,20,0.7707,0.77,0.0,0.77,ПОЛОЖЕНИЕ О защите персональных данных работников «ПЛ-2-ЗПДР»
43,Что входит в персональные данные сотрудников?,21,0.7724,0.77,0.56,0.77,"6.5 Разглашение конфиденциальной информации, информации являющейся коммерческой тайной, персональных данных сотрудников Института."
43,Что входит в персональные данные сотрудников?,22,0.7636,0.76,0.0,0.0,Порядок приема и увольнения работников
43,Что входит в персональные данные сотрудников?,23,0.7619,0.76,0.0,0.74,Приложение 2. Перечень внутренней документации ИСМ отдела
43,Что входит в персональные данные сотрудников?,24,0.7609,0.76,0.0,0.75,7.1 Распределение документов.
43,Что входит в персональные данные сотрудников?,25,0.7608,0.76,0.0,0.0,6 Управление внутренними документами
43,Что входит в персональные данные сотрудников?,26,0.7604,0.76,0.0,0.0,Общие сведения
43,Что входит в персональные данные сотрудников?,27,0.7582,0.76,0.0,0.0,"Регистрация, учет, архивирование и хранение поступающей геолого-технической информации, выполненных отчетов, нормативных документов"
43,Что входит в персональные данные сотрудников?,28,0.758,0.76,0.56,0.75,"7.5 В Институте действует следующий порядок взаимодействия работодателя и работника, в том числе в связи с выполнением трудовой функции дистанционно, передачей результатов работы и отчетов о выполненной работе по запросам работодателя"
43,Что входит в персональные данные сотрудников?,29,0.758,0.76,0.0,0.74,"7.9 Работодатель обязан вести учет рабочего времени, фактически отработанного каждым сотрудником."
43,Что входит в персональные данные сотрудников?,30,0.7574,0.76,0.0,0.0,Ответственность работников за нарушение трудовой дисциплины
43,Что входит в персональные данные сотрудников?,31,0.7573,0.76,0.55,0.74,7.2 Средства корпоративной мобильной связи (SIM-карта и/или мобильный аппарат) передаются работнику по акту приема-передачи. В день увольнения работник обязан вернуть SIM-карту и/или мобильный аппарат по акту приема-передачи материальных ценностей и/или переоформить SIM-карту в личное пользование.
43,Что входит в персональные данные сотрудников?,32,0.7695,0.76,0.0,0.77,Приложение Г
43,Что входит в персональные данные сотрудников?,33,0.7554,0.76,0.0,0.74,"8 Сведения, составляющие коммерческую тайну"
43,Что входит в персональные данные сотрудников?,34,0.7597,0.75,0.0,0.76,"4.5 На всех работников, проработавших в Институте свыше пяти дней, ведутся трудовые книжки, если работа в этом Институте является для работника основной."
43,Что входит в персональные данные сотрудников?,35,0.7545,0.75,0.0,0.74,5.2 Требовать от руководителей структурных подразделений:
43,Что входит в персональные данные сотрудников?,36,0.7542,0.75,0.0,0.74,"Порядок приемки, регистрации и архивирования источников информации."
43,Что входит в персональные данные сотрудников?,37,0.7566,0.75,0.0,0.76,Внутреннего трудового распорядка АО «ВолгоградНИПИнефть»
43,Что входит в персональные данные сотрудников?,38,0.7534,0.75,0.0,0.0,3.3 Обеспечение доступа работников к базам данных общего пользования.
43,Что входит в персональные данные сотрудников?,39,0.7528,0.75,0.0,0.74,ЗАЯВКА на предоставление корпоративной мобильной связи
43,Что входит в персональные данные сотрудников?,40,0.7707,0.75,0.0,0.77,ПЛ-20-ЗПДР
43,Что входит в персональные данные сотрудников?,41,0.7519,0.75,0.0,0.74,"4 Термины, обозначения, сокращения"
43,Что входит в персональные данные сотрудников?,42,0.7755,0.0,0.0,0.78,Порядок работы
43,Что входит в персональные данные сотрудников?,43,0.7592,0.0,0.0,0.76,5 Правила работы с файлами
43,Что входит в персональные данные сотрудников?,44,0.7572,0.0,0.0,0.76,2 Область применения
43,Что входит в персональные данные сотрудников?,45,0.756,0.0,0.58,0.76,5 Порядок приема и перевода работника на дистанционную работу
43,Что входит в персональные данные сотрудников?,46,0.7559,0.0,0.0,0.76,2 Область применения
43,Что входит в персональные данные сотрудников?,47,0.7551,0.0,0.0,0.76,Приложение 3. Перечень документированной информации информационно-технического отдела.
43,Что входит в персональные данные сотрудников?,48,0.7547,0.0,0.0,0.75,3 Нормативные ссылки
43,Что входит в персональные данные сотрудников?,49,0.7532,0.0,0.0,0.75,6 Понятие коммерческой тайны
43,Что входит в персональные данные сотрудников?,50,0.7515,0.0,0.0,0.75,7 Порядок отнесения сведений к коммерческой тайне
43,Что входит в персональные данные сотрудников?,51,0.7488,0.0,0.0,0.75,10 Порядок допуска к коммерческой тайне
43,Что входит в персональные данные сотрудников?,52,0.7488,0.0,0.0,0.75,Отдел несет ответственность за:
43,Что входит в персональные данные сотрудников?,53,0.748,0.0,0.56,0.75,"8 Иные положения, связанные с организацией труда дистанционных работников"
43,Что входит в персональные данные сотрудников?,54,0.7473,0.0,0.0,0.75,2 Область применения
43,Что входит в персональные данные сотрудников?,55,0.7451,0.0,0.0,0.75,Приложение 2. Перечень регламентированных процессов информационно-технического отдела.
43,Что входит в персональные данные сотрудников?,56,0.7449,0.0,0.0,0.74,Приложение 2. Перечень внутренней документации ИСМ отдела
43,Что входит в персональные данные сотрудников?,57,0.7447,0.0,0.0,0.74,11 . Порядок прекращения допуска к коммерческой тайне
43,Что входит в персональные данные сотрудников?,58,0.7445,0.0,0.58,0.74,1 Общие положения
43,Что входит в персональные данные сотрудников?,59,0.7434,0.0,0.0,0.74,Приложение 1 Перечень должностных инструкций полевой партии
43,Что входит в персональные данные сотрудников?,60,0.7434,0.0,0.56,0.74,Общие положения
43,Что входит в персональные данные сотрудников?,61,0.7426,0.0,0.0,0.74,"2 ОСНОВНЫЕ ОБЯЗАННОСТИ, ПРИНЦИПЫ И ПРАВИЛА СЛУЖЕБНОГО ПОВЕДЕНИЯ РАБОТНИКОВ"
43,Что входит в персональные данные сотрудников?,62,0.7424,0.0,0.0,0.74,Приложение 2. Перечень внутренней документации
43,Что входит в персональные данные сотрудников?,63,0.7421,0.0,0.0,0.74,4 Права доступа к каталогам
43,Что входит в персональные данные сотрудников?,64,0.7414,0.0,0.0,0.74,Приложение 5. Шаблоны бланков документированной информации отдела.
43,Что входит в персональные данные сотрудников?,65,0.7411,0.0,0.0,0.74,7 Список приложений
43,Что входит в персональные данные сотрудников?,66,0.7408,0.0,0.0,0.74,13 Заключительное положение
43,Что входит в персональные данные сотрудников?,67,0.7402,0.0,0.0,0.74,Основные права и обязанности работников
43,Что входит в персональные данные сотрудников?,68,0.7401,0.0,0.0,0.74,Приложение 4. Перечень документированной информации отдела
43,Что входит в персональные данные сотрудников?,69,0.7387,0.0,0.0,0.74,Приложение 4. Перечень внутренней документации ИСМ отдела
43,Что входит в персональные данные сотрудников?,70,0.7387,0.0,0.0,0.74,6 Ответственность
43,Что входит в персональные данные сотрудников?,71,0.7386,0.0,0.0,0.74,2 Структура
43,Что входит в персональные данные сотрудников?,72,0.7384,0.0,0.0,0.74,ИН-20-ДО
43,Что входит в персональные данные сотрудников?,73,0.7384,0.0,0.0,0.74,ИНСТРУКЦИЯ Организация работ по документообороту «ИН-20-ДО»
43,Что входит в персональные данные сотрудников?,74,0.7384,0.0,0.59,0.74,4 Порядок предоставления корпоративной мобильной связи
43,Что входит в персональные данные сотрудников?,75,0.7384,0.0,0.0,0.74,1 Назначение
43,Что входит в персональные данные сотрудников?,76,0.7382,0.0,0.0,0.74,6 Ответственность
43,Что входит в персональные данные сотрудников?,77,0.7378,0.0,0.0,0.74,12 Ответственность за разглашение коммерческой тайны
43,Что входит в персональные данные сотрудников?,78,0.7374,0.0,0.0,0.74,Назначение и область применения
43,Что входит в персональные данные сотрудников?,79,0.7374,0.0,0.0,0.74,Приложение В
43,Что входит в персональные данные сотрудников?,80,0.7373,0.0,0.0,0.74,Приложение Д
43,Что входит в персональные данные сотрудников?,81,0.7363,0.0,0.0,0.74,5 Правила пользования корпоративной мобильной связью
43,Что входит в персональные данные сотрудников?,82,0.735,0.0,0.0,0.74,2 Область применения
43,Что входит в персональные данные сотрудников?,83,0.6327,0.0,0.63,0.0,4 Полномочия и права
43,Что входит в персональные данные сотрудников?,84,0.6196,0.0,0.62,0.0,Журнал авансовые платежи
43,Что входит в персональные данные сотрудников?,85,0.6056,0.0,0.61,0.0,1.3 В своей деятельности Отдел руководствуется:
43,Что входит в персональные данные сотрудников?,86,0.604,0.0,0.6,0.0,1 Назначение
43,Что входит в персональные данные сотрудников?,87,0.5924,0.0,0.59,0.0,6.1 Методика оценки экологических аспектов
43,Что входит в персональные данные сотрудников?,88,0.5888,0.0,0.59,0.0,4.1 Термины.
43,Что входит в персональные данные сотрудников?,89,0.5839,0.0,0.58,0.0,5 Идентификация всех возможных экологических аспектов
43,Что входит в персональные данные сотрудников?,90,0.5832,0.0,0.58,0.0,"5.2 Во взаимоотношениях с государственными и муниципальными органами, а также другими предприятиями, организациями, учреждениями, представительствовать в установленном порядке от имени Института по вопросам, относящимся к компетенции Отдела."
43,Что входит в персональные данные сотрудников?,91,0.5797,0.0,0.58,0.0,2.2 Выполнение процедуры является обязательным для всех сотрудников Института.
43,Что входит в персональные данные сотрудников?,92,0.5709,0.0,0.57,0.0,"1.4 Уполномоченный по ИСМ в своей деятельности руководствуется законами и нормативно-правовыми актами РФ, приказами и указаниями руководства АО «ВолгоградНИПИнефть» (далее по тексту Институт), методическими, нормативными и другими руководящими материалами по вопросам интегрированной системы менеджмента, политиками Института, требованиями национальных стандартов ГОСТ Р ИСО 9001-2015 и ГОСТ Р ИСО 14001-2016, документацией ИСМ Института."
43,Что входит в персональные данные сотрудников?,93,0.5704,0.0,0.57,0.0,3 Термины и определения
43,Что входит в персональные данные сотрудников?,94,0.5701,0.0,0.57,0.0,АКТ
43,Что входит в персональные данные сотрудников?,95,0.5653,0.0,0.57,0.0,7 Последовательность формирования реестров экологических аспектов
43,Что входит в персональные данные сотрудников?,96,0.5626,0.0,0.56,0.0,1.7 В целях экономии расходов по оплате услуг связи работники подключаются к корпоративному тарифному плану на условиях льготной тарификации по оптимальному тарифу в пределах установленного лимита.
43,Что входит в персональные данные сотрудников?,97,0.5611,0.0,0.56,0.0,Компьютерная справочная правовая система ГАРАНТ
43,Что входит в персональные данные сотрудников?,98,0.5604,0.0,0.56,0.0,"3.1 В порядке исключения , работы/услуги, предусмотренные РД, могут быть оплачены, не дожидаясь его подписания. Оплата производится главным бухгалой на основании счета исполнителя."
43,Что входит в персональные данные сотрудников?,99,0.5597,0.0,0.56,0.0,"Материальная помощь прочая (юбилеи, праздники и т.п.)"
43,Что входит в персональные данные сотрудников?,100,0.5596,0.0,0.56,0.0,6.1 Сбор и анализ информации о проводимых тендерах.
43,Что входит в персональные данные сотрудников?,101,0.5595,0.0,0.56,0.0,Сверхурочная работа
43,Что входит в персональные данные сотрудников?,102,0.5587,0.0,0.56,0.0,12 Перечень нормативных документов по контролю качества выпускаемой продукции
43,Что входит в персональные данные сотрудников?,103,0.557,0.0,0.56,0.0,"3.7 Обеспечивать качество проектных работ, а также качество других выпускаемых документов в соответствии с нормами и правилами, стандартами, техническими условиями и техническим заданием"
43,Что входит в персональные данные сотрудников?,104,0.5556,0.0,0.56,0.0,4 Система оплаты труда
43,Что входит в персональные данные сотрудников?,105,0.5551,0.0,0.56,0.0,"5.10 В своей деятельности при выполнении главных задач и основных функций работники маркшейдерско-геодезической службы руководствуются законами Российской Федерации, указами Президента Российской Федерации, постановлениями и распоряжениями Правительства Российской Федерации, настоящим Положением и нормативно-методическими документами, утвержденными Госгортехнадзором России или Федеральной службой по экологическому, технологическому и атомному надзору Российской Федерации."
43,Что входит в персональные данные сотрудников?,106,0.5519,0.0,0.55,0.0,"3.4 Своевременное и качественное проведение (по договору) предусмотренного  нормативными  требованиями  комплекса  маркшейдерских работ, достаточных для обеспечения безопасного ведения работ, связанных с пользованием недрами, наиболее полного извлечения из недр запасов залегающих полезных ископаемых, обеспечения технологического цикла горных, строительно-монтажных и иных видов работ, а также для прогнозирования опасных ситуаций при проведении таких работ."
43,Что входит в персональные данные сотрудников?,107,0.5478,0.0,0.55,0.0,7. Книга учета листков нетрудоспособности:
43,Что входит в персональные данные сотрудников?,108,0.5463,0.0,0.55,0.0,Идентификация экологических аспектов
43,Что входит в персональные данные сотрудников?,109,0.5429,0.0,0.54,0.0,"4 Термины, обозначения"
43,Что входит в персональные данные сотрудников?,110,0.5425,0.0,0.54,0.0,3.2 Консультировать сотрудников отдела по вопросам интегрированной системы менеджмента и разработке документации ИСМ
43,Что входит в персональные данные сотрудников?,111,0.5423,0.0,0.54,0.0,"5.7 Записи результатов оценивания и любых необходимых действий, вытекающих из оценки, поддерживаются в рабочем состоянии. Периодически анализируется результативность системы внешних поставок, предпринимаются корректирующие действия, разрабатываются риски и возможности."
43,Что входит в персональные данные сотрудников?,112,0.5376,0.0,0.54,0.0,"1.6 Структура и штат МГС устанавливается исходя из необходимости своевременного, качественного и в установленные требованиями нормативных документов сроки выполнения комплекса маркшейдерских работ, необходимого при проектировании, строительстве, эксплуатации, реконструкции, консервации и ликвидации объектов нефтегазовой отрасли, с учетом видов полезного ископаемого, геологического строения месторождения, горнотехнических и гидрогеологических факторов, объемов и технологии ведения горных, строительно-монтажных и строительных работ, площади горного и земельного отводов, их застроенности и климатических условий региона. Численность МГС определяется в соответствии с методикой, которую утверждает генеральный директор Общества по согласованию с Федеральной службой по экологическому, технологическому и атомному надзору, либо его территориальном органом. На руководителя Общества возлагается ответственность за укомплектование отдела необходимым штатом инженернотехнических работников и рабочих, обеспечение ее специально оборудованными помещениями, автотранспортом, инструментами, приборами и материалами, и современной вычислительной техникой (персональными компьютерами с необходимыми программным обеспечением, средствами измерения и контроля, графопостроителями и др.)."
43,Что входит в персональные данные сотрудников?,113,0.5347,0.0,0.53,0.0,"8.7 Оборудованию, поступившему на баланс Института, присваиваются инвентарные номера, и ведётся его регистрация в УФО."
43,Что входит в персональные данные сотрудников?,114,0.5344,0.0,0.53,0.0,"4.29 Изучение мирового и отечественного опыта применения новых технологий, материалов и оборудования в области маркшейдерии и инженерных изысканий."
43,Что входит в персональные данные сотрудников?,115,0.534,0.0,0.53,0.0,2.5 Должностная инструкция начальника и сотрудников Отдела утверждается генеральным директором Института.
43,Что входит в персональные данные сотрудников?,116,0.5336,0.0,0.53,0.0,"1.14 Комплект обязательной горно-графической маркшейдерско-геодезической документации при проектировании, консервации, ликвидации объектов выполненной Обществом для Заказчика в нефтегазодобывающей, нефтегазотранспортной или нефтегазоперерабатывающей отраслях подлежит постоянному хранению в архиве ЗАО «ВолгоградНИПИнефть», в Государственных Архивных фондах Российской Федерации. Порядок учета, хранения и пользования документацией регламентируется установленными требованиями."
43,Что входит в персональные данные сотрудников?,117,0.8817,0.86,0.52,0.88,2 Понятие и состав персональных данных
43,Что входит в персональные данные сотрудников?,118,0.8132,0.8,0.51,0.81,3 Обработка персональных данных
43,Что входит в персональные данные сотрудников?,119,0.8069,0.79,0.5,0.81,3 Обработка персональных данных
43,Что входит в персональные данные сотрудников?,120,0.8183,0.77,0.0,0.82,5 Защита персональных данных
43,Что входит в персональные данные сотрудников?,121,0.8212,0.77,0.0,0.82,5 Защита персональных данных
43,Что входит в персональные данные сотрудников?,122,0.8158,0.77,0.63,0.82,"7 Ответственность за разглашение конфиденциальной информации, связанной с персональными данными"
43,Что входит в персональные данные сотрудников?,123,0.8164,0.77,0.54,0.82,4 Доступ к персональным данным
43,Что входит в персональные данные сотрудников?,124,0.7707,0.77,0.52,0.77,ПОЛОЖЕНИЕ О защите персональных данных работников «ПЛ-2-ЗПДР»
43,Что входит в персональные данные сотрудников?,125,0.7809,0.75,0.0,0.78,5 Защита персональных данных
43,Что входит в персональные данные сотрудников?,126,0.8082,0.74,0.0,0.81,6 Права и обязанности работника
43,Что входит в персональные данные сотрудников?,127,0.8208,0.7,0.0,0.82,1 Общие положения
43,Что входит в персональные данные сотрудников?,128,0.7063,0.69,0.0,0.71,Лист регистрации изменений
43,Что входит в персональные данные сотрудников?,129,0.7505,0.68,0.0,0.75,СОГЛАСОВАНО:
44,Какие данные являются персональными?,1,0.846,0.85,0.0,0.78,Перечень сведений конфиденциального характера
44,Какие данные являются персональными?,2,0.8577,0.83,0.62,0.86,"2.1 Персональные данные работника - информация, необходимая работодателю в связи с трудовыми отношениями и касающиеся конкретного работника. Под информацией о работниках понимаются сведения о фактах, событиях и обстоятельствах жизни работника, позволяющие идентифицировать его личность."
44,Какие данные являются персональными?,3,0.8302,0.83,0.59,0.8,"1.3 Персональные данные относятся к категории конфиденциальной информации. Режим конфиденциальности персональных данных снимается в случаях обезличивания или по истечении 50 лет срока хранения, если иное не определено законом."
44,Какие данные являются персональными?,4,0.8144,0.81,0.58,0.79,"3.4 Использование персональных данных возможно только в соответствии с целями, определившими их получение."
44,Какие данные являются персональными?,5,0.8059,0.81,0.52,0.8,5.8 По возможности персональные данные обезличиваются.
44,Какие данные являются персональными?,6,0.8057,0.81,0.56,0.79,5.5 «Внутренняя защита».
44,Какие данные являются персональными?,7,0.8031,0.8,0.54,0.79,3 Обработка персональных данных
44,Какие данные являются персональными?,8,0.8097,0.8,0.55,0.81,"5.3 Защита персональных данных представляет собой жестко регламентированный и динамически технологический процесс, предупреждающий нарушение доступности, целостности, достоверности и конфиденциальности персональных данных и, в конечном счете, обеспечивающий достаточно надежную безопасность информации в процессе управленческой и производственной деятельности компании."
44,Какие данные являются персональными?,9,0.8048,0.8,0.55,0.8,"7.5 Лица, виновные в нарушении норм, регулирующих получение, обработку и защиту персональных данных работника, несут дисциплинарную, административную, гражданско-правовую или уголовную ответственность в соответствии с федеральными законами."
44,Какие данные являются персональными?,10,0.7944,0.79,0.56,0.79,4.2 Внешний доступ.
44,Какие данные являются персональными?,11,0.7849,0.78,0.53,0.78,"6.3 В целях защиты персональных данных, хранящихся у работодателя, работник имеет право:"
44,Какие данные являются персональными?,12,0.7774,0.78,0.0,0.0,"3.1 В служебном поведении работнику необходимо исходить из конституционных положений о том, что человек, его права и свободы являются высшей ценностью, и каждый гражданин имеет право на неприкосновенность частной жизни, личную и семейную тайну, защиту чести, достоинства, своего доброго имени."
44,Какие данные являются персональными?,13,0.7709,0.77,0.0,0.75,"8 Сведения, составляющие коммерческую тайну"
44,Какие данные являются персональными?,14,0.7652,0.77,0.0,0.76,Режим коммерческой тайны не может быть установлен в отношении следующих сведений:
44,Какие данные являются персональными?,15,0.7589,0.76,0.0,0.74,АО «ВолгоградНИПИнефть» Положение «ПЛ-20-ЗПДР»
44,Какие данные являются персональными?,16,0.7583,0.76,0.0,0.75,7 Порядок отнесения сведений к коммерческой тайне
44,Какие данные являются персональными?,17,0.7678,0.76,0.0,0.77,"6.2 Информация,  составляющая  коммерческую  тайну  (секрет  производства),  сведения любого характера (производственные, технические, экономические, организационные и другие), в том числе о результатах интеллектуальной деятельности в научно-технической сфере, а также сведения о способах осуществления профессиональной деятельности, которые имеют действительную или потенциальную коммерчิескую ценность в силу неизвестности их третьим лицам, к которым у третьих лиц нет свободного доступа на законном основании и в отношении которых обладателем таких сведений введен режим коммерческой тайны."
44,Какие данные являются персональными?,18,0.7503,0.75,0.52,0.72,"6.5 Разглашение конфиденциальной информации, информации являющейся коммерческой тайной, персональных данных сотрудников Института."
44,Какие данные являются персональными?,19,0.7492,0.75,0.0,0.0,"4.15 Ведение учета личного состава работников, оформление личных дел, подготовка и выдача по требованию работника справок и копий документов."
44,Какие данные являются персональными?,20,0.7461,0.75,0.0,0.0,"Порядок приемки, регистрации и архивирования источников информации."
44,Какие данные являются персональными?,21,0.744,0.74,0.0,0.0,P:\\\\Информация…
44,Какие данные являются персональными?,22,0.744,0.74,0.0,0.0,Общие сведения
44,Какие данные являются персональными?,23,0.7436,0.74,0.54,0.0,Основные данные документа
44,Какие данные являются персональными?,24,0.7428,0.74,0.0,0.72,"9.2 Выполнять относящиеся к работнику требования приказов, инструкций и положений по обеспечению сохранности коммерческой тайны Института и их носителей, соблюдать порядок работы и хранения в отношении документов, содержащих коммерческую тайну, порядок сдачи помещений под охрану и приема из-под охраны, порядок доступа и работы с персональными компьютерами и иной электронной техникой."
44,Какие данные являются персональными?,25,0.7422,0.74,0.58,0.72,"6.5 Перечень оборудования, программно-технических средств, средств защиты информации и иных средств, по каждому сотруднику согласовывается генеральным директором индивидуально, исходя из должностной инструкции работника."
44,Какие данные являются персональными?,26,0.7411,0.74,0.0,0.0,6 Управление внутренними документами
44,Какие данные являются персональными?,27,0.7425,0.74,0.0,0.74,"4 Термины, обозначения, сокращения"
44,Какие данные являются персональными?,28,0.7394,0.74,0.0,0.73,Приложение 3. Кадровая документация отдела
44,Какие данные являются персональными?,29,0.751,0.74,0.0,0.75,3 Нормативные ссылки
44,Какие данные являются персональными?,30,0.7371,0.74,0.0,0.73,Приложение Г
44,Какие данные являются персональными?,31,0.7359,0.74,0.0,0.0,Общие сведения
44,Какие данные являются персональными?,32,0.735,0.74,0.0,0.0,6.2 На начальника отдела возлагается персональная ответственность за:
44,Какие данные являются персональными?,33,0.7347,0.73,0.0,0.0,"8.9 Любая продукция, работа (услуга), характеристики которой не соответствуют установленным требованиям, своевременно идентифицируется, регистрируется и не используется до принятия решений уполномоченным персоналом о ее корректировке, изъятии, замене, возврате и т.п."
44,Какие данные являются персональными?,34,0.7346,0.73,0.0,0.71,10 Порядок допуска к коммерческой тайне
44,Какие данные являются персональными?,35,0.7338,0.73,0.0,0.0,Об учетно-финансовом отделе
44,Какие данные являются персональными?,36,0.7462,0.0,0.52,0.75,ПЛ-20-ЗПДР
44,Какие данные являются персональными?,37,0.7462,0.0,0.53,0.75,ПОЛОЖЕНИЕ О защите персональных данных работников «ПЛ-2-ЗПДР»
44,Какие данные являются персональными?,38,0.7357,0.0,0.0,0.74,5 Правила работы с файлами
44,Какие данные являются персональными?,39,0.735,0.0,0.0,0.74,Приложение 3. Перечень документированной информации информационно-технического отдела.
44,Какие данные являются персональными?,40,0.7302,0.0,0.0,0.73,"2 ОСНОВНЫЕ ОБЯЗАННОСТИ, ПРИНЦИПЫ И ПРАВИЛА СЛУЖЕБНОГО ПОВЕДЕНИЯ РАБОТНИКОВ"
44,Какие данные являются персональными?,41,0.7284,0.0,0.0,0.73,Порядок работы
44,Какие данные являются персональными?,42,0.7283,0.0,0.0,0.73,Приложение 4. Перечень документированной информации отдела
44,Какие данные являются персональными?,43,0.7243,0.0,0.0,0.72,Лист регистрации изменений
44,Какие данные являются персональными?,44,0.724,0.0,0.0,0.72,Лист регистрации изменений
44,Какие данные являются персональными?,45,0.7227,0.0,0.0,0.72,Определения и сокращения
44,Какие данные являются персональными?,46,0.7227,0.0,0.0,0.72,Приложение А
44,Какие данные являются персональными?,47,0.7226,0.0,0.0,0.72,Производственная информация
44,Какие данные являются персональными?,48,0.7221,0.0,0.0,0.72,"7 Учет ошибок, обнаруженных при нормоконтроле"
44,Какие данные являются персональными?,49,0.7221,0.0,0.0,0.72,Приложение 2. Перечень регламентированных процессов информационно-технического отдела.
44,Какие данные являются персональными?,50,0.7217,0.0,0.53,0.72,5 Порядок приема и перевода работника на дистанционную работу
44,Какие данные являются персональными?,51,0.721,0.0,0.0,0.72,2 Область применения
44,Какие данные являются персональными?,52,0.7209,0.0,0.0,0.72,Лист регистрации изменений
44,Какие данные являются персональными?,53,0.7196,0.0,0.0,0.72,Лист регистрации изменений
44,Какие данные являются персональными?,54,0.7193,0.0,0.0,0.72,Лист регистрации изменений
44,Какие данные являются персональными?,55,0.719,0.0,0.0,0.72,СОГЛАСОВАНО:
44,Какие данные являются персональными?,56,0.7188,0.0,0.0,0.72,2 Область применения
44,Какие данные являются персональными?,57,0.7183,0.0,0.0,0.72,Лист регистрации изменений
44,Какие данные являются персональными?,58,0.7183,0.0,0.0,0.72,Приложение 1 Перечень должностных инструкций полевой партии
44,Какие данные являются персональными?,59,0.7183,0.0,0.0,0.72,Приложение 5. Шаблоны бланков документированной информации отдела.
44,Какие данные являются персональными?,60,0.7181,0.0,0.0,0.72,1 Назначение
44,Какие данные являются персональными?,61,0.718,0.0,0.0,0.72,Лист регистрации изменений
44,Какие данные являются персональными?,62,0.7178,0.0,0.0,0.72,Лист регистрации изменений
44,Какие данные являются персональными?,63,0.7177,0.0,0.0,0.72,Приложение 2. Перечень внутренней документации
44,Какие данные являются персональными?,64,0.7168,0.0,0.0,0.72,ИН-15-РегАрх
44,Какие данные являются персональными?,65,0.7168,0.0,0.0,0.72,ИНСТРУКЦИЯ Регистрация и архивирование источников информации «ИН-15-РегАрх»
44,Какие данные являются персональными?,66,0.7157,0.0,0.0,0.72,Лист регистрации изменений
44,Какие данные являются персональными?,67,0.7157,0.0,0.0,0.72,7 Список приложений
44,Какие данные являются персональными?,68,0.7154,0.0,0.0,0.72,4 Функции
44,Какие данные являются персональными?,69,0.7147,0.0,0.0,0.71,1 Общие положения
44,Какие данные являются персональными?,70,0.7129,0.0,0.0,0.71,13 Заключительное положение
44,Какие данные являются персональными?,71,0.7129,0.0,0.0,0.71,Внутреннего трудового распорядка АО «ВолгоградНИПИнефть»
44,Какие данные являются персональными?,72,0.7127,0.0,0.0,0.71,Лист регистрации изменений
44,Какие данные являются персональными?,73,0.7127,0.0,0.0,0.71,Приложение 4 Перечень специализированного программного обеспечения отдела
44,Какие данные являются персональными?,74,0.7126,0.0,0.0,0.71,Финансово-учетная документация:
44,Какие данные являются персональными?,75,0.7124,0.0,0.0,0.71,Приложение 2. Перечень внутренней документации ИСМ отдела
44,Какие данные являются персональными?,76,0.7119,0.0,0.0,0.71,1 ОБЩИЕ ПОЛОЖЕНИЯ
44,Какие данные являются персональными?,77,0.7118,0.0,0.0,0.71,Приложение 6. Формы журналов отдела:
44,Какие данные являются персональными?,78,0.7118,0.0,0.0,0.71,7 Управление входящей документацией
44,Какие данные являются персональными?,79,0.7114,0.0,0.0,0.71,СОГЛАСОВАНО:
44,Какие данные являются персональными?,80,0.7114,0.0,0.0,0.71,3 Метрологическое обеспечение
44,Какие данные являются персональными?,81,0.7114,0.0,0.0,0.71,Приложение Г
44,Какие данные являются персональными?,82,0.7113,0.0,0.0,0.71,ЛИСТ СОГЛАСОВАНИЯ ДОГОВОРА
44,Какие данные являются персональными?,83,0.7112,0.0,0.0,0.71,1 Назначение
44,Какие данные являются персональными?,84,0.711,0.0,0.0,0.71,"4 Термины, обозначения, сокращения"
44,Какие данные являются персональными?,85,0.7107,0.0,0.0,0.71,СОГЛАСОВАНО:
44,Какие данные являются персональными?,86,0.7106,0.0,0.0,0.71,Приложение 3. Перечень регламентированных бизнес-процессов
44,Какие данные являются персональными?,87,0.6295,0.0,0.63,0.0,4.1 Термины.
44,Какие данные являются персональными?,88,0.6157,0.0,0.62,0.0,Приложение 6. Формы журналов отдела
44,Какие данные являются персональными?,89,0.5785,0.0,0.58,0.0,6.2 Оценка существенности экологических аспектов по суммарному количеству баллов
44,Какие данные являются персональными?,90,0.5773,0.0,0.58,0.0,7.6 Режим рабочего времени и отдыха дистанционного работника устанавливается в трудовом договоре (дополнительном соглашении к трудовому договору). Режим рабочего времени дистанционного работника устанавливается с понедельника по пятницу с 9.00 до 18.00.
44,Какие данные являются персональными?,91,0.575,0.0,0.58,0.0,1.5 Средства мобильной связи предоставляются сотруднику в целях повышения эффективности управления и оперативного обмена информацией.
44,Какие данные являются персональными?,92,0.5735,0.0,0.57,0.0,1.2 Отдел создается и ликвидируется приказом генерального директора Института.
44,Какие данные являются персональными?,93,0.5676,0.0,0.57,0.0,Работа в ночное время
44,Какие данные являются персональными?,94,0.5666,0.0,0.57,0.0,1.2 Отдел создается и ликвидируется приказом генерального директора Института.
44,Какие данные являются персональными?,95,0.5666,0.0,0.57,0.0,"5.2 Во взаимоотношениях с государственными и муниципальными органами, а также другими предприятиями, организациями, учреждениями, представительствовать в установленном порядке от имени Института по вопросам, относящимся к компетенции Отдела."
44,Какие данные являются персональными?,96,0.5601,0.0,0.56,0.0,5.1 Последовательность идентификации экологических аспектов
44,Какие данные являются персональными?,97,0.5535,0.0,0.55,0.0,"4.11 Повышение квалификации работников Отдела, проведение совещаний и консультирование по вопросам, относящимся к компетенции Отдела."
44,Какие данные являются персональными?,98,0.5524,0.0,0.55,0.0,2.5 Должностная инструкция начальника и сотрудников Отдела утверждается генеральным директором Института.
44,Какие данные являются персональными?,99,0.5466,0.0,0.55,0.0,3 Термины и определения
44,Какие данные являются персональными?,100,0.5417,0.0,0.54,0.0,4 Полномочия и права
44,Какие данные являются персональными?,101,0.5412,0.0,0.54,0.0,6 Премирование
44,Какие данные являются персональными?,102,0.5377,0.0,0.54,0.0,"3.7 Обеспечивать качество проектных работ, а также качество других выпускаемых документов в соответствии с нормами и правилами, стандартами, техническими условиями и техническим заданием"
44,Какие данные являются персональными?,103,0.5341,0.0,0.53,0.0,4 Система оплаты труда
44,Какие данные являются персональными?,104,0.5323,0.0,0.53,0.0,8.4 Транспортирование отходов V класса опасности
44,Какие данные являются персональными?,105,0.532,0.0,0.53,0.0,1.2 Отдел создается и ликвидируется приказом генерального директора Института.
44,Какие данные являются персональными?,106,0.53,0.0,0.53,0.0,"1.6 Структура и штат МГС устанавливается исходя из необходимости своевременного, качественного и в установленные требованиями нормативных документов сроки выполнения комплекса маркшейдерских работ, необходимого при проектировании, строительстве, эксплуатации, реконструкции, консервации и ликвидации объектов нефтегазовой отрасли, с учетом видов полезного ископаемого, геологического строения месторождения, горнотехнических и гидрогеологических факторов, объемов и технологии ведения горных, строительно-монтажных и строительных работ, площади горного и земельного отводов, их застроенности и климатических условий региона. Численность МГС определяется в соответствии с методикой, которую утверждает генеральный директор Общества по согласованию с Федеральной службой по экологическому, технологическому и атомному надзору, либо его территориальном органом. На руководителя Общества возлагается ответственность за укомплектование отдела необходимым штатом инженернотехнических работников и рабочих, обеспечение ее специально оборудованными помещениями, автотранспортом, инструментами, приборами и материалами, и современной вычислительной техникой (персональными компьютерами с необходимыми программным обеспечением, средствами измерения и контроля, графопостроителями и др.)."
44,Какие данные являются персональными?,107,0.5269,0.0,0.53,0.0,1.2 Процесс регистрации и архивирования источников информации поддерживается с целью:
44,Какие данные являются персональными?,108,0.5247,0.0,0.52,0.0,1.2 Информационно-технический отдел создается и ликвидируется приказом генерального директора Инстуитута.
44,Какие данные являются персональными?,109,0.523,0.0,0.52,0.0,"6. Изменения, внесенные в проектную и рабочую документацию, ранее выданную заказчику"
44,Какие данные являются персональными?,110,0.5217,0.0,0.52,0.0,"2.3 Организация и осуществление, совместно с геологической и другими службами (как Общества, так и Заказчика), контроля за правильностью разработки месторождений и пользования недрами, и за выполнением требований связанных с охраной недр."
44,Какие данные являются персональными?,111,0.5216,0.0,0.52,0.0,"1.4 Уполномоченный по ИСМ в своей деятельности руководствуется законами и нормативно-правовыми актами РФ, приказами и указаниями руководства АО «ВолгоградНИПИнефть» (далее по тексту Институт), методическими, нормативными и другими руководящими материалами по вопросам интегрированной системы менеджмента, политиками Института, требованиями национальных стандартов ГОСТ Р ИСО 9001-2015 и ГОСТ Р ИСО 14001-2016, документацией ИСМ Института."
44,Какие данные являются персональными?,112,0.5206,0.0,0.52,0.0,"4.5 Пользование корпоративной мобильной связью осуществляется в пределах лимитов корпоративной мобильной связи, признаваемых достаточными для решения сотрудниками производственных задач в рамках должностных обязанностей (Приложение А)."
44,Какие данные являются персональными?,113,0.5205,0.0,0.52,0.0,"9.2 Отчет о командировке согласуется с начальником отдела, утверждается генеральным директором или первым заместителем генерального директора."
44,Какие данные являются персональными?,114,0.5203,0.0,0.52,0.0,7.1 При осуществлении взаимодействия дистанционного работника и Института путем обмена электронными документами каждая из осуществляющих взаимодействие сторон обязана направлять в форме электронного документа подтверждение получения электронного документа от другой стороны в трехдневный срок. Для этого стороны трудового договора используют корпоративную электронную почту.
44,Какие данные являются персональными?,115,0.8577,0.83,0.62,0.86,2 Понятие и состав персональных данных
44,Какие данные являются персональными?,116,0.8031,0.8,0.5,0.79,3 Обработка персональных данных
44,Какие данные являются персональными?,117,0.796,0.79,0.0,0.8,5 Защита персональных данных
44,Какие данные являются персональными?,118,0.8097,0.79,0.0,0.81,5 Защита персональных данных
44,Какие данные являются персональными?,119,0.794,0.79,0.52,0.79,4 Доступ к персональным данным
44,Какие данные являются персональными?,120,0.8048,0.79,0.55,0.8,"7 Ответственность за разглашение конфиденциальной информации, связанной с персональными данными"
44,Какие данные являются персональными?,121,0.7918,0.77,0.54,0.79,3 Обработка персональных данных
44,Какие данные являются персональными?,122,0.7897,0.77,0.0,0.79,5 Защита персональных данных
44,Какие данные являются персональными?,123,0.7462,0.73,0.53,0.75,ПОЛОЖЕНИЕ О защите персональных данных работников «ПЛ-2-ЗПДР»
44,Какие данные являются персональными?,124,0.7092,0.7,0.0,0.71,Лист регистрации изменений
44,Какие данные являются персональными?,125,0.7956,0.7,0.0,0.8,1 Общие положения
44,Какие данные являются персональными?,126,0.7849,0.7,0.0,0.78,6 Права и обязанности работника
44,Какие данные являются персональными?,127,0.7374,0.66,0.0,0.74,СОГЛАСОВАНО:
45,Какие задачи у финансового отдела?,1,0.7995,0.8,0.0,0.0,Приложение 1. Структура отдела
45,Какие задачи у финансового отдела?,2,0.7995,0.8,0.0,0.0,Приложение 1. Структура отдела
45,Какие задачи у финансового отдела?,3,0.7995,0.8,0.0,0.77,Приложение 1. Структура отдела
45,Какие задачи у финансового отдела?,4,0.7995,0.8,0.0,0.0,Приложение 1. Структура отдела
45,Какие задачи у финансового отдела?,5,0.7883,0.79,0.0,0.78,ПОЛОЖЕНИЕ Об учетно-финансовом отделе «ПЛ-13»
45,Какие задачи у финансового отдела?,6,0.7847,0.78,0.0,0.0,Приложение 5. Перечень программного обеспечения отдела
45,Какие задачи у финансового отдела?,7,0.7847,0.78,0.0,0.0,Приложение 5. Перечень программного обеспечения отдела
45,Какие задачи у финансового отдела?,8,0.7826,0.78,0.0,0.0,Приложение 3. Перечень программного обеспечения отдела
45,Какие задачи у финансового отдела?,9,0.7815,0.78,0.0,0.77,Приложение 4. График документооборота АО «ВолгоградНИПИнефть»
45,Какие задачи у финансового отдела?,10,0.7742,0.77,0.0,0.0,Отдел имеет право:
45,Какие задачи у финансового отдела?,11,0.7742,0.77,0.0,0.0,Отдел имеет право:
45,Какие задачи у финансового отдела?,12,0.7742,0.77,0.0,0.0,Отдел имеет право:
45,Какие задачи у финансового отдела?,13,0.7742,0.77,0.0,0.74,Отдел имеет право:
45,Какие задачи у финансового отдела?,14,0.7734,0.77,0.0,0.76,Приложение 2. Перечень внутренней документации ИСМ отдела
45,Какие задачи у финансового отдела?,15,0.7683,0.77,0.0,0.0,Приложение 4. Перечень документированной информации отдела
45,Какие задачи у финансового отдела?,16,0.7682,0.77,0.0,0.76,Приложение 6. Формы журналов отдела
45,Какие задачи у финансового отдела?,17,0.7666,0.77,0.0,0.0,Приложение 3. Перечень регламентированных бизнес-процессов отдела
45,Какие задачи у финансового отдела?,18,0.7663,0.77,0.0,0.0,5 Бюджет командировки
45,Какие задачи у финансового отдела?,19,0.7777,0.76,0.0,0.78,2 Структура
45,Какие задачи у финансового отдела?,20,0.7629,0.76,0.0,0.0,ПОЛОЖЕНИЕ о договорном отделе «ПЛ-05»
45,Какие задачи у финансового отдела?,21,0.7596,0.76,0.0,0.75,Приложение 1. Структура отдела.
45,Какие задачи у финансового отдела?,22,0.7581,0.76,0.0,0.0,Приложение 3. Перечень регламентированных процессов договорного отдела.
45,Какие задачи у финансового отдела?,23,0.7803,0.76,0.0,0.78,ПЛ-13
45,Какие задачи у финансового отдела?,24,0.7552,0.76,0.0,0.0,Отдел несет ответственность за:
45,Какие задачи у финансового отдела?,25,0.7552,0.76,0.0,0.0,Отдел несет ответственность за:
45,Какие задачи у финансового отдела?,26,0.7545,0.75,0.0,0.0,Приложение 6. Формы журналов отдела:
45,Какие задачи у финансового отдела?,27,0.7545,0.75,0.0,0.0,Приложение 6. Формы журналов отдела:
45,Какие задачи у финансового отдела?,28,0.7541,0.75,0.0,0.0,Размер материальной помощи
45,Какие задачи у финансового отдела?,29,0.7533,0.75,0.0,0.0,Приложение 4 Перечень специализированного программного обеспечения отдела
45,Какие задачи у финансового отдела?,30,0.7519,0.75,0.0,0.0,3 Задачи
45,Какие задачи у финансового отдела?,31,0.7539,0.75,0.0,0.75,Финансово-учетная документация:
45,Какие задачи у финансового отдела?,32,0.7495,0.75,0.0,0.0,Организация договорной работы
45,Какие задачи у финансового отдела?,33,0.7495,0.75,0.0,0.0,Организация договорной работы
45,Какие задачи у финансового отдела?,34,0.7495,0.75,0.0,0.0,Организация договорной работы
45,Какие задачи у финансового отдела?,35,0.7541,0.75,0.0,0.75,Отдел несет ответственность за:
45,Какие задачи у финансового отдела?,36,0.7488,0.75,0.0,0.0,СОГЛАСОВАНО:
45,Какие задачи у финансового отдела?,37,0.7479,0.75,0.0,0.0,Приложение 3. Перечень документированной информации информационно-технического отдела.
45,Какие задачи у финансового отдела?,38,0.7458,0.75,0.0,0.0,Приложение 2. Перечень регламентированных процессов информационно-технического отдела.
45,Какие задачи у финансового отдела?,39,0.7442,0.74,0.0,0.0,8 Управление исходящей документацией
45,Какие задачи у финансового отдела?,40,0.744,0.74,0.0,0.0,Приложение 2. Перечень внутренней документации ИСМ отдела
45,Какие задачи у финансового отдела?,41,0.807,0.0,0.0,0.81,1 Общие положения
45,Какие задачи у финансового отдела?,42,0.7906,0.0,0.0,0.79,4 Функции
45,Какие задачи у финансового отдела?,43,0.7877,0.0,0.0,0.79,2 Структура
45,Какие задачи у финансового отдела?,44,0.7766,0.0,0.0,0.78,2 Структура
45,Какие задачи у финансового отдела?,45,0.7637,0.0,0.0,0.76,СОГЛАСОВАНО:
45,Какие задачи у финансового отдела?,46,0.7618,0.0,0.0,0.76,2 Структура
45,Какие задачи у финансового отдела?,47,0.7604,0.0,0.0,0.76,3 Задачи
45,Какие задачи у финансового отдела?,48,0.759,0.0,0.0,0.76,2 Структура
45,Какие задачи у финансового отдела?,49,0.7588,0.0,0.0,0.76,1 Общие положения
45,Какие задачи у финансового отдела?,50,0.7578,0.0,0.0,0.76,2 Структура
45,Какие задачи у финансового отдела?,51,0.7577,0.0,0.0,0.76,4 Функции
45,Какие задачи у финансового отдела?,52,0.7554,0.0,0.0,0.76,4 Функции
45,Какие задачи у финансового отдела?,53,0.7549,0.0,0.0,0.75,2 Структура
45,Какие задачи у финансового отдела?,54,0.7545,0.0,0.0,0.75,4 Функции
45,Какие задачи у финансового отдела?,55,0.7535,0.0,0.0,0.75,1 Общие положения
45,Какие задачи у финансового отдела?,56,0.7521,0.0,0.0,0.75,ПОЛОЖЕНИЕ Об оплате и стимулировании труда персонала «ПЛ-13-ОСТП»
45,Какие задачи у финансового отдела?,57,0.7521,0.0,0.0,0.75,ПЛ-13-ОСТП
45,Какие задачи у финансового отдела?,58,0.7511,0.0,0.0,0.75,СОГЛАСОВАНО:
45,Какие задачи у финансового отдела?,59,0.7504,0.0,0.0,0.75,"Приложение 7. Выпуск продукции на 20__ г. на основании заключенных договоров, с НДС."
45,Какие задачи у финансового отдела?,60,0.7489,0.0,0.0,0.75,СОГЛАСОВАНО:
45,Какие задачи у финансового отдела?,61,0.748,0.0,0.0,0.75,6 Ответственность
45,Какие задачи у финансового отдела?,62,0.7453,0.0,0.0,0.75,2 Область применения
45,Какие задачи у финансового отдела?,63,0.7452,0.0,0.0,0.75,СОГЛАСОВАНО:
45,Какие задачи у финансового отдела?,64,0.7449,0.0,0.0,0.74,7 Организация и стадии выполнения проектных работ
45,Какие задачи у финансового отдела?,65,0.7428,0.0,0.0,0.74,9 Окончание работ. Отчет о командировке
45,Какие задачи у финансового отдела?,66,0.7423,0.0,0.0,0.74,6 Ответственность
45,Какие задачи у финансового отдела?,67,0.7416,0.0,0.0,0.74,6 Ответственность
45,Какие задачи у финансового отдела?,68,0.7413,0.0,0.0,0.74,С отделом бурения Общества
45,Какие задачи у финансового отдела?,69,0.7408,0.0,0.0,0.74,СОГЛАСОВАНО:
45,Какие задачи у финансового отдела?,70,0.8585,0.86,0.0,0.76,3 Задачи
45,Какие задачи у финансового отдела?,71,0.783,0.78,0.0,0.73,4 Функции
45,Какие задачи у финансового отдела?,72,0.783,0.78,0.0,0.74,4 Функции
45,Какие задачи у финансового отдела?,73,0.7296,0.73,0.0,0.73,Приложение 2. Перечень внутренней документации ИСМ отдела
45,Какие задачи у финансового отдела?,74,0.7281,0.73,0.0,0.69,2 Структура
45,Какие задачи у финансового отдела?,75,0.7222,0.72,0.0,0.67,Приложение 1. Структура отдела
45,Какие задачи у финансового отдела?,76,0.7172,0.72,0.0,0.72,Приложение 3. Перечень программного обеспечения отдела
45,Какие задачи у финансового отдела?,77,0.71,0.71,0.0,0.69,СОГЛАСОВАНО:
45,Какие задачи у финансового отдела?,78,0.7061,0.71,0.0,0.65,1 Общие положения
45,Какие задачи у финансового отдела?,79,0.7172,0.7,0.0,0.72,Приложение 4. График документооборота АО «ВолгоградНИПИнефть»
45,Какие задачи у финансового отдела?,80,0.6915,0.67,0.0,0.69,Приложение 4. График документооборота АО «ВолгоградНИПИнефть»
45,Какие задачи у финансового отдела?,81,0.676,0.67,0.0,0.68,ПОЛОЖЕНИЕ Об учетно-финансовом отделе «ПЛ-13»
46,Куда нужно класть файлы при регистрации архивов?,1,0.7377,0.74,0.0,0.0,решений
46,Куда нужно класть файлы при регистрации архивов?,2,0.733,0.73,0.0,0.0,4 Права доступа к каталогам
46,Куда нужно класть файлы при регистрации архивов?,3,0.7318,0.73,0.0,0.71,"Порядок приемки, регистрации и архивирования источников информации."
46,Куда нужно класть файлы при регистрации архивов?,4,0.7205,0.72,0.0,0.0,Лист регистрации изменений
46,Куда нужно класть файлы при регистрации архивов?,5,0.7205,0.72,0.0,0.0,Лист регистрации изменений
46,Куда нужно класть файлы при регистрации архивов?,6,0.7205,0.72,0.0,0.0,Лист регистрации изменений
46,Куда нужно класть файлы при регистрации архивов?,7,0.7205,0.72,0.0,0.0,Лист регистрации изменений
46,Куда нужно класть файлы при регистрации архивов?,8,0.7205,0.72,0.0,0.0,Лист регистрации изменений
46,Куда нужно класть файлы при регистрации архивов?,9,0.7205,0.72,0.0,0.0,Лист регистрации изменений
46,Куда нужно класть файлы при регистрации архивов?,10,0.7205,0.72,0.0,0.0,Лист регистрации изменений
46,Куда нужно класть файлы при регистрации архивов?,11,0.7205,0.72,0.0,0.0,Лист регистрации изменений
46,Куда нужно класть файлы при регистрации архивов?,12,0.7205,0.72,0.0,0.0,Лист регистрации изменений
46,Куда нужно класть файлы при регистрации архивов?,13,0.7205,0.72,0.0,0.0,Лист регистрации изменений
46,Куда нужно класть файлы при регистрации архивов?,14,0.7205,0.72,0.0,0.0,Лист регистрации изменений
46,Куда нужно класть файлы при регистрации архивов?,15,0.7205,0.72,0.0,0.0,Лист регистрации изменений
46,Куда нужно класть файлы при регистрации архивов?,16,0.7205,0.72,0.0,0.0,Лист регистрации изменений
46,Куда нужно класть файлы при регистрации архивов?,17,0.7205,0.72,0.0,0.0,Лист регистрации изменений
46,Куда нужно класть файлы при регистрации архивов?,18,0.7201,0.72,0.0,0.68,P:\\\\Информация…
46,Куда нужно класть файлы при регистрации архивов?,19,0.7123,0.71,0.0,0.68,6 Порядок накопления отходов
46,Куда нужно класть файлы при регистрации архивов?,20,0.7123,0.71,0.0,0.68,6 Порядок накопления отходов
46,Куда нужно класть файлы при регистрации архивов?,21,0.7049,0.7,0.0,0.69,Определения и сокращения
46,Куда нужно класть файлы при регистрации архивов?,22,0.7045,0.7,0.0,0.0,6 Управление внутренними документами
46,Куда нужно класть файлы при регистрации архивов?,23,0.7031,0.7,0.0,0.0,5 ПРАВА
46,Куда нужно класть файлы при регистрации архивов?,24,0.7012,0.7,0.0,0.0,5 Права
46,Куда нужно класть файлы при регистрации архивов?,25,0.7012,0.7,0.0,0.0,5 Права
46,Куда нужно класть файлы при регистрации архивов?,26,0.7007,0.7,0.0,0.0,4 Права
46,Куда нужно класть файлы при регистрации архивов?,27,0.7002,0.7,0.0,0.0,Таблица 1
46,Куда нужно класть файлы при регистрации архивов?,28,0.6997,0.7,0.0,0.0,7 Реестр рисков
46,Куда нужно класть файлы при регистрации архивов?,29,0.6997,0.7,0.0,0.0,7 Реестр рисков
46,Куда нужно класть файлы при регистрации архивов?,30,0.6997,0.7,0.0,0.0,7 Реестр рисков
46,Куда нужно класть файлы при регистрации архивов?,31,0.6994,0.7,0.0,0.0,3 Обработка персональных данных
46,Куда нужно класть файлы при регистрации архивов?,32,0.6979,0.7,0.0,0.7,ИНСТРУКЦИЯ Регистрация и архивирование источников информации «ИН-15-РегАрх»
46,Куда нужно класть файлы при регистрации архивов?,33,0.6979,0.7,0.0,0.0,Приложение В
46,Куда нужно класть файлы при регистрации архивов?,34,0.6979,0.7,0.0,0.0,Приложение В
46,Куда нужно класть файлы при регистрации архивов?,35,0.6979,0.7,0.0,0.0,Приложение В
46,Куда нужно класть файлы при регистрации архивов?,36,0.6973,0.7,0.0,0.0,7 Порядок учета отходов
46,Куда нужно класть файлы при регистрации архивов?,37,0.6905,0.69,0.0,0.0,5 Защита персональных данных
46,Куда нужно класть файлы при регистрации архивов?,38,0.6905,0.69,0.0,0.0,5 Защита персональных данных
46,Куда нужно класть файлы при регистрации архивов?,39,0.6897,0.69,0.0,0.67,"4 Термины, обозначения, сокращения"
46,Куда нужно класть файлы при регистрации архивов?,40,0.6895,0.69,0.0,0.0,Приложение Д
46,Куда нужно класть файлы при регистрации архивов?,41,0.6962,0.0,0.0,0.7,ИН-15-РегАрх
46,Куда нужно класть файлы при регистрации архивов?,42,0.6957,0.0,0.0,0.7,Нормативные ссылки
46,Куда нужно класть файлы при регистрации архивов?,43,0.6926,0.0,0.0,0.69,F:\\\\ !Шаблоны документов\\\\Бланки регистрации
46,Куда нужно класть файлы при регистрации архивов?,44,0.6912,0.0,0.0,0.69,Приложение 4. Перечень документированной информации отдела
46,Куда нужно класть файлы при регистрации архивов?,45,0.6879,0.0,0.0,0.69,Приложение 3. Перечень документированной информации информационно-технического отдела.
46,Куда нужно класть файлы при регистрации архивов?,46,0.6848,0.0,0.0,0.68,Приложение 1 Перечень документированной информации
46,Куда нужно класть файлы при регистрации архивов?,47,0.6832,0.0,0.0,0.68,10 Завершающая стадия
46,Куда нужно класть файлы при регистрации архивов?,48,0.6819,0.0,0.0,0.68,Техническая информация
46,Куда нужно класть файлы при регистрации архивов?,49,0.6817,0.0,0.0,0.68,5 Правила работы с файлами
46,Куда нужно класть файлы при регистрации архивов?,50,0.6788,0.0,0.0,0.68,2 Определения и сокращения
46,Куда нужно класть файлы при регистрации архивов?,51,0.6786,0.0,0.0,0.68,3 Нормативные ссылки
46,Куда нужно класть файлы при регистрации архивов?,52,0.6771,0.0,0.0,0.68,2 Основная часть
46,Куда нужно класть файлы при регистрации архивов?,53,0.677,0.0,0.0,0.68,3 Задачи
46,Куда нужно класть файлы при регистрации архивов?,54,0.6768,0.0,0.0,0.68,6 Ответственность
46,Куда нужно класть файлы при регистрации архивов?,55,0.6756,0.0,0.0,0.68,Приложение 5. Шаблоны бланков документированной информации отдела.
46,Куда нужно класть файлы при регистрации архивов?,56,0.6753,0.0,0.0,0.68,Отдел несет ответственность за:
46,Куда нужно класть файлы при регистрации архивов?,57,0.6749,0.0,0.0,0.67,Приложение Б. Информационный лист проекта
46,Куда нужно класть файлы при регистрации архивов?,58,0.6735,0.0,0.0,0.67,4 Определения и сокращения
46,Куда нужно класть файлы при регистрации архивов?,59,0.6724,0.0,0.0,0.67,Производственная информация
46,Куда нужно класть файлы при регистрации архивов?,60,0.6724,0.0,0.0,0.67,С производственными службами Заказчика по строительству и обустройству месторождений:
46,Куда нужно класть файлы при регистрации архивов?,61,0.6722,0.0,0.0,0.67,Приложение 6. Формы журналов отдела:
46,Куда нужно класть файлы при регистрации архивов?,62,0.6704,0.0,0.0,0.67,4 Функции
46,Куда нужно класть файлы при регистрации архивов?,63,0.6698,0.0,0.0,0.67,Приложение 3. Кадровая документация отдела
46,Куда нужно класть файлы при регистрации архивов?,64,0.6696,0.0,0.0,0.67,3 Задачи
46,Куда нужно класть файлы при регистрации архивов?,65,0.6677,0.0,0.0,0.67,3 Нормативные ссылки
46,Куда нужно класть файлы при регистрации архивов?,66,0.6674,0.0,0.0,0.67,ИН-05-ДР
46,Куда нужно класть файлы при регистрации архивов?,67,0.6674,0.0,0.0,0.67,ИНСТРУКЦИЯ Организация договорной работы «ИН-05-ДР»
46,Куда нужно класть файлы при регистрации архивов?,68,0.6667,0.0,0.0,0.67,3 Нормативные ссылки
46,Куда нужно класть файлы при регистрации архивов?,69,0.6662,0.0,0.0,0.67,3 Нормативные ссылки
46,Куда нужно класть файлы при регистрации архивов?,70,0.6658,0.0,0.0,0.67,Приложение 2. Перечень регламентированных процессов информационно-технического отдела.
46,Куда нужно класть файлы при регистрации архивов?,71,0.6653,0.0,0.0,0.67,3 Нормативные ссылки
46,Куда нужно класть файлы при регистрации архивов?,72,0.6653,0.0,0.0,0.67,12 Ответственность
46,Куда нужно класть файлы при регистрации архивов?,73,0.6651,0.0,0.0,0.67,Финансово-учетная документация:
46,Куда нужно класть файлы при регистрации архивов?,74,0.7622,0.76,0.0,0.75,Лист регистрации изменений
46,Куда нужно класть файлы при регистрации архивов?,75,0.7581,0.76,0.5,0.72,F:\\\\ !Шаблоны документов\\\\Бланки регистрации
46,Куда нужно класть файлы при регистрации архивов?,76,0.7538,0.75,0.0,0.75,P:\\\\Информация…
46,Куда нужно класть файлы при регистрации архивов?,77,0.745,0.75,0.0,0.73,ИНСТРУКЦИЯ Регистрация и архивирование источников информации «ИН-15-РегАрх»
46,Куда нужно класть файлы при регистрации архивов?,78,0.745,0.74,0.5,0.7,"Порядок приемки, регистрации и архивирования источников информации."
46,Куда нужно класть файлы при регистрации архивов?,79,0.722,0.72,0.0,0.7,Общие положения
46,Куда нужно класть файлы при регистрации архивов?,80,0.699,0.7,0.52,0.68,Определения и сокращения
47,Какая структура у каталогов диска P?,1,0.7431,0.74,0.0,0.72,4 Права доступа к каталогам
47,Какая структура у каталогов диска P?,2,0.7426,0.74,0.0,0.73,"1.1 Настоящая инструкция определяет структуру рабочих каталогов, их содержание, права доступа и правила работы в них."
47,Какая структура у каталогов диска P?,3,0.7383,0.74,0.57,0.72,Рабочая инструкция «Структура каталога проекта»
47,Какая структура у каталогов диска P?,4,0.7368,0.74,0.0,0.73,3.3 Название и назначение подкаталогов в основном каталоге проекта формируется в соответствии с рабочими инструкциями соответствующих подразделений:
47,Какая структура у каталогов диска P?,5,0.7364,0.74,0.0,0.7,3 Нормативные ссылки
47,Какая структура у каталогов диска P?,6,0.7314,0.73,0.0,0.73,Общие сведения
47,Какая структура у каталогов диска P?,7,0.7308,0.73,0.55,0.7,6.2 Формирование ТП.
47,Какая структура у каталогов диска P?,8,0.7245,0.72,0.0,0.7,Общие сведения
47,Какая структура у каталогов диска P?,9,0.72,0.72,0.0,0.0,Приложение 3. Перечень программного обеспечения
47,Какая структура у каталогов диска P?,10,0.7157,0.72,0.0,0.7,Общие сведения
47,Какая структура у каталогов диска P?,11,0.714,0.71,0.0,0.0,10.4 Необходимость хранения неактуальных редакций ПД в деле проекта на диске Р определяется ОИ (ГИПом). Использование неактуальных версий ПД предотвращается в соответствии с процедурой «Управление несоответствующей продукцией» (ПР-8.7-УНП):
47,Какая структура у каталогов диска P?,12,0.7133,0.71,0.0,0.71,3 Нормативные ссылки
47,Какая структура у каталогов диска P?,13,0.7132,0.71,0.0,0.0,7.7 Хранение рабочих файлов проекта осуществляется в соответствии с рабочей инструкцией «Структура каталогов» (РИ-10-СтруктКат):
47,Какая структура у каталогов диска P?,14,0.7389,0.71,0.0,0.74,"Приложение 3 Образец документа, заверенного генеральным директором."
47,Какая структура у каталогов диска P?,15,0.7115,0.71,0.0,0.0,1 Общие положения
47,Какая структура у каталогов диска P?,16,0.7252,0.71,0.0,0.73,Приложение 5. Шаблоны бланков документированной информации отдела.
47,Какая структура у каталогов диска P?,17,0.7107,0.71,0.0,0.0,Приложение 4. Перечень внутренней документации ИСМ отдела
47,Какая структура у каталогов диска P?,18,0.7105,0.71,0.0,0.0,4 Термины и сокращения
47,Какая структура у каталогов диска P?,19,0.7104,0.71,0.0,0.0,P:\\\\Информация…
47,Какая структура у каталогов диска P?,20,0.7104,0.71,0.0,0.7,Проект на поиски и разведку залежей УВ
47,Какая структура у каталогов диска P?,21,0.7096,0.71,0.0,0.0,Список рассылки
47,Какая структура у каталогов диска P?,22,0.7269,0.71,0.0,0.73,Нормативные ссылки
47,Какая структура у каталогов диска P?,23,0.7077,0.71,0.0,0.0,"5.1.1 Располагать рабочие файлы текущих проектов строго в каталогах описанных выше, а также оговоренных руководителем отдела."
47,Какая структура у каталогов диска P?,24,0.7076,0.71,0.0,0.69,7.1 Структура и состав реестра риска представлен в приложении Б данной инструкции
47,Какая структура у каталогов диска P?,25,0.7073,0.71,0.0,0.0,Лист 1 лицевая сторона
47,Какая структура у каталогов диска P?,26,0.7071,0.71,0.0,0.0,Об учетно-финансовом отделе
47,Какая структура у каталогов диска P?,27,0.7139,0.71,0.0,0.71,7.1 Структура Группы.
47,Какая структура у каталогов диска P?,28,0.7064,0.71,0.0,0.69,Приложение 2. Перечень внутренней документации ИСМ отдела
47,Какая структура у каталогов диска P?,29,0.7062,0.71,0.0,0.69,Приложение 1. Структура отдела
47,Какая структура у каталогов диска P?,30,0.723,0.71,0.0,0.72,Приложение 1. Структура отдела
47,Какая структура у каталогов диска P?,31,0.7062,0.71,0.0,0.7,Приложение 1. Структура отдела
47,Какая структура у каталогов диска P?,32,0.7095,0.71,0.0,0.71,Приложение 1. Структура отдела
47,Какая структура у каталогов диска P?,33,0.7059,0.71,0.0,0.7,3.8 Сканирование производится в папки соответственно каждому отделу P:\\\\PAPRPORT\\\\!Отделы. Сохранение электронных документов производится по следующему электронному адресу:
47,Какая структура у каталогов диска P?,34,0.7054,0.71,0.0,0.7,Приложение 2. Перечень внутренней документации ИСМ отдела
47,Какая структура у каталогов диска P?,35,0.7054,0.71,0.57,0.0,Общие сведения
47,Какая структура у каталогов диска P?,36,0.7051,0.71,0.0,0.0,7.2 Все обнаруженные ошибки в зависимости от замечаний и характера делятся на две группы:
47,Какая структура у каталогов диска P?,37,0.7029,0.7,0.0,0.0,"3. Карточка на литературу, отчеты, архивные материалы:"
47,Какая структура у каталогов диска P?,38,0.7044,0.7,0.0,0.7,Приложение 1. Структура Группы
47,Какая структура у каталогов диска P?,39,0.7307,0.7,0.0,0.73,РИ-10-СтруктКат
47,Какая структура у каталогов диска P?,40,0.7196,0.7,0.0,0.72,Внутренние регламентирующие документы:
47,Какая структура у каталогов диска P?,41,0.7026,0.7,0.0,0.0,6 Порядок накопления отходов
47,Какая структура у каталогов диска P?,42,0.7026,0.7,0.0,0.0,6 Порядок накопления отходов
47,Какая структура у каталогов диска P?,43,0.7089,0.7,0.0,0.71,Об уполномоченном по интегрированной системе менеджмента в отделе бурения и проектирования строительства скважин
47,Какая структура у каталогов диска P?,44,0.7035,0.7,0.6,0.7,Основные данные документа
47,Какая структура у каталогов диска P?,45,0.6987,0.7,0.0,0.0,7 Порядок учета отходов
47,Какая структура у каталогов диска P?,46,0.6986,0.7,0.0,0.7,3 Нормативные ссылки
47,Какая структура у каталогов диска P?,47,0.6966,0.7,0.0,0.0,Экспертиза и согласование проектной документации
47,Какая структура у каталогов диска P?,48,0.7135,0.7,0.0,0.71,7 Список приложений
47,Какая структура у каталогов диска P?,49,0.696,0.7,0.0,0.69,Приложение 1. Структура отдела.
47,Какая структура у каталогов диска P?,50,0.6947,0.69,0.0,0.0,10. Журнал контроля микроклимата в помещении архива АО «ВолгоградНИПИнефть»
47,Какая структура у каталогов диска P?,51,0.6945,0.69,0.0,0.0,"ПОЛОЖЕНИЕ По организации внутреннего контроля качества и приемки топографо-геодезических, картографических и проектно-изыскательских работ «ПЛ-08-ОВКК»"
47,Какая структура у каталогов диска P?,52,0.6944,0.69,0.0,0.0,8.1 Составление и согласование документа исполнителем.
47,Какая структура у каталогов диска P?,53,0.6942,0.69,0.0,0.0,"9.4 Все несоответствия (замечания) в ПД выявленные в ходе экспертиз документируются в таблицу вместе с ответами на замечания, определением их класса и принятыми решениями, в соответствии с процедурой «Управление несоответствующей продукцией» (ПР-8.7-УНП). Отсутствие замечаний так же регистрируется в Листе экспертизы заказчика, возможно сохранение других свидетельств отсутствия замечаний (например, электронное письмо). Листы экспертизы обеспечивают прослеживаемость вносимых изменений в ПД."
47,Какая структура у каталогов диска P?,54,0.6939,0.69,0.56,0.0,ИНСТРУКЦИЯ По подготовке тендерного предложения «ИН-01-ПТП»
47,Какая структура у каталогов диска P?,55,0.7289,0.0,0.0,0.73,Приложение 1 Перечень документированной информации
47,Какая структура у каталогов диска P?,56,0.7211,0.0,0.0,0.72,8 Список приложений
47,Какая структура у каталогов диска P?,57,0.7195,0.0,0.0,0.72,2 Область применения
47,Какая структура у каталогов диска P?,58,0.717,0.0,0.0,0.72,Приложение 2 Исходные данные для составления смет.
47,Какая структура у каталогов диска P?,59,0.7147,0.0,0.0,0.71,ПОЛОЖЕНИЕ Об отделе бурения и проектирования строительства скважин «ПЛ-12»
47,Какая структура у каталогов диска P?,60,0.7147,0.0,0.0,0.71,ПЛ-12
47,Какая структура у каталогов диска P?,61,0.7089,0.0,0.0,0.71,ПЛ-12-УИСМ
47,Какая структура у каталогов диска P?,62,0.7087,0.0,0.0,0.71,ПОЛОЖЕНИЕ Об информационно - техническом отделе « ПЛ-10 »
47,Какая структура у каталогов диска P?,63,0.7087,0.0,0.0,0.71,ПЛ-10
47,Какая структура у каталогов диска P?,64,0.7055,0.0,0.0,0.71,Приложение 3. Перечень документированной информации информационно-технического отдела.
47,Какая структура у каталогов диска P?,65,0.7047,0.0,0.0,0.7,ПЛ-07-УИСМ
47,Какая структура у каталогов диска P?,66,0.704,0.0,0.0,0.7,Лист регистрации изменений
47,Какая структура у каталогов диска P?,67,0.7037,0.0,0.0,0.7,ПОЛОЖЕНИЕ Об отделе геологии «ПЛ-07»
47,Какая структура у каталогов диска P?,68,0.7037,0.0,0.0,0.7,ПЛ-07
47,Какая структура у каталогов диска P?,69,0.7035,0.0,0.0,0.7,ПЛ-05
47,Какая структура у каталогов диска P?,70,0.7025,0.0,0.0,0.7,Организация договорной работы
47,Какая структура у каталогов диска P?,71,0.701,0.0,0.0,0.7,ПОЛОЖЕНИЕ об отделе делопроизводства и менеджмента качества «ПЛ-20»
47,Какая структура у каталогов диска P?,72,0.701,0.0,0.0,0.7,ПЛ-20
47,Какая структура у каталогов диска P?,73,0.6991,0.0,0.0,0.7,ПЛ-08
47,Какая структура у каталогов диска P?,74,0.6989,0.0,0.0,0.7,Лист регистрации изменений
47,Какая структура у каталогов диска P?,75,0.6987,0.0,0.57,0.7,3 Термины и сокращения.
47,Какая структура у каталогов диска P?,76,0.698,0.0,0.0,0.7,Финансово-учетная документация:
47,Какая структура у каталогов диска P?,77,0.6974,0.0,0.0,0.7,Лист регистрации изменений
47,Какая структура у каталогов диска P?,78,0.697,0.0,0.0,0.7,Приложение 3. Кадровая документация отдела
47,Какая структура у каталогов диска P?,79,0.6969,0.0,0.0,0.7,Приложение 4. Перечень программного обеспечения отдела
47,Какая структура у каталогов диска P?,80,0.6968,0.0,0.0,0.7,3 Нормативные ссылки
47,Какая структура у каталогов диска P?,81,0.6966,0.0,0.0,0.7,ИН-20-ДО
47,Какая структура у каталогов диска P?,82,0.6966,0.0,0.0,0.7,ИНСТРУКЦИЯ Организация работ по документообороту «ИН-20-ДО»
47,Какая структура у каталогов диска P?,83,0.6965,0.0,0.0,0.7,Приложение 5. Перечень программного обеспечения отдела
47,Какая структура у каталогов диска P?,84,0.6959,0.0,0.0,0.7,Приложение Д
47,Какая структура у каталогов диска P?,85,0.6958,0.0,0.0,0.7,3 Нормативные ссылки
47,Какая структура у каталогов диска P?,86,0.6949,0.0,0.0,0.69,Лист регистрации изменений
47,Какая структура у каталогов диска P?,87,0.6948,0.0,0.0,0.69,О группе охраны окружающей среды отдела бурения и «ПЛ-12-ГООС»
47,Какая структура у каталогов диска P?,88,0.6948,0.0,0.0,0.69,ПЛ-12 -ГООС
47,Какая структура у каталогов диска P?,89,0.6947,0.0,0.0,0.69,Приложение 3. Перечень программного обеспечения отдела
47,Какая структура у каталогов диска P?,90,0.6939,0.0,0.6,0.69,Приложение 5. Перечень программного обеспечения отдела
47,Какая структура у каталогов диска P?,91,0.6939,0.0,0.0,0.69,Лист регистрации изменений
47,Какая структура у каталогов диска P?,92,0.6937,0.0,0.0,0.69,11 Контроль
47,Какая структура у каталогов диска P?,93,0.6936,0.0,0.0,0.69,2 Нормативные ссылки
47,Какая структура у каталогов диска P?,94,0.6936,0.0,0.0,0.69,Лист регистрации изменений
47,Какая структура у каталогов диска P?,95,0.6931,0.0,0.0,0.69,Лист регистрации изменений
47,Какая структура у каталогов диска P?,96,0.6927,0.0,0.65,0.69,Приложение 4. Перечень документированной информации отдела
47,Какая структура у каталогов диска P?,97,0.6926,0.0,0.0,0.69,F:\\\\ !Шаблоны документов\\\\Бланки регистрации
47,Какая структура у каталогов диска P?,98,0.7831,0.0,0.78,0.0,"Оформление договоров на выполнение работ, оказание услуг"
47,Какая структура у каталогов диска P?,99,0.7053,0.0,0.71,0.0,"4.7 Формирование архива сканов договорной документации (договоры, дополнительные соглашения, акты сдачи-приемки выполненных работ)."
47,Какая структура у каталогов диска P?,100,0.6427,0.0,0.64,0.0,6.1 Методика оценки экологических аспектов
47,Какая структура у каталогов диска P?,101,0.6297,0.0,0.63,0.0,7 Последовательность формирования реестров экологических аспектов
47,Какая структура у каталогов диска P?,102,0.6244,0.0,0.62,0.0,"4.3 При отсутствии у работника мобильного аппарата для пользования корпоративной мобильной связью, ему вместе с корпоративной SIM-картой может выдаваться корпоративный мобильный аппарат."
47,Какая структура у каталогов диска P?,103,0.6229,0.0,0.62,0.0,"3.5 Проводить мониторинг тендерных предложений и готовить тендерную документацию на право заключения договоров (контрактов) на выполнение работ, оказание услуг, относящихся к сфере деятельности отдела геологии согласно требованиям инструкции «По подготовке тендерного предложения» (ИН-01ПТП)"
47,Какая структура у каталогов диска P?,104,0.6216,0.0,0.62,0.0,1 Назначение
47,Какая структура у каталогов диска P?,105,0.6148,0.0,0.61,0.0,6 Ответственность
47,Какая структура у каталогов диска P?,106,0.6095,0.0,0.61,0.0,5.3 Идентификация экологических аспектов
47,Какая структура у каталогов диска P?,107,0.6091,0.0,0.61,0.0,6.8 В этом случае дистанционному работнику выплачивается компенсация за использование принадлежащего ему или арендованного им оборудования. Размер компенсации согласовывается в трудовом договоре или в дополнительном соглашении генеральным директором.
47,Какая структура у каталогов диска P?,108,0.6033,0.0,0.6,0.0,Идентификация экологических аспектов
47,Какая структура у каталогов диска P?,109,0.6019,0.0,0.6,0.0,3 Нормативные ссылки
47,Какая структура у каталогов диска P?,110,0.6001,0.0,0.6,0.0,Журнал авансовые платежи
47,Какая структура у каталогов диска P?,111,0.5968,0.0,0.6,0.0,"3.3 Корпоративный мобильный аппарат -  беспроводной  цифровой телефонный аппарат стандарта GSM, принадлежащий Институту и выданный сотруднику  по  Акту  приема-передачи  для  пользования  корпоративной  мобильной связью."
47,Какая структура у каталогов диска P?,112,0.5945,0.0,0.59,0.0,"7.3 Руководитель, разрешающий доступ сотрудника к конфиденциальному документу, несет персональную ответственность за данное разрешение."
47,Какая структура у каталогов диска P?,113,0.5913,0.0,0.59,0.0,"4.5 Разработка геологических разделов для проектов на ликвидацию, консервацию, расконсервацию (восстановление) скважин."
47,Какая структура у каталогов диска P?,114,0.5878,0.0,0.59,0.0,2 Определения и сокращения
47,Какая структура у каталогов диска P?,115,0.5866,0.0,0.59,0.0,"5.5 Во время нахождения сотрудника в служебной командировке все звонки, произведенные вне рабочего времени (в том числе в выходные и праздничные дни), подлежат оплате Институтом в пределах установленного лимита."
47,Какая структура у каталогов диска P?,116,0.579,0.0,0.58,0.0,"7.1 Работник несет ответственность за сохранность выданных ему средств корпоративной мобильной связи (SIM-карты, мобильного аппарата). В случае утери или неумышленной порчи средств корпоративной мобильной связи работник за счет личных денежных средств:"
47,Какая структура у каталогов диска P?,117,0.5779,0.0,0.58,0.0,"5.3 Давать разъяснения, рекомендации и указания по вопросам, входящим в компетенцию Отдела."
47,Какая структура у каталогов диска P?,118,0.5778,0.0,0.58,0.0,4.2 Сокращения
47,Какая структура у каталогов диска P?,119,0.5768,0.0,0.58,0.0,2.3 Структуру и штатную численность Отдела утверждает генеральный директор Института исходя из условий и особенностей деятельности Института по представлению заместителя генерального директора по общим вопросам (см. Приложение 1).
47,Какая структура у каталогов диска P?,120,0.5747,0.0,0.57,0.0,Приложение 2 Перечень внутренней документации ИСМ отдела
47,Какая структура у каталогов диска P?,121,0.5729,0.0,0.57,0.0,Приложение 2. Перечень внутренней документации договорного отдела
47,Какая структура у каталогов диска P?,122,0.5713,0.0,0.57,0.0,"2.1 Данная процедура обязательна для применения во всех структурных подразделениях Института, включенных в область распространения системы экологического менеджмента согласно Приказу по Институту № "
47,Какая структура у каталогов диска P?,123,0.5676,0.0,0.57,0.0,Проект горного отвода для всех видов полезных ископаемых
47,Какая структура у каталогов диска P?,124,0.5665,0.0,0.57,0.0,"4 Термины, обозначения"
47,Какая структура у каталогов диска P?,125,0.5657,0.0,0.57,0.0,"6.3 При превышении установленного лимита корпоративной мобильной связи сумма расхода, не подтвержденная производственной необходимостью, подлежит либо оплате работником посредством удержания денежных средств из"
47,Какая структура у каталогов диска P?,126,0.5654,0.0,0.57,0.0,7.6 Режим рабочего времени и отдыха дистанционного работника устанавливается в трудовом договоре (дополнительном соглашении к трудовому договору). Режим рабочего времени дистанционного работника устанавливается с понедельника по пятницу с 9.00 до 18.00.
47,Какая структура у каталогов диска P?,127,0.564,0.0,0.56,0.0,6.4 Работник обязан:
47,Какая структура у каталогов диска P?,128,0.5638,0.0,0.56,0.0,"1.2 Настоящее Положение разработано на основании статей Конституции РФ, Трудового Кодекса РФ, Кодекса об административных правонарушениях РФ, Гражданского Кодекса РФ, Уголовного Кодекса РФ, а также Федерального закона «Об информации, информатизации и защите информации»."
47,Какая структура у каталогов диска P?,129,0.5636,0.0,0.56,0.0,"3.5 Передача персональных данных работника возможна только с согласия работника или в случаях, прямо предусмотренных законодательством"
47,Какая структура у каталогов диска P?,130,0.563,0.0,0.56,0.0,1.3.Уведомление офис-менеджера/специалиста ДиМК о присвоении внутреннего номера о новом сотруднике
47,Какая структура у каталогов диска P?,131,0.5623,0.0,0.56,0.0,8 Начисление и выплата заработной платы
47,Какая структура у каталогов диска P?,132,0.5604,0.0,0.56,0.0,"1.4 Уполномоченный по ИСМ в своей деятельности руководствуется законами и нормативно-правовыми актами РФ, приказами и указаниями руководства АО «ВолгоградНИПИнефть» (далее по тексту Институт), методическими, нормативными и другими руководящими материалами по вопросам интегрированной системы менеджмента, политиками Института, требованиями национальных стандартов ГОСТ Р ИСО 9001-2015 и ГОСТ Р ИСО 14001-2016, документацией ИСМ Института."
47,Какая структура у каталогов диска P?,133,0.5574,0.0,0.56,0.0,1.5 Средства мобильной связи предоставляются сотруднику в целях повышения эффективности управления и оперативного обмена информацией.
47,Какая структура у каталогов диска P?,134,0.555,0.0,0.55,0.0,Итоговый реестр существенных экологических аспектов
47,Какая структура у каталогов диска P?,135,0.5539,0.0,0.55,0.0,3.2 Консультировать сотрудников отдела по вопросам интегрированной системы менеджмента и разработке документации ИСМ
47,Какая структура у каталогов диска P?,136,0.5536,0.0,0.55,0.0,Начисление и выплата доплат
47,Какая структура у каталогов диска P?,137,0.5531,0.0,0.55,0.0,4 Система оплаты труда
47,Какая структура у каталогов диска P?,138,0.5519,0.0,0.55,0.0,ЗАЯВЛЕНИЕ
47,Какая структура у каталогов диска P?,139,0.5518,0.0,0.55,0.0,"5.7 Ответственность за своевременное формирование пакета документации, содержащей ТП, с учетом всех требований компании, объявившей конкурс, и своевременное предоставление пакета документов в приемную для отправки адресату, возлагается на ОИ."
47,Какая структура у каталогов диска P?,140,0.55,0.0,0.55,0.0,Процедура Идентификация экологических аспектов ПР-6.1.2-ИЭА
47,Какая структура у каталогов диска P?,141,0.548,0.0,0.55,0.0,ПР-6.1.2-ИЭА
47,Какая структура у каталогов диска P?,142,0.5462,0.0,0.55,0.0,3.6 Повышение качества и эффективности работы Отдела.
47,Какая структура у каталогов диска P?,143,0.5456,0.0,0.55,0.0,7.1 При осуществлении взаимодействия дистанционного работника и Института путем обмена электронными документами каждая из осуществляющих взаимодействие сторон обязана направлять в форме электронного документа подтверждение получения электронного документа от другой стороны в трехдневный срок. Для этого стороны трудового договора используют корпоративную электронную почту.
47,Какая структура у каталогов диска P?,144,0.5452,0.0,0.55,0.0,"3.4 Своевременное и качественное проведение (по договору) предусмотренного  нормативными  требованиями  комплекса  маркшейдерских работ, достаточных для обеспечения безопасного ведения работ, связанных с пользованием недрами, наиболее полного извлечения из недр запасов залегающих полезных ископаемых, обеспечения технологического цикла горных, строительно-монтажных и иных видов работ, а также для прогнозирования опасных ситуаций при проведении таких работ."
47,Какая структура у каталогов диска P?,145,0.7872,0.77,0.0,0.79,2 Основная часть
47,Какая структура у каталогов диска P?,146,0.7431,0.74,0.0,0.72,4 Права доступа к каталогам
47,Какая структура у каталогов диска P?,147,0.7307,0.72,0.0,0.73,РАБОЧАЯ ИНСТРУКЦИЯ Структура каталогов «РИ-10-СтруктКат»
47,Какая структура у каталогов диска P?,148,0.7261,0.71,0.0,0.73,3 Правила работы с каталогами текущих проектов:
47,Какая структура у каталогов диска P?,149,0.6865,0.69,0.51,0.67,5 Правила работы с файлами
47,Какая структура у каталогов диска P?,150,0.6673,0.65,0.0,0.67,Лист регистрации изменений
47,Какая структура у каталогов диска P?,151,0.7321,0.63,0.0,0.73,1 Назначение
48,Что такое реестр экологических аспектов?,1,0.8897,0.89,0.64,0.84,Сводный реестр экологических аспектов
48,Что такое реестр экологических аспектов?,2,0.8674,0.87,0.7,0.81,Итоговый реестр существенных экологических аспектов
48,Что такое реестр экологических аспектов?,3,0.8565,0.86,0.66,0.83,7 Последовательность формирования реестров экологических аспектов
48,Что такое реестр экологических аспектов?,4,0.8404,0.84,0.6,0.81,4.1 Термины.
48,Что такое реестр экологических аспектов?,5,0.8014,0.8,0.62,0.79,6.1 Методика оценки экологических аспектов
48,Что такое реестр экологических аспектов?,6,0.7917,0.79,0.62,0.76,5.3 Идентификация экологических аспектов
48,Что такое реестр экологических аспектов?,7,0.7881,0.79,0.59,0.78,5.1 Последовательность идентификации экологических аспектов
48,Что такое реестр экологических аспектов?,8,0.7711,0.77,0.0,0.72,6.18 Идентификация и оценка рисков в области экологической деятельности регламентирована  процедурой  «Идентификация  экологических  аспектов»  (ПР6.1.2-ИЭА):
48,Что такое реестр экологических аспектов?,9,0.7685,0.77,0.6,0.76,Процедура Идентификация экологических аспектов ПР-6.1.2-ИЭА
48,Что такое реестр экологических аспектов?,10,0.7888,0.77,0.58,0.79,Идентификация экологических аспектов
48,Что такое реестр экологических аспектов?,11,0.7663,0.77,0.0,0.77,Приложение 3. Перечень программного обеспечения
48,Что такое реестр экологических аспектов?,12,0.7522,0.75,0.0,0.72,3 Нормативные ссылки
48,Что такое реестр экологических аспектов?,13,0.7489,0.75,0.0,0.71,7 Реестр рисков
48,Что такое реестр экологических аспектов?,14,0.7489,0.75,0.0,0.0,7 Реестр рисков
48,Что такое реестр экологических аспектов?,15,0.7489,0.75,0.0,0.71,7 Реестр рисков
48,Что такое реестр экологических аспектов?,16,0.7488,0.75,0.0,0.73,7 Порядок учета отходов
48,Что такое реестр экологических аспектов?,17,0.745,0.74,0.0,0.74,4.2 Функции ответственного по ведению экологической отчетности:
48,Что такое реестр экологических аспектов?,18,0.7379,0.74,0.0,0.72,5.2 Права ответственного по ведению экологической отчетности:
48,Что такое реестр экологических аспектов?,19,0.7597,0.73,0.6,0.76,ПР-6.1.2-ИЭА
48,Что такое реестр экологических аспектов?,20,0.7557,0.73,0.0,0.76,3 Нормативные ссылки
48,Что такое реестр экологических аспектов?,21,0.7312,0.73,0.0,0.0,"Порядок приемки, регистрации и архивирования источников информации."
48,Что такое реестр экологических аспектов?,22,0.7255,0.73,0.53,0.72,"8 Мониторинг, измерения, анализ и оценивание"
48,Что такое реестр экологических аспектов?,23,0.723,0.72,0.0,0.7,6 Порядок накопления отходов
48,Что такое реестр экологических аспектов?,24,0.723,0.72,0.0,0.0,6 Порядок накопления отходов
48,Что такое реестр экологических аспектов?,25,0.7195,0.72,0.0,0.0,4.1 Термины и определения:
48,Что такое реестр экологических аспектов?,26,0.7499,0.72,0.54,0.75,3 Нормативные ссылки
48,Что такое реестр экологических аспектов?,27,0.7174,0.72,0.52,0.0,4.16 Разработка и внедрение мер по предотвращению экологических рисков.
48,Что такое реестр экологических аспектов?,28,0.718,0.71,0.0,0.72,"3.11 ОтвРег регистрирует поступление в базе данных источников информации F:\\\\DB\\\\_Registrator, F:\\\\DB\\\\_НД, оценивает качество сканирования, заполнение"
48,Что такое реестр экологических аспектов?,29,0.7135,0.71,0.0,0.69,"Регистрация, учет, архивирование и хранение поступающей геолого-технической информации, выполненных отчетов, нормативных документов"
48,Что такое реестр экологических аспектов?,30,0.7113,0.71,0.0,0.0,Приложение 2. Перечень регламентирующих документов
48,Что такое реестр экологических аспектов?,31,0.7109,0.71,0.0,0.71,"5.1 Отходы в зависимости от степени негативного воздействия на окружающую среду подразделяются  в  соответствии  с  критериями,  установленными  федеральным органом исполнительной власти, осуществляющим государственное регулирование в области охраны окружающей среды, на пять классов опасности:"
48,Что такое реестр экологических аспектов?,32,0.7108,0.71,0.0,0.0,Лист регистрации изменений
48,Что такое реестр экологических аспектов?,33,0.7108,0.71,0.0,0.0,Лист регистрации изменений
48,Что такое реестр экологических аспектов?,34,0.7108,0.71,0.0,0.0,Лист регистрации изменений
48,Что такое реестр экологических аспектов?,35,0.7108,0.71,0.0,0.0,Лист регистрации изменений
48,Что такое реестр экологических аспектов?,36,0.7108,0.71,0.0,0.0,Лист регистрации изменений
48,Что такое реестр экологических аспектов?,37,0.7108,0.71,0.0,0.0,Лист регистрации изменений
48,Что такое реестр экологических аспектов?,38,0.7108,0.71,0.0,0.69,Лист регистрации изменений
48,Что такое реестр экологических аспектов?,39,0.7108,0.71,0.0,0.69,Лист регистрации изменений
48,Что такое реестр экологических аспектов?,40,0.7108,0.71,0.0,0.0,Лист регистрации изменений
48,Что такое реестр экологических аспектов?,41,0.7108,0.71,0.0,0.0,Лист регистрации изменений
48,Что такое реестр экологических аспектов?,42,0.7108,0.71,0.0,0.7,Лист регистрации изменений
48,Что такое реестр экологических аспектов?,43,0.7108,0.71,0.0,0.7,Лист регистрации изменений
48,Что такое реестр экологических аспектов?,44,0.7108,0.71,0.0,0.0,Лист регистрации изменений
48,Что такое реестр экологических аспектов?,45,0.7108,0.71,0.0,0.0,Лист регистрации изменений
48,Что такое реестр экологических аспектов?,46,0.7108,0.71,0.0,0.0,"4.5 Регистрация, учет и архивирование поступающей геолого-технической информации, выполненных отчетов, нормативных документов."
48,Что такое реестр экологических аспектов?,47,0.72,0.71,0.0,0.72,"3.1 Выполнение проектной документации, отчётов и иной технической документации, соответствующей требованиям и ожиданиям Заказчиков по срокам, финансовым затратам, использованию современных технологий, оборудования и материалов, снижению энергозатрат и экологически вредного воздействия на окружающую среду."
48,Что такое реестр экологических аспектов?,48,0.71,0.71,0.0,0.7,"11.4 Учет образования, накопления и вывоза отходов с территории Института производится в соответствии с Порядком учета в области обращения с отходами, утвержденным приказом Минприроды России от 08 декабря 2020 г. № 1028. Учет в области обращения с отходами ведет ОВЭО."
48,Что такое реестр экологических аспектов?,49,0.7096,0.71,0.0,0.0,Определения и сокращения
48,Что такое реестр экологических аспектов?,50,0.7086,0.71,0.0,0.0,Оценка последствий риска
48,Что такое реестр экологических аспектов?,51,0.708,0.71,0.53,0.71,"2.1 Данная процедура обязательна для применения во всех структурных подразделениях Института, включенных в область распространения системы экологического менеджмента согласно Приказу по Институту № "
48,Что такое реестр экологических аспектов?,52,0.7073,0.71,0.0,0.0,3 Нормативные ссылки
48,Что такое реестр экологических аспектов?,53,0.7148,0.71,0.62,0.71,1 Назначение
48,Что такое реестр экологических аспектов?,54,0.7049,0.7,0.0,0.0,Наименование ПО
48,Что такое реестр экологических аспектов?,55,0.7026,0.7,0.0,0.0,"4 Термины, обозначения, сокращения"
48,Что такое реестр экологических аспектов?,56,0.7024,0.7,0.0,0.7,ИНСТРУКЦИЯ Регистрация и архивирование источников информации «ИН-15-РегАрх»
48,Что такое реестр экологических аспектов?,57,0.7021,0.7,0.0,0.7,3 Нормативные ссылки
48,Что такое реестр экологических аспектов?,58,0.7652,0.0,0.6,0.77,СОГЛАСОВАНО:
48,Что такое реестр экологических аспектов?,59,0.7276,0.0,0.0,0.73,Приложение Б. Информационный лист проекта
48,Что такое реестр экологических аспектов?,60,0.7178,0.0,0.0,0.72,Приложение 3 Перечень регламентированных бизнеспроцессов
48,Что такое реестр экологических аспектов?,61,0.7162,0.0,0.0,0.72,Приложение 5. Перечень программного обеспечения отдела
48,Что такое реестр экологических аспектов?,62,0.7138,0.0,0.0,0.71,Приложение 6. Формы журналов отдела:
48,Что такое реестр экологических аспектов?,63,0.7082,0.0,0.0,0.71,8 Стадия оформления работы
48,Что такое реестр экологических аспектов?,64,0.7073,0.0,0.0,0.71,3 Задачи
48,Что такое реестр экологических аспектов?,65,0.7065,0.0,0.0,0.71,Приложение 3. Перечень регламентированных бизнес-процессов
48,Что такое реестр экологических аспектов?,66,0.7034,0.0,0.0,0.7,10 Безопасное обращение с отходами
48,Что такое реестр экологических аспектов?,67,0.7024,0.0,0.53,0.7,Приложение 4. Перечень документированной информации отдела
48,Что такое реестр экологических аспектов?,68,0.7022,0.0,0.0,0.7,Общие положения
48,Что такое реестр экологических аспектов?,69,0.702,0.0,0.0,0.7,Приложение 4. Перечень программного обеспечения отдела
48,Что такое реестр экологических аспектов?,70,0.6997,0.0,0.0,0.7,Приложение Б. Информационный лист проекта
48,Что такое реестр экологических аспектов?,71,0.6994,0.0,0.0,0.7,Положения:
48,Что такое реестр экологических аспектов?,72,0.6993,0.0,0.0,0.7,ИН-15-РегАрх
48,Что такое реестр экологических аспектов?,73,0.6974,0.0,0.0,0.7,"Приложение 4 Образец оформления документа, содержащего более одной страницы."
48,Что такое реестр экологических аспектов?,74,0.6972,0.0,0.0,0.7,О группе охраны окружающей среды отдела бурения и «ПЛ-12-ГООС»
48,Что такое реестр экологических аспектов?,75,0.6972,0.0,0.0,0.7,ПЛ-12 -ГООС
48,Что такое реестр экологических аспектов?,76,0.6947,0.0,0.0,0.69,4 Функции
48,Что такое реестр экологических аспектов?,77,0.6941,0.0,0.0,0.69,10 Завершающая стадия
48,Что такое реестр экологических аспектов?,78,0.6938,0.0,0.0,0.69,ПЛ-07-УИСМ
48,Что такое реестр экологических аспектов?,79,0.6938,0.0,0.0,0.69,ПОЛОЖЕНИЕ об уполномоченном по интегрированной системе менеджмента в отделе геологии «ПЛ-07-УИСМ»
48,Что такое реестр экологических аспектов?,80,0.6928,0.0,0.0,0.69,P:\\\\Информация…
48,Что такое реестр экологических аспектов?,81,0.6925,0.0,0.0,0.69,Приложение 1. Структура Группы
48,Что такое реестр экологических аспектов?,82,0.6923,0.0,0.0,0.69,Приложение 1 Перечень должностных инструкций полевой партии
48,Что такое реестр экологических аспектов?,83,0.6914,0.0,0.0,0.69,ПЛ-01-НК
48,Что такое реестр экологических аспектов?,84,0.6914,0.0,0.0,0.69,ПОЛОЖЕНИЕ О нормоконтроле проектно-сметной и отчетной документации «ПЛ-01-НК»
48,Что такое реестр экологических аспектов?,85,0.6907,0.0,0.0,0.69,1 Назначение
48,Что такое реестр экологических аспектов?,86,0.6903,0.0,0.0,0.69,Приложение 1 Перечень документированной информации
48,Что такое реестр экологических аспектов?,87,0.69,0.0,0.0,0.69,Приложение 3. Перечень регламентированных бизнес-процессов отдела
48,Что такое реестр экологических аспектов?,88,0.6899,0.0,0.0,0.69,3 ОСНОВНЫЕ ФУНКЦИИ МАРКШЕЙДЕРСКО-ГЕОДЕЗИЧЕСКОЙ СЛУЖБЫ
48,Что такое реестр экологических аспектов?,89,0.6894,0.0,0.0,0.69,СОГЛАСОВАНО:
48,Что такое реестр экологических аспектов?,90,0.6892,0.0,0.0,0.69,3 Задачи
48,Что такое реестр экологических аспектов?,91,0.6888,0.0,0.0,0.69,Приложение 3. Перечень документированной информации информационно-технического отдела.
48,Что такое реестр экологических аспектов?,92,0.6887,0.0,0.0,0.69,Приложение 4 Перечень специализированного программного обеспечения отдела
48,Что такое реестр экологических аспектов?,93,0.688,0.0,0.0,0.69,"9 Стадия экспертиз, защит и согласований"
48,Что такое реестр экологических аспектов?,94,0.6873,0.0,0.0,0.69,3 Задачи
48,Что такое реестр экологических аспектов?,95,0.6867,0.0,0.0,0.69,4 Функции
48,Что такое реестр экологических аспектов?,96,0.6865,0.0,0.51,0.69,Приложение 3. Кадровая документация отдела
48,Что такое реестр экологических аспектов?,97,0.6862,0.0,0.0,0.69,Приложение А
48,Что такое реестр экологических аспектов?,98,0.5335,0.0,0.53,0.0,"Оформление договоров на выполнение работ, оказание услуг"
48,Что такое реестр экологических аспектов?,99,0.5332,0.0,0.53,0.0,"4.7 Формирование архива сканов договорной документации (договоры, дополнительные соглашения, акты сдачи-приемки выполненных работ)."
48,Что такое реестр экологических аспектов?,100,0.532,0.0,0.53,0.0,Приложение 6. Формы журналов отдела
48,Что такое реестр экологических аспектов?,101,0.5312,0.0,0.53,0.0,Об учетно-финансовом отделе
48,Что такое реестр экологических аспектов?,102,0.5223,0.0,0.52,0.0,"6.4 Невыполнение приказов, указаний и распоряжений по Институту."
48,Что такое реестр экологических аспектов?,103,0.5203,0.0,0.52,0.0,"Приложение 7. Выпуск продукции на 20__ г. на основании заключенных договоров, с НДС."
48,Что такое реестр экологических аспектов?,104,0.5199,0.0,0.52,0.0,Доплата за командировку
48,Что такое реестр экологических аспектов?,105,0.5194,0.0,0.52,0.0,Компьютерная справочная правовая система ГАРАНТ
48,Что такое реестр экологических аспектов?,106,0.5181,0.0,0.52,0.0,"3.5 Проводить мониторинг тендерных предложений и готовить тендерную документацию на право заключения договоров (контрактов) на выполнение работ, оказание услуг, относящихся к сфере деятельности отдела геологии согласно требованиям инструкции «По подготовке тендерного предложения» (ИН-01ПТП)"
48,Что такое реестр экологических аспектов?,107,0.5178,0.0,0.52,0.0,Маркетинговая информация
48,Что такое реестр экологических аспектов?,108,0.5173,0.0,0.52,0.0,6.8 В этом случае дистанционному работнику выплачивается компенсация за использование принадлежащего ему или арендованного им оборудования. Размер компенсации согласовывается в трудовом договоре или в дополнительном соглашении генеральным директором.
48,Что такое реестр экологических аспектов?,109,0.5162,0.0,0.52,0.0,"3.10 Анализировать, по мере необходимости актуализирует и согласовывает с руководством документы ИСМ"
48,Что такое реестр экологических аспектов?,110,0.5155,0.0,0.52,0.0,"5.5 Во время нахождения сотрудника в служебной командировке все звонки, произведенные вне рабочего времени (в том числе в выходные и праздничные дни), подлежат оплате Институтом в пределах установленного лимита."
48,Что такое реестр экологических аспектов?,111,0.514,0.0,0.51,0.0,Материальная помощь при рождении ребенка (усыновлении)
48,Что такое реестр экологических аспектов?,112,0.5126,0.0,0.51,0.0,"6.6 Неисправное состояние оборудования, приборов, инструментов и хозяйственного инвентаря."
48,Что такое реестр экологических аспектов?,113,0.5125,0.0,0.51,0.0,Обработка результатов измерений
48,Что такое реестр экологических аспектов?,114,0.5121,0.0,0.51,0.0,"8.2 Порядок предоставления дистанционному работнику ежегодного оплачиваемого отпуска и иных видов отпусков определяется локальным нормативным актом, трудовым договором в соответствии с ТК РФ и иными актами, содержащими нормы трудового права."
48,Что такое реестр экологических аспектов?,115,0.5119,0.0,0.51,0.0,"4.5 Пользование корпоративной мобильной связью осуществляется в пределах лимитов корпоративной мобильной связи, признаваемых достаточными для решения сотрудниками производственных задач в рамках должностных обязанностей (Приложение А)."
48,Что такое реестр экологических аспектов?,116,0.5116,0.0,0.51,0.0,"4.5 Разработка геологических разделов для проектов на ликвидацию, консервацию, расконсервацию (восстановление) скважин."
48,Что такое реестр экологических аспектов?,117,0.5108,0.0,0.51,0.0,"Первый экземпляр остается в УФО, заносится в электронный реестр договоров, распечатыва- ется и хранится в папке «Расход- ные договоры»"
48,Что такое реестр экологических аспектов?,118,0.5108,0.0,0.51,0.0,"4 Термины, обозначения"
48,Что такое реестр экологических аспектов?,119,0.5105,0.0,0.51,0.0,"1.9 Кодекс закрепляет общие ценности, принципы и правила поведения, такие как:"
48,Что такое реестр экологических аспектов?,120,0.51,0.0,0.51,0.0,"1.4 Уполномоченный по ИСМ в своей деятельности руководствуется законами и нормативно-правовыми актами РФ, приказами и указаниями руководства АО «ВолгоградНИПИнефть» (далее по тексту Институт), методическими, нормативными и другими руководящими материалами по вопросам интегрированной системы менеджмента, политиками Института, требованиями национальных стандартов ГОСТ Р ИСО 9001-2015 и ГОСТ Р ИСО 14001-2016, документацией ИСМ Института."
48,Что такое реестр экологических аспектов?,121,0.5096,0.0,0.51,0.0,5.6 Невыполнение приказов и указаний и распоряжений по Институту.
48,Что такое реестр экологических аспектов?,122,0.5089,0.0,0.51,0.0,4 Система оплаты труда
48,Что такое реестр экологических аспектов?,123,0.5088,0.0,0.51,0.0,1 Назначение
48,Что такое реестр экологических аспектов?,124,0.5086,0.0,0.51,0.0,Приложение В
48,Что такое реестр экологических аспектов?,125,0.5082,0.0,0.51,0.0,12 Перечень нормативных документов по контролю качества выпускаемой продукции
48,Что такое реестр экологических аспектов?,126,0.5082,0.0,0.51,0.0,6.1 Сбор и анализ информации о проводимых тендерах.
48,Что такое реестр экологических аспектов?,127,0.5079,0.0,0.51,0.0,"2.2 Уполномоченный по ИСМ должен знать нормативные, методические и другие руководящие документы по вопросам ИСМ и требования стандартов ГОСТ Р ИСО 9001-2015 (ISO 9001:2015) и ГОСТ Р ИСО 14001-2016 (ISO 14001:2015)."
48,Что такое реестр экологических аспектов?,128,0.5078,0.0,0.51,0.0,3 Метрологическое обеспечение
48,Что такое реестр экологических аспектов?,129,0.5074,0.0,0.51,0.0,"3.4 Своевременное и качественное проведение (по договору) предусмотренного  нормативными  требованиями  комплекса  маркшейдерских работ, достаточных для обеспечения безопасного ведения работ, связанных с пользованием недрами, наиболее полного извлечения из недр запасов залегающих полезных ископаемых, обеспечения технологического цикла горных, строительно-монтажных и иных видов работ, а также для прогнозирования опасных ситуаций при проведении таких работ."
48,Что такое реестр экологических аспектов?,130,0.8897,0.89,0.64,0.84,Сводный реестр экологических аспектов
48,Что такое реестр экологических аспектов?,131,0.8674,0.87,0.7,0.81,Итоговый реестр существенных экологических аспектов
48,Что такое реестр экологических аспектов?,132,0.8565,0.86,0.66,0.83,7 Последовательность формирования реестров экологических аспектов
48,Что такое реестр экологических аспектов?,133,0.783,0.78,0.59,0.78,5 Идентификация всех возможных экологических аспектов
48,Что такое реестр экологических аспектов?,134,0.77,0.77,0.52,0.76,5 Идентификация всех возможных экологических аспектов
48,Что такое реестр экологических аспектов?,135,0.7685,0.77,0.6,0.76,Процедура Идентификация экологических аспектов ПР-6.1.2-ИЭА
48,Что такое реестр экологических аспектов?,136,0.7888,0.77,0.58,0.79,Идентификация экологических аспектов
48,Что такое реестр экологических аспектов?,137,0.7905,0.76,0.62,0.79,6 Определение существенного воздействия экологических аспектов на ОС
48,Что такое реестр экологических аспектов?,138,0.7255,0.73,0.53,0.72,"8 Мониторинг, измерения, анализ и оценивание"
48,Что такое реестр экологических аспектов?,139,0.7499,0.72,0.54,0.75,3 Нормативные ссылки
48,Что такое реестр экологических аспектов?,140,0.7148,0.71,0.62,0.71,1 Назначение
48,Что такое реестр экологических аспектов?,141,0.7652,0.69,0.6,0.77,СОГЛАСОВАНО:
48,Что такое реестр экологических аспектов?,142,0.6994,0.67,0.0,0.7,Положения:
48,Что такое реестр экологических аспектов?,143,0.7054,0.65,0.0,0.71,2 Область применения
48,Что такое реестр экологических аспектов?,144,0.8118,0.64,0.0,0.81,4 Термины и сокращения
48,Что такое реестр экологических аспектов?,145,0.6862,0.61,0.0,0.69,Приложение А
49,Кому подчиняется полевая партия?,1,0.8406,0.84,0.0,0.84,"2.1 Полевая партия подчиняется непосредственно начальнику полевой партии Отдела, руководству Отдела и Института согласно утвержденной организационной структуре."
49,Кому подчиняется полевая партия?,2,0.8303,0.8,0.0,0.83,1.3 В своей деятельности полевая партия руководствуется:
49,Кому подчиняется полевая партия?,3,0.8007,0.78,0.0,0.8,6 Ответственность
49,Кому подчиняется полевая партия?,4,0.7702,0.77,0.0,0.76,Приложение 1 Перечень должностных инструкций полевой партии
49,Кому подчиняется полевая партия?,5,0.7451,0.75,0.0,0.73,ПОЛОЖЕНИЕ О полевой партии отдела инженерных изысканий «ПЛ-08-ПП»
49,Кому подчиняется полевая партия?,6,0.7947,0.74,0.0,0.79,"5.4 Представлять на совещаниях Института предложения по вопросам, входящим в компетенцию полевой партии."
49,Кому подчиняется полевая партия?,7,0.723,0.72,0.0,0.72,6 Полевой контроль и приемка полевых работ
49,Кому подчиняется полевая партия?,8,0.7221,0.71,0.0,0.72,"3.1 Выполнение полевых работ, соответствующих нормативным и регламентирующим государственным документам, отвечающим отраслевым стандартам, отражающим потребности заказчиков."
49,Кому подчиняется полевая партия?,9,0.7337,0.71,0.0,0.73,ПЛ-08-ПП
49,Кому подчиняется полевая партия?,10,0.7037,0.7,0.0,0.69,2.1 Отдел подчиняется заместителю генерального директора-главному маркшейдеру и руководству Институту согласно организационной структуре.
49,Кому подчиняется полевая партия?,11,0.7032,0.7,0.0,0.68,ПОЛОЖЕНИЕ о договорном отделе «ПЛ-05»
49,Кому подчиняется полевая партия?,12,0.6991,0.7,0.0,0.0,Инструментальный контроль
49,Кому подчиняется полевая партия?,13,0.6986,0.7,0.0,0.0,Порядок работы
49,Кому подчиняется полевая партия?,14,0.6971,0.7,0.0,0.0,"7.1 Государственный надзор и контроль за организацией работы по маркшейдерскому обеспечению и соблюдением правил выполнения маркшейдерских работ при проектировании, строительстве, эксплуатации, консервации и ликвидации объектов нефтегазодобывающей отрасли, утвержденных в установленном порядке требований (правил и норм) по безопасному ведению горных работ, предупреждению и устранению их вредного влияния на население, окружающую природную среду, объекты народного хозяйства осуществляют органы Федеральной службы по"
49,Кому подчиняется полевая партия?,15,0.6955,0.7,0.0,0.0,"1.12 Маркшейдерско-геодезическая документация (полевая, вычислительная и графическая) выполненная сторонней специализированной организацией на средства Общества должна после обработки полевых материалов храниться у заказчика работ, то есть в МГС."
49,Кому подчиняется полевая партия?,16,0.6947,0.69,0.0,0.67,2.1 Отдел подчиняется непосредственно генеральному директору.
49,Кому подчиняется полевая партия?,17,0.6944,0.69,0.0,0.68,1.9 Контроль над исполнением настоящего Положения возлагается на учетно-финансовый отдел с назначением ответственного лица.
49,Кому подчиняется полевая партия?,18,0.6937,0.69,0.0,0.0,1 Общие положения
49,Кому подчиняется полевая партия?,19,0.693,0.69,0.0,0.0,5.1 Организует и контролирует исполнение настоящего Положения.
49,Кому подчиняется полевая партия?,20,0.693,0.69,0.0,0.68,Приложение 1. Структура отдела
49,Кому подчиняется полевая партия?,21,0.693,0.69,0.0,0.0,Приложение 1. Структура отдела
49,Кому подчиняется полевая партия?,22,0.693,0.69,0.0,0.0,Приложение 1. Структура отдела
49,Кому подчиняется полевая партия?,23,0.693,0.69,0.0,0.0,Приложение 1. Структура отдела
49,Кому подчиняется полевая партия?,24,0.6921,0.69,0.0,0.67,4.2 Внешний доступ.
49,Кому подчиняется полевая партия?,25,0.6917,0.69,0.0,0.0,Ответственность работников за нарушение трудовой дисциплины
49,Кому подчиняется полевая партия?,26,0.6913,0.69,0.0,0.0,5 Ответственность
49,Кому подчиняется полевая партия?,27,0.6904,0.69,0.0,0.0,Отдел несет ответственность за:
49,Кому подчиняется полевая партия?,28,0.6904,0.69,0.0,0.68,Отдел несет ответственность за:
49,Кому подчиняется полевая партия?,29,0.6939,0.69,0.0,0.69,2 Область применения
49,Кому подчиняется полевая партия?,30,0.69,0.69,0.0,0.0,5 Ответственность.
49,Кому подчиняется полевая партия?,31,0.6881,0.69,0.0,0.68,Список сотрудников ответственных за внешние поставки
49,Кому подчиняется полевая партия?,32,0.688,0.69,0.0,0.68,2.1 Отдел подчиняется непосредственно заместителю генерального директора по общим вопросам и руководству Инстиута согласно утвержденной организационной структуре.
49,Кому подчиняется полевая партия?,33,0.6871,0.69,0.0,0.67,6.2 На начальника отдела возлагается персональная ответственность за:
49,Кому подчиняется полевая партия?,34,0.6868,0.69,0.0,0.0,6 Ответственность
49,Кому подчиняется полевая партия?,35,0.6856,0.69,0.0,0.0,
49,Кому подчиняется полевая партия?,36,0.6854,0.69,0.0,0.0,Отдел имеет право:
49,Кому подчиняется полевая партия?,37,0.6854,0.69,0.0,0.0,Отдел имеет право:
49,Кому подчиняется полевая партия?,38,0.6854,0.69,0.0,0.0,Отдел имеет право:
49,Кому подчиняется полевая партия?,39,0.6854,0.69,0.0,0.0,Отдел имеет право:
49,Кому подчиняется полевая партия?,40,0.6852,0.69,0.0,0.68,12 Ответственность
49,Кому подчиняется полевая партия?,41,0.6851,0.69,0.0,0.68,"2.2 Группа подчиняется непосредственно руководителю Группы, руководству Отдела и Института согласно утверждённой организационной структуре."
49,Кому подчиняется полевая партия?,42,0.6849,0.68,0.0,0.68,2.1 Отдел подчиняется генеральному директору и первому заместителю генерального директора.
49,Кому подчиняется полевая партия?,43,0.6849,0.68,0.0,0.0,9 Требования к передаче отходов сторонним специализированным организациям
49,Кому подчиняется полевая партия?,44,0.6843,0.68,0.0,0.0,Порядок приема и увольнения работников
49,Кому подчиняется полевая партия?,45,0.684,0.68,0.0,0.0,9 Обязательства работника
49,Кому подчиняется полевая партия?,46,0.6923,0.68,0.0,0.69,7 Приемка материалов по окончании полевых работ
49,Кому подчиняется полевая партия?,47,0.6831,0.68,0.0,0.0,4 Термины и сокращения
49,Кому подчиняется полевая партия?,48,0.6831,0.68,0.0,0.68,2.1 Отдел непосредственно подчиняется руководству Института согласно утвержденной организационной структуре.
49,Кому подчиняется полевая партия?,49,0.6828,0.68,0.0,0.0,Приложение 3. Перечень программного обеспечения
49,Кому подчиняется полевая партия?,50,0.6827,0.68,0.0,0.0,Организация договорной работы
49,Кому подчиняется полевая партия?,51,0.6827,0.68,0.0,0.0,Организация договорной работы
49,Кому подчиняется полевая партия?,52,0.6827,0.68,0.0,0.0,Организация договорной работы
49,Кому подчиняется полевая партия?,53,0.6826,0.68,0.0,0.0,"8 Мониторинг, измерения, анализ и оценивание"
49,Кому подчиняется полевая партия?,54,0.6818,0.68,0.0,0.68,"1.4 Настоящее Положение утверждается и вводится в действие приказом генерального директора и является обязательным для исполнения всеми работниками, имеющими доступ к персональным данным сотрудников."
49,Кому подчиняется полевая партия?,55,0.6846,0.68,0.0,0.68,"1.5 Требования настоящего Положения обязательны для выполнения всеми отделами и службами Общества, а также для предприятий, выполняющих договорные работы для Общества по проектированию, строительству, эксплуатации, консервации и ликвидации нефтегазодобывающих, нефтегазотранспортных, нефтегазоперерабатывающих объектов и планов развития горных работ."
49,Кому подчиняется полевая партия?,56,0.6813,0.68,0.0,0.0,Приложение 2 Перечень внутренней документации ИСМ отдела
49,Кому подчиняется полевая партия?,57,0.6812,0.68,0.0,0.0,Приложение 5. Перечень программного обеспечения отдела
49,Кому подчиняется полевая партия?,58,0.6812,0.68,0.0,0.0,Приложение 5. Перечень программного обеспечения отдела
49,Кому подчиняется полевая партия?,59,0.6806,0.68,0.0,0.0,"3.3 К обработке, передаче и хранению персональных данных работника могут иметь доступ сотрудники:"
49,Кому подчиняется полевая партия?,60,0.6799,0.68,0.0,0.0,Назначение и область применения
49,Кому подчиняется полевая партия?,61,0.6822,0.68,0.0,0.68,Назначение и область применения
49,Кому подчиняется полевая партия?,62,0.6797,0.68,0.0,0.0,10.1 Принятие на себя обязательства о неразглашении коммерческой тайны осуществляется работником на добровольной основе (Приложение Г к настоящему Положению).
49,Кому подчиняется полевая партия?,63,0.6797,0.68,0.0,0.0,"3.32 Передачу маркшейдерской, топографо-геодезической, землеустроительной документации соответствующим организациям (заказчику, экспертным организациям), доведение до сведения работников службы информации об изменении требований нормативно-технической документации в области маркшейдерского обеспечения горных работ, промышленной безопасности, охраны недр, и организовывает их обеспечение нормативными документами."
49,Кому подчиняется полевая партия?,64,0.6797,0.68,0.0,0.0,"5.3 Направлять структурным подразделениям Общества и Заказчика обязательные для выполнения указания и предписания по вопросам, входящим в компетенцию службы."
49,Кому подчиняется полевая партия?,65,0.6795,0.68,0.0,0.0,5 Ответственности
49,Кому подчиняется полевая партия?,66,0.6786,0.68,0.0,0.0,
49,Кому подчиняется полевая партия?,67,0.6921,0.0,0.0,0.69,2 Область применения
49,Кому подчиняется полевая партия?,68,0.6911,0.0,0.0,0.69,7 Организация работы командированного сотрудника
49,Кому подчиняется полевая партия?,69,0.6909,0.0,0.0,0.69,4 Командировки
49,Кому подчиняется полевая партия?,70,0.6872,0.0,0.0,0.69,СОГЛАСОВАНО:
49,Кому подчиняется полевая партия?,71,0.6866,0.0,0.0,0.69,Приложение 5. Шаблоны бланков документированной информации отдела.
49,Кому подчиняется полевая партия?,72,0.685,0.0,0.0,0.68,ПЛ-07-УИСМ
49,Кому подчиняется полевая партия?,73,0.685,0.0,0.0,0.68,ПОЛОЖЕНИЕ об уполномоченном по интегрированной системе менеджмента в отделе геологии «ПЛ-07-УИСМ»
49,Кому подчиняется полевая партия?,74,0.6839,0.0,0.0,0.68,2 Структура
49,Кому подчиняется полевая партия?,75,0.6833,0.0,0.0,0.68,ПЛ-08-УИСМ
49,Кому подчиняется полевая партия?,76,0.6833,0.0,0.0,0.68,ПОЛОЖЕНИЕ Об уполномоченном по интегрированной системе менеджмента в отделе инженерных изысканий «ПЛ-08-УИСМ»
49,Кому подчиняется полевая партия?,77,0.6832,0.0,0.0,0.68,Заключительные положения
49,Кому подчиняется полевая партия?,78,0.6831,0.0,0.0,0.68,Приложение Б
49,Кому подчиняется полевая партия?,79,0.6831,0.0,0.0,0.68,2 Область применения
49,Кому подчиняется полевая партия?,80,0.6831,0.0,0.0,0.68,1 Общие положения
49,Кому подчиняется полевая партия?,81,0.6819,0.0,0.0,0.68,11 Контроль
49,Кому подчиняется полевая партия?,82,0.6818,0.0,0.0,0.68,СОГЛАСОВАНО:
49,Кому подчиняется полевая партия?,83,0.6816,0.0,0.0,0.68,1 Назначение
49,Кому подчиняется полевая партия?,84,0.6813,0.0,0.0,0.68,1 Общие положения
49,Кому подчиняется полевая партия?,85,0.6794,0.0,0.0,0.68,1 Общие положения
49,Кому подчиняется полевая партия?,86,0.6793,0.0,0.0,0.68,СОГЛАСОВАНО:
49,Кому подчиняется полевая партия?,87,0.6792,0.0,0.0,0.68,3 Нормативные ссылки
49,Кому подчиняется полевая партия?,88,0.679,0.0,0.0,0.68,ПЛ-08-МГС
49,Кому подчиняется полевая партия?,89,0.679,0.0,0.0,0.68,Положение о маркшейдерско-геодезической службе ЗАО «ВолгоградНИПИнефть»
49,Кому подчиняется полевая партия?,90,0.6789,0.0,0.0,0.68,Приложение Г
49,Кому подчиняется полевая партия?,91,0.6784,0.0,0.0,0.68,СОГЛАСОВАНО:
49,Кому подчиняется полевая партия?,92,0.6773,0.0,0.0,0.68,2 Область применения
49,Кому подчиняется полевая партия?,93,0.6773,0.0,0.0,0.68,2 Структура
49,Кому подчиняется полевая партия?,94,0.6771,0.0,0.0,0.68,Приложение 2. Перечень регламентированных процессов информационно-технического отдела.
49,Кому подчиняется полевая партия?,95,0.6771,0.0,0.0,0.68,4 Функции
49,Кому подчиняется полевая партия?,96,0.677,0.0,0.0,0.68,1 Общие положения
49,Кому подчиняется полевая партия?,97,0.6765,0.0,0.0,0.68,1 Общие положения
49,Кому подчиняется полевая партия?,98,0.6759,0.0,0.0,0.68,Приложение 2. Перечень внутренней документации ИСМ отдела
49,Кому подчиняется полевая партия?,99,0.6759,0.0,0.0,0.68,"7 Порядок действий при внешних поставках для осуществления работ по договорам в офисе Института и внешних поставках, связанных с развитием инфраструктуры и материальных ресурсов Института"
49,Кому подчиняется полевая партия?,100,0.6758,0.0,0.0,0.68,ПЛ-05
49,Кому подчиняется полевая партия?,101,0.6746,0.0,0.0,0.67,6 Ответственность
49,Кому подчиняется полевая партия?,102,0.6745,0.0,0.0,0.67,3 Термины и определения
49,Кому подчиняется полевая партия?,103,0.6743,0.0,0.0,0.67,Приложение 3. Перечень регламентированных бизнес-процессов
49,Кому подчиняется полевая партия?,104,0.6741,0.0,0.0,0.67,2 Область применения
49,Кому подчиняется полевая партия?,105,0.6734,0.0,0.0,0.67,8 Срок и режим командировки
49,Кому подчиняется полевая партия?,106,0.6734,0.0,0.0,0.67,ПОЛОЖЕНИЕ об отделе делопроизводства и менеджмента качества «ПЛ-20»
49,Кому подчиняется полевая партия?,107,0.6734,0.0,0.0,0.67,ПЛ-20
49,Кому подчиняется полевая партия?,108,0.6733,0.0,0.0,0.67,2 Область применения
49,Кому подчиняется полевая партия?,109,0.6731,0.0,0.0,0.67,2 Область применения
49,Кому подчиняется полевая партия?,110,0.6725,0.0,0.0,0.67,7 Список приложений
49,Кому подчиняется полевая партия?,111,0.6723,0.0,0.0,0.67,"7 Ответственность за разглашение конфиденциальной информации, связанной с персональными данными"
49,Кому подчиняется полевая партия?,112,0.6722,0.0,0.0,0.67,Положения:
49,Кому подчиняется полевая партия?,113,0.6721,0.0,0.0,0.67,2 Область применения
49,Кому подчиняется полевая партия?,114,0.5013,0.0,0.5,0.0,"3.10 Заполненный бланк в электронном виде передается в архив по электронной почте, с обязательным указанием в поле «тема» ХХ - ХХ (номер отдела-номер бланка) на имя Registrator. Название бланка должно содержать номер отдела, номер бланка и идентификационные признаки проектной (отчетной) документации, например: номер договора, сокращенное наименование вида работ/название скважины/месторождения."
49,Кому подчиняется полевая партия?,115,0.8007,0.78,0.0,0.8,6 Ответственность
49,Кому подчиняется полевая партия?,116,0.7702,0.77,0.0,0.76,Приложение 1 Перечень должностных инструкций полевой партии
49,Кому подчиняется полевая партия?,117,0.7451,0.75,0.0,0.73,ПОЛОЖЕНИЕ О полевой партии отдела инженерных изысканий «ПЛ-08-ПП»
49,Кому подчиняется полевая партия?,118,0.7947,0.73,0.0,0.79,5 Права
49,Кому подчиняется полевая партия?,119,0.8303,0.66,0.0,0.83,1 Общие положения
49,Кому подчиняется полевая партия?,120,0.8406,0.65,0.0,0.84,2 Структура
49,Кому подчиняется полевая партия?,121,0.7221,0.65,0.0,0.72,3 Задачи
49,Кому подчиняется полевая партия?,122,0.6741,0.65,0.0,0.67,4 Функции
50,В каком документе описан порядок внешних поставок?,1,0.8125,0.77,0.0,0.81,"7 Порядок действий при внешних поставках для осуществления работ по договорам в офисе Института и внешних поставках, связанных с развитием инфраструктуры и материальных ресурсов Института"
50,В каком документе описан порядок внешних поставок?,2,0.7635,0.76,0.0,0.74,"6 Оценка, выбор и переоценка поставщиков."
50,В каком документе описан порядок внешних поставок?,3,0.7782,0.76,0.0,0.78,2 Область применения
50,В каком документе описан порядок внешних поставок?,4,0.7482,0.75,0.0,0.74,Примечания
50,В каком документе описан порядок внешних поставок?,5,0.7414,0.74,0.0,0.74,3 Нормативные ссылки
50,В каком документе описан порядок внешних поставок?,6,0.7175,0.72,0.0,0.69,"8 Верификация поставленной продукции, работ (услуг)"
50,В каком документе описан порядок внешних поставок?,7,0.8205,0.72,0.0,0.82,ИНСТРУКЦИЯ Внешние поставки «ИН-01-ВП»
50,В каком документе описан порядок внешних поставок?,8,0.7149,0.7,0.0,0.71,Приложение А
50,В каком документе описан порядок внешних поставок?,9,0.7953,0.69,0.0,0.8,Приложение Д
50,В каком документе описан порядок внешних поставок?,10,0.7815,0.68,0.0,0.78,5 Основные положения
50,В каком документе описан порядок внешних поставок?,11,0.7085,0.68,0.0,0.71,Приложение Г
50,В каком документе описан порядок внешних поставок?,12,0.7135,0.68,0.5,0.71,Приложение В
50,В каком документе описан порядок внешних поставок?,13,0.8186,0.67,0.0,0.82,1 Назначение
50,В каком документе описан порядок внешних поставок?,14,0.6982,0.66,0.0,0.7,СОГЛАСОВАНО:
50,В каком документе описан порядок внешних поставок?,15,0.6878,0.66,0.0,0.69,Приложение Б
50,В каком документе описан порядок внешних поставок?,16,0.747,0.59,0.0,0.75,"4 Термины, обозначения, сокращения"
51,Где прописаны правила командировок?,1,0.7938,0.79,0.0,0.79,8 Срок и режим командировки
51,Где прописаны правила командировок?,2,0.7855,0.78,0.0,0.79,7 Организация работы командированного сотрудника
51,Где прописаны правила командировок?,3,0.7916,0.78,0.0,0.79,Приложение А
51,Где прописаны правила командировок?,4,0.7717,0.77,0.0,0.77,5 Бюджет командировки
51,Где прописаны правила командировок?,5,0.7735,0.75,0.0,0.77,9 Окончание работ. Отчет о командировке
51,Где прописаны правила командировок?,6,0.7583,0.75,0.0,0.76,10 Отмена командировки
51,Где прописаны правила командировок?,7,0.8081,0.75,0.0,0.81,Приложение Г
51,Где прописаны правила командировок?,8,0.767,0.75,0.0,0.77,ПОЛОЖЕНИЕ О командировках в АО «ВолгоградНИПИнефть» «ПЛ-13-К»
51,Где прописаны правила командировок?,9,0.7813,0.74,0.0,0.78,4 Командировки
51,Где прописаны правила командировок?,10,0.7954,0.72,0.0,0.8,6 Организация командировки
51,Где прописаны правила командировок?,11,0.8088,0.7,0.0,0.81,2 Нормативные ссылки
51,Где прописаны правила командировок?,12,0.7955,0.69,0.0,0.8,1 Общие положения
51,Где прописаны правила командировок?,13,0.7722,0.66,0.0,0.77,Приложение Б
51,Где прописаны правила командировок?,14,0.7532,0.66,0.0,0.75,Приложение В
51,Где прописаны правила командировок?,15,0.7866,0.65,0.0,0.79,3 Термины и определения
51,Где прописаны правила командировок?,16,0.6728,0.64,0.0,0.67,Приложение Д
51,Где прописаны правила командировок?,17,0.7642,0.64,0.0,0.76,СОГЛАСОВАНО:
52,Есть ли у нас документ про управление рисками?,1,0.8213,0.82,0.0,0.81,Приложение А
52,Есть ли у нас документ про управление рисками?,2,0.8113,0.81,0.0,0.78,4.1 Термины и определения:
52,Есть ли у нас документ про управление рисками?,3,0.8149,0.81,0.0,0.81,5.2 Ответственность и полномочия по управлению рисками определены в:
52,Есть ли у нас документ про управление рисками?,4,0.8037,0.8,0.0,0.79,Риски
52,Есть ли у нас документ про управление рисками?,5,0.7968,0.8,0.0,0.79,7.27 При разработке и внедрении мероприятий по снижению рисков необходимо придерживаться процедур «Корректирующие действия» (ПР-10.2-КД) и «Управление несоответствующей продукцией» (ПР-8.7-УНП):
52,Есть ли у нас документ про управление рисками?,6,0.8077,0.8,0.0,0.81,7.18 Предотвращающие средства контроля/методы смягчения рисков направлены на максимальное снижение вероятности (недопущение) возникновения риска.
52,Есть ли у нас документ про управление рисками?,7,0.7937,0.79,0.0,0.79,"7.9 ДиМК проводит согласование сформированного Реестра рисков с генеральным директором и/или первым заместителем генерального директора и владельцами риска, за которыми закреплена ответственность по управлению соответствующими рисками."
52,Есть ли у нас документ про управление рисками?,8,0.7919,0.79,0.0,0.0,8 Управление исходящей документацией
52,Есть ли у нас документ про управление рисками?,9,0.7892,0.79,0.0,0.78,7 Реестр рисков
52,Есть ли у нас документ про управление рисками?,10,0.788,0.79,0.0,0.75,Предпринимаемые действия с учетом оценки риска:
52,Есть ли у нас документ про управление рисками?,11,0.7852,0.79,0.0,0.76,"6.6 В случае, если риск идентифицирован впервые"
52,Есть ли у нас документ про управление рисками?,12,0.7932,0.78,0.0,0.79,СОГЛАСОВАНО:
52,Есть ли у нас документ про управление рисками?,13,0.7811,0.78,0.0,0.78,3 Нормативные ссылки
52,Есть ли у нас документ про управление рисками?,14,0.7776,0.78,0.0,0.77,3 Нормативные ссылки
52,Есть ли у нас документ про управление рисками?,15,0.7762,0.78,0.0,0.77,6.17 Идентифицированные и проанализированные риски подлежат систематизации. Систематизация рисков производится ДиМК путем формирования и ведения Реестра рисков (Приложение Б данной инструкции).
52,Есть ли у нас документ про управление рисками?,16,0.776,0.78,0.0,0.0,Название документа
52,Есть ли у нас документ про управление рисками?,17,0.8211,0.78,0.0,0.82,ИНСТРУКЦИЯ Управление рисками «ИН-01-УР»
52,Есть ли у нас документ про управление рисками?,18,0.7727,0.77,0.0,0.76,"Регистрация, учет, архивирование и хранение поступающей геолого-технической информации, выполненных отчетов, нормативных документов"
52,Есть ли у нас документ про управление рисками?,19,0.7716,0.77,0.0,0.75,Внутренние регламентирующие документы:
52,Есть ли у нас документ про управление рисками?,20,0.7705,0.77,0.0,0.0,6 Управление внутренними документами
52,Есть ли у нас документ про управление рисками?,21,0.7695,0.77,0.0,0.77,3 Нормативные ссылки
52,Есть ли у нас документ про управление рисками?,22,0.7687,0.77,0.0,0.76,3 Нормативные ссылки
52,Есть ли у нас документ про управление рисками?,23,0.7685,0.77,0.0,0.0,Информация о документе
52,Есть ли у нас документ про управление рисками?,24,0.7668,0.77,0.0,0.0,"1.2 Данный кодекс разработан с целью создания профессиональной культуры в Институте, улучшения имиджа, оптимизации взаимодействия с внешней средой, совершенствования управленческой структуры, т.е. обеспечения устойчивого развития в условиях современных перемен."
52,Есть ли у нас документ про управление рисками?,25,0.7666,0.77,0.0,0.0,4.1 Готовить проекты документов в рамках своей деятельности и предоставлять их на рассмотрение руководства.
52,Есть ли у нас документ про управление рисками?,26,0.7681,0.77,0.0,0.77,Приложение 2. Перечень внутренней документации ИСМ отдела
52,Есть ли у нас документ про управление рисками?,27,0.7659,0.77,0.0,0.0,"4 Термины, обозначения, сокращения"
52,Есть ли у нас документ про управление рисками?,28,0.7915,0.76,0.0,0.79,1 Назначение
52,Есть ли у нас документ про управление рисками?,29,0.7642,0.76,0.0,0.0,Общие сведения
52,Есть ли у нас документ про управление рисками?,30,0.764,0.76,0.0,0.0,7.1 Распределение документов.
52,Есть ли у нас документ про управление рисками?,31,0.7713,0.76,0.0,0.77,3 Нормативные ссылки
52,Есть ли у нас документ про управление рисками?,32,0.7623,0.76,0.0,0.75,3.6 Управление внутренней и внешней нормативной документацией.
52,Есть ли у нас документ про управление рисками?,33,0.7622,0.76,0.0,0.0,Приложение 3. Кадровая документация отдела
52,Есть ли у нас документ про управление рисками?,34,0.7617,0.76,0.0,0.0,Информация о документе
52,Есть ли у нас документ про управление рисками?,35,0.761,0.76,0.0,0.0,Об учетно-финансовом отделе
52,Есть ли у нас документ про управление рисками?,36,0.7606,0.76,0.0,0.0,5.1 Группа имеет право:
52,Есть ли у нас документ про управление рисками?,37,0.76,0.76,0.0,0.0,4.16 Разработка и внедрение мер по предотвращению экологических рисков.
52,Есть ли у нас документ про управление рисками?,38,0.759,0.76,0.0,0.75,Об уполномоченном по интегрированной системе менеджмента в отделе бурения и проектирования строительства скважин
52,Есть ли у нас документ про управление рисками?,39,0.7581,0.76,0.0,0.75,Методы идентификации рисков
52,Есть ли у нас документ про управление рисками?,40,0.758,0.76,0.0,0.0,История документа
52,Есть ли у нас документ про управление рисками?,41,0.8211,0.76,0.0,0.82,ИН-01-УР
52,Есть ли у нас документ про управление рисками?,42,0.7566,0.76,0.0,0.0,5 Правила работы с файлами
52,Есть ли у нас документ про управление рисками?,43,0.7566,0.76,0.0,0.75,12 Перечень нормативных документов по контролю качества выпускаемой продукции
52,Есть ли у нас документ про управление рисками?,44,0.7564,0.76,0.0,0.0,3.14 Управлять внешними нормативными документами в соответствии с процедурой «Управление документированной информацией» (ПР-7.5-УДИ)
52,Есть ли у нас документ про управление рисками?,45,0.7557,0.76,0.0,0.76,Проект горного отвода для всех видов полезных ископаемых
52,Есть ли у нас документ про управление рисками?,46,0.7794,0.0,0.0,0.78,ПЛ-01-НК
52,Есть ли у нас документ про управление рисками?,47,0.7794,0.0,0.0,0.78,ПОЛОЖЕНИЕ О нормоконтроле проектно-сметной и отчетной документации «ПЛ-01-НК»
52,Есть ли у нас документ про управление рисками?,48,0.7717,0.0,0.0,0.77,РИ-13-РД
52,Есть ли у нас документ про управление рисками?,49,0.7717,0.0,0.0,0.77,РАБОЧАЯ ИНСТРУКЦИЯ Организация работ по расходным договорам «РИ-13-РД»
52,Есть ли у нас документ про управление рисками?,50,0.7712,0.0,0.0,0.77,3 Нормативные ссылки
52,Есть ли у нас документ про управление рисками?,51,0.7707,0.0,0.0,0.77,3 Нормативные ссылки
52,Есть ли у нас документ про управление рисками?,52,0.7668,0.0,0.0,0.77,1 Назначение
52,Есть ли у нас документ про управление рисками?,53,0.7653,0.0,0.0,0.77,3 Задачи
52,Есть ли у нас документ про управление рисками?,54,0.7637,0.0,0.0,0.76,Приложение 2. Перечень внутренней документации ИСМ отдела
52,Есть ли у нас документ про управление рисками?,55,0.7636,0.0,0.0,0.76,"Приложение 3 Образец документа, заверенного генеральным директором."
52,Есть ли у нас документ про управление рисками?,56,0.7616,0.0,0.0,0.76,3 Нормативные ссылки
52,Есть ли у нас документ про управление рисками?,57,0.7606,0.0,0.0,0.76,Приложение 3. Перечень регламентированных бизнес-процессов
52,Есть ли у нас документ про управление рисками?,58,0.7591,0.0,0.0,0.76,Приложение 3. Перечень регламентированных процессов договорного отдела.
52,Есть ли у нас документ про управление рисками?,59,0.7579,0.0,0.0,0.76,Общие положения
52,Есть ли у нас документ про управление рисками?,60,0.7578,0.0,0.0,0.76,Приложение 3. Перечень регламентированных бизнес-процессов отдела
52,Есть ли у нас документ про управление рисками?,61,0.7569,0.0,0.0,0.76,1 Общие положения
52,Есть ли у нас документ про управление рисками?,62,0.7566,0.0,0.0,0.76,Приложение 4. График документооборота АО «ВолгоградНИПИнефть»
52,Есть ли у нас документ про управление рисками?,63,0.7553,0.0,0.0,0.76,ИН-15-РегАрх
52,Есть ли у нас документ про управление рисками?,64,0.7553,0.0,0.0,0.76,ИНСТРУКЦИЯ Регистрация и архивирование источников информации «ИН-15-РегАрх»
52,Есть ли у нас документ про управление рисками?,65,0.7544,0.0,0.0,0.75,Приложение 4. Перечень документированной информации отдела
52,Есть ли у нас документ про управление рисками?,66,0.7538,0.0,0.0,0.75,1 Назначение
52,Есть ли у нас документ про управление рисками?,67,0.7536,0.0,0.0,0.75,4 Права доступа к каталогам
52,Есть ли у нас документ про управление рисками?,68,0.7531,0.0,0.0,0.75,Приложение 6. Формы журналов отдела:
52,Есть ли у нас документ про управление рисками?,69,0.7521,0.0,0.0,0.75,ПЛ-12-УИСМ
52,Есть ли у нас документ про управление рисками?,70,0.7516,0.0,0.0,0.75,4 Нормативные ссылки
52,Есть ли у нас документ про управление рисками?,71,0.7515,0.0,0.0,0.75,3 Задачи
52,Есть ли у нас документ про управление рисками?,72,0.7515,0.0,0.0,0.75,Финансово-учетная документация:
52,Есть ли у нас документ про управление рисками?,73,0.7512,0.0,0.0,0.75,Итоговый реестр существенных экологических аспектов
52,Есть ли у нас документ про управление рисками?,74,0.7507,0.0,0.0,0.75,ПЛ-07-УИСМ
52,Есть ли у нас документ про управление рисками?,75,0.7507,0.0,0.0,0.75,ПОЛОЖЕНИЕ об уполномоченном по интегрированной системе менеджмента в отделе геологии «ПЛ-07-УИСМ»
52,Есть ли у нас документ про управление рисками?,76,0.7503,0.0,0.0,0.75,Согласовано:
52,Есть ли у нас документ про управление рисками?,77,0.7501,0.0,0.0,0.75,5 Основные положения
52,Есть ли у нас документ про управление рисками?,78,0.75,0.0,0.0,0.75,1 Общие положения
52,Есть ли у нас документ про управление рисками?,79,0.7494,0.0,0.0,0.75,5 Полномочия руководителя Института в области защиты коммерческой тайны
52,Есть ли у нас документ про управление рисками?,80,0.749,0.0,0.0,0.75,5 Порядок проведения нормоконтроля
52,Есть ли у нас документ про управление рисками?,81,0.7486,0.0,0.0,0.75,Приложение 5. Перечень программного обеспечения отдела
52,Есть ли у нас документ про управление рисками?,82,0.7481,0.0,0.0,0.75,Приложение 2. Перечень внутренней документации договорного отдела
52,Есть ли у нас документ про управление рисками?,83,0.7481,0.0,0.0,0.75,Приложение Б. Информационный лист проекта
52,Есть ли у нас документ про управление рисками?,84,0.7478,0.0,0.0,0.75,Приложение 4. Перечень программного обеспечения отдела
52,Есть ли у нас документ про управление рисками?,85,0.7474,0.0,0.0,0.75,7 Список приложений
52,Есть ли у нас документ про управление рисками?,86,0.7472,0.0,0.0,0.75,2 Нормативные ссылки
52,Есть ли у нас документ про управление рисками?,87,0.7471,0.0,0.0,0.75,ИН-20-ДО
52,Есть ли у нас документ про управление рисками?,88,0.7471,0.0,0.0,0.75,ИНСТРУКЦИЯ Организация работ по документообороту «ИН-20-ДО»
52,Есть ли у нас документ про управление рисками?,89,0.7469,0.0,0.0,0.75,ИН-01-СВР
52,Есть ли у нас документ про управление рисками?,90,0.7469,0.0,0.0,0.75,ИНСТРУКЦИЯ Стадии выполнения работ «ИН-01-СВР»
52,Есть ли у нас документ про управление рисками?,91,0.7465,0.0,0.0,0.75,1 ОБЩИЕ ПОЛОЖЕНИЯ
52,Есть ли у нас документ про управление рисками?,92,0.7465,0.0,0.0,0.75,Приложение 6. Формы журналов отдела:
52,Есть ли у нас документ про управление рисками?,93,0.8213,0.82,0.0,0.81,Приложение А
52,Есть ли у нас документ про управление рисками?,94,0.8113,0.81,0.0,0.78,"4 Термины, обозначения, сокращения"
52,Есть ли у нас документ про управление рисками?,95,0.7892,0.79,0.0,0.78,7 Реестр рисков
52,Есть ли у нас документ про управление рисками?,96,0.7892,0.79,0.0,0.79,7 Реестр рисков
52,Есть ли у нас документ про управление рисками?,97,0.8077,0.79,0.0,0.81,7 Реестр рисков
52,Есть ли у нас документ про управление рисками?,98,0.7932,0.78,0.0,0.79,СОГЛАСОВАНО:
52,Есть ли у нас документ про управление рисками?,99,0.8211,0.78,0.0,0.82,ИНСТРУКЦИЯ Управление рисками «ИН-01-УР»
52,Есть ли у нас документ про управление рисками?,100,0.7667,0.77,0.0,0.76,6 Идентификация и оценка рисков
52,Есть ли у нас документ про управление рисками?,101,0.7915,0.76,0.0,0.79,1 Назначение
52,Есть ли у нас документ про управление рисками?,102,0.7713,0.76,0.0,0.77,3 Нормативные ссылки
52,Есть ли у нас документ про управление рисками?,103,0.7581,0.76,0.0,0.75,Методы идентификации рисков
52,Есть ли у нас документ про управление рисками?,104,0.7922,0.74,0.0,0.79,7 Реестр рисков
52,Есть ли у нас документ про управление рисками?,105,0.7723,0.72,0.0,0.77,6 Идентификация и оценка рисков
52,Есть ли у нас документ про управление рисками?,106,0.7915,0.71,0.0,0.79,Приложение Б
52,Есть ли у нас документ про управление рисками?,107,0.8149,0.7,0.0,0.81,5 Основные положения
52,Есть ли у нас документ про управление рисками?,108,0.7524,0.69,0.0,0.75,Приложение В
52,Есть ли у нас документ про управление рисками?,109,0.6991,0.68,0.0,0.7,2 Область применения
53,В каком документе описана защита персональных данных сотрудников?,1,0.8313,0.79,0.0,0.83,ПОЛОЖЕНИЕ О защите персональных данных работников «ПЛ-2-ЗПДР»
53,В каком документе описана защита персональных данных сотрудников?,2,0.7957,0.78,0.0,0.8,5 Защита персональных данных
53,В каком документе описана защита персональных данных сотрудников?,3,0.8001,0.78,0.0,0.8,5 Защита персональных данных
53,В каком документе описана защита персональных данных сотрудников?,4,0.8036,0.77,0.0,0.8,2 Понятие и состав персональных данных
53,В каком документе описана защита персональных данных сотрудников?,5,0.7964,0.76,0.0,0.8,5 Защита персональных данных
53,В каком документе описана защита персональных данных сотрудников?,6,0.7673,0.75,0.0,0.77,3 Обработка персональных данных
53,В каком документе описана защита персональных данных сотрудников?,7,0.789,0.75,0.0,0.79,"7 Ответственность за разглашение конфиденциальной информации, связанной с персональными данными"
53,В каком документе описана защита персональных данных сотрудников?,8,0.7703,0.74,0.0,0.77,3 Обработка персональных данных
53,В каком документе описана защита персональных данных сотрудников?,9,0.7938,0.74,0.0,0.79,6 Права и обязанности работника
53,В каком документе описана защита персональных данных сотрудников?,10,0.7767,0.72,0.0,0.78,4 Доступ к персональным данным
53,В каком документе описана защита персональных данных сотрудников?,11,0.8044,0.71,0.0,0.8,СОГЛАСОВАНО:
53,В каком документе описана защита персональных данных сотрудников?,12,0.7227,0.71,0.0,0.72,Лист регистрации изменений
53,В каком документе описана защита персональных данных сотрудников?,13,0.8295,0.69,0.0,0.83,1 Общие положения
54,Где описываются правила по обращению с отходами,1,0.8282,0.83,0.0,0.83,3 Нормативные ссылки
54,Где описываются правила по обращению с отходами,2,0.8227,0.82,0.0,0.78,7 Порядок учета отходов
54,Где описываются правила по обращению с отходами,3,0.819,0.82,0.0,0.77,8 Требования к транспортированию отходов
54,Где описываются правила по обращению с отходами,4,0.8181,0.82,0.0,0.82,1 Назначение
54,Где описываются правила по обращению с отходами,5,0.8114,0.81,0.0,0.8,6 Порядок накопления отходов
54,Где описываются правила по обращению с отходами,6,0.8114,0.81,0.0,0.76,6 Порядок накопления отходов
54,Где описываются правила по обращению с отходами,7,0.8046,0.8,0.0,0.79,10 Безопасное обращение с отходами
54,Где описываются правила по обращению с отходами,8,0.7968,0.8,0.0,0.5,"4 Термины, обозначения, сокращения"
54,Где описываются правила по обращению с отходами,9,0.7942,0.79,0.0,0.76,9 Требования к передаче отходов сторонним специализированным организациям
54,Где описываются правила по обращению с отходами,10,0.8143,0.78,0.0,0.81,Инструкция о порядке обращения с отходами производства и потребления АО «ВолгоградНИПИнефть» «ИН-01-ПОО»
54,Где описываются правила по обращению с отходами,11,0.7609,0.71,0.0,0.76,5 Основные положения
54,Где описываются правила по обращению с отходами,12,0.7532,0.7,0.0,0.75,12 Ответственность
54,Где описываются правила по обращению с отходами,13,0.7032,0.7,0.0,0.69,Лист регистрации изменений
54,Где описываются правила по обращению с отходами,14,0.7333,0.69,0.0,0.73,2 Область применения
54,Где описываются правила по обращению с отходами,15,0.6987,0.69,0.0,0.7,СОГЛАСОВАНО:
54,Где описываются правила по обращению с отходами,16,0.7781,0.67,0.0,0.78,11 Контроль
55,Какой документ регулирует корпоративную мобильную связь?,1,0.8242,0.82,0.0,0.77,5 Правила пользования корпоративной мобильной связью
55,Какой документ регулирует корпоративную мобильную связь?,2,0.8218,0.82,0.0,0.77,4 Порядок предоставления корпоративной мобильной связи
55,Какой документ регулирует корпоративную мобильную связь?,3,0.8259,0.79,0.0,0.83,2 Нормативные ссылки
55,Какой документ регулирует корпоративную мобильную связь?,4,0.7851,0.79,0.0,0.76,"7 Материальная ответственность работника, использующего корпоративную SIM-карту и корпоративный мобильный аппарат"
55,Какой документ регулирует корпоративную мобильную связь?,5,0.7757,0.78,0.0,0.76,6 Нормы и порядок возмещения перерасхода лимита корпоративной мобильной связи
55,Какой документ регулирует корпоративную мобильную связь?,6,0.7683,0.77,0.0,0.76,Приложение Е
55,Какой документ регулирует корпоративную мобильную связь?,7,0.8097,0.76,0.0,0.81,ПОЛОЖЕНИЕ О корпоративной мобильной связи в АО «ВолгоградНИПИнефть» «ПЛ-13-КМС»
55,Какой документ регулирует корпоративную мобильную связь?,8,0.7975,0.76,0.0,0.8,Приложение Д
55,Какой документ регулирует корпоративную мобильную связь?,9,0.7859,0.73,0.0,0.79,Приложение А
55,Какой документ регулирует корпоративную мобильную связь?,10,0.7998,0.69,0.0,0.8,СОГЛАСОВАНО:
55,Какой документ регулирует корпоративную мобильную связь?,11,0.8135,0.69,0.0,0.81,1 Общие положения
55,Какой документ регулирует корпоративную мобильную связь?,12,0.7511,0.68,0.0,0.75,Приложение В
55,Какой документ регулирует корпоративную мобильную связь?,13,0.7756,0.67,0.0,0.78,Приложение Г
55,Какой документ регулирует корпоративную мобильную связь?,14,0.6752,0.64,0.0,0.68,Приложение Б
55,Какой документ регулирует корпоративную мобильную связь?,15,0.806,0.64,0.0,0.81,3 Термины и определения
56,В каком документе найти сруткуру каталогов,1,0.8135,0.79,0.0,0.81,4 Права доступа к каталогам
56,В каком документе найти сруткуру каталогов,2,0.7909,0.79,0.0,0.79,РАБОЧАЯ ИНСТРУКЦИЯ Структура каталогов «РИ-10-СтруктКат»
56,В каком документе найти сруткуру каталогов,3,0.7786,0.76,0.0,0.78,3 Правила работы с каталогами текущих проектов:
56,В каком документе найти сруткуру каталогов,4,0.7772,0.73,0.0,0.78,2 Основная часть
56,В каком документе найти сруткуру каталогов,5,0.7039,0.7,0.0,0.66,5 Правила работы с файлами
56,В каком документе найти сруткуру каталогов,6,0.7217,0.7,0.0,0.72,Лист регистрации изменений
56,В каком документе найти сруткуру каталогов,7,0.7699,0.65,0.0,0.77,1 Назначение
57,Есть ли регламент по идентификации экологических аспектов?,1,0.8463,0.85,0.0,0.84,5 Идентификация всех возможных экологических аспектов
57,Есть ли регламент по идентификации экологических аспектов?,2,0.8298,0.83,0.0,0.8,7 Последовательность формирования реестров экологических аспектов
57,Есть ли регламент по идентификации экологических аспектов?,3,0.8297,0.83,0.0,0.83,Сводный реестр экологических аспектов
57,Есть ли регламент по идентификации экологических аспектов?,4,0.8207,0.82,0.0,0.78,5 Идентификация всех возможных экологических аспектов
57,Есть ли регламент по идентификации экологических аспектов?,5,0.831,0.82,0.0,0.83,Идентификация экологических аспектов
57,Есть ли регламент по идентификации экологических аспектов?,6,0.8252,0.82,0.0,0.83,Итоговый реестр существенных экологических аспектов
57,Есть ли регламент по идентификации экологических аспектов?,7,0.8176,0.82,0.0,0.81,Процедура Идентификация экологических аспектов ПР-6.1.2-ИЭА
57,Есть ли регламент по идентификации экологических аспектов?,8,0.7969,0.8,0.0,0.8,1 Назначение
57,Есть ли регламент по идентификации экологических аспектов?,9,0.8367,0.79,0.0,0.84,6 Определение существенного воздействия экологических аспектов на ОС
57,Есть ли регламент по идентификации экологических аспектов?,10,0.7903,0.79,0.0,0.79,3 Нормативные ссылки
57,Есть ли регламент по идентификации экологических аспектов?,11,0.7815,0.78,0.0,0.77,"8 Мониторинг, измерения, анализ и оценивание"
57,Есть ли регламент по идентификации экологических аспектов?,12,0.8359,0.76,0.0,0.84,СОГЛАСОВАНО:
57,Есть ли регламент по идентификации экологических аспектов?,13,0.7616,0.73,0.0,0.76,Положения:
57,Есть ли регламент по идентификации экологических аспектов?,14,0.7471,0.7,0.0,0.75,2 Область применения
57,Есть ли регламент по идентификации экологических аспектов?,15,0.8187,0.68,0.0,0.82,4 Термины и сокращения
57,Есть ли регламент по идентификации экологических аспектов?,16,0.7162,0.65,0.0,0.72,Приложение А
58,Какие задачи у отдела бурения и проектирования строительства скважин?,1,0.7992,0.8,0.0,0.77,3 Задачи
58,Какие задачи у отдела бурения и проектирования строительства скважин?,2,0.7479,0.75,0.0,0.74,4 Функции
58,Какие задачи у отдела бурения и проектирования строительства скважин?,3,0.7317,0.73,0.0,0.73,Отдел имеет право:
58,Какие задачи у отдела бурения и проектирования строительства скважин?,4,0.7222,0.72,0.0,0.69,Приложение 1. Структура отдела
58,Какие задачи у отдела бурения и проектирования строительства скважин?,5,0.7149,0.71,0.0,0.7,7 Список приложений
58,Какие задачи у отдела бурения и проектирования строительства скважин?,6,0.7223,0.71,0.0,0.72,Отдел несет ответственность за:
58,Какие задачи у отдела бурения и проектирования строительства скважин?,7,0.7092,0.7,0.0,0.71,Приложение 3. Перечень регламентированных бизнес-процессов отдела
58,Какие задачи у отдела бурения и проектирования строительства скважин?,8,0.7,0.7,0.0,0.65,1 Общие положения
58,Какие задачи у отдела бурения и проектирования строительства скважин?,9,0.6934,0.69,0.0,0.69,Приложение 2. Перечень внутренней документации ИСМ отдела
58,Какие задачи у отдела бурения и проектирования строительства скважин?,10,0.6891,0.69,0.0,0.69,2 Структура
58,Какие задачи у отдела бурения и проектирования строительства скважин?,11,0.7277,0.67,0.0,0.73,Приложение 4. Перечень программного обеспечения отдела
58,Какие задачи у отдела бурения и проектирования строительства скважин?,12,0.6923,0.67,0.0,0.69,ПОЛОЖЕНИЕ Об отделе бурения и проектирования строительства скважин «ПЛ-12»
59,Чем занимается полевая партия отдела инженерных изысканий?,1,0.8273,0.83,0.0,0.76,4 Функции
59,Чем занимается полевая партия отдела инженерных изысканий?,2,0.7911,0.79,0.0,0.78,3 Задачи
59,Чем занимается полевая партия отдела инженерных изысканий?,3,0.7334,0.73,0.0,0.69,2 Структура
59,Чем занимается полевая партия отдела инженерных изысканий?,4,0.7195,0.7,0.0,0.72,Приложение 1 Перечень должностных инструкций полевой партии
59,Чем занимается полевая партия отдела инженерных изысканий?,5,0.6934,0.69,0.0,0.68,1 Общие положения
59,Чем занимается полевая партия отдела инженерных изысканий?,6,0.7432,0.69,0.0,0.74,6 Ответственность
59,Чем занимается полевая партия отдела инженерных изысканий?,7,0.7104,0.67,0.0,0.71,5 Права
59,Чем занимается полевая партия отдела инженерных изысканий?,8,0.6823,0.66,0.0,0.68,ПОЛОЖЕНИЕ О полевой партии отдела инженерных изысканий «ПЛ-08-ПП»
60,Какие функции у учетно-финансового отдела?,1,0.8111,0.78,0.51,0.81,Приложение 2. Перечень внутренней документации ИСМ отдела
60,Какие функции у учетно-финансового отдела?,2,0.7847,0.78,0.52,0.78,Приложение 4. График документооборота АО «ВолгоградНИПИнефть»
60,Какие функции у учетно-финансового отдела?,3,0.8217,0.76,0.5,0.82,ПОЛОЖЕНИЕ Об учетно-финансовом отделе «ПЛ-13»
60,Какие функции у учетно-финансового отдела?,4,0.79,0.74,0.0,0.79,Приложение 1. Структура отдела
60,Какие функции у учетно-финансового отдела?,5,0.761,0.73,0.51,0.76,Приложение 4. График документооборота АО «ВолгоградНИПИнефть»
60,Какие функции у учетно-финансового отдела?,6,0.7473,0.72,0.0,0.75,Приложение 3. Перечень программного обеспечения отдела
60,Какие функции у учетно-финансового отдела?,7,0.8249,0.71,0.0,0.82,4 Функции
60,Какие функции у учетно-финансового отдела?,8,0.8183,0.71,0.0,0.82,4 Функции
60,Какие функции у учетно-финансового отдела?,9,0.7738,0.69,0.0,0.77,2 Структура
60,Какие функции у учетно-финансового отдела?,10,0.8209,0.67,0.0,0.82,3 Задачи
60,Какие функции у учетно-финансового отдела?,11,0.8259,0.66,0.0,0.83,1 Общие положения
60,Какие функции у учетно-финансового отдела?,12,0.6669,0.64,0.0,0.67,СОГЛАСОВАНО:
61,Какие есть стадии выполнения проектных работ?,1,0.8426,0.84,0.0,0.82,Приложение А. Стадии и этапы выполнения работ
61,Какие есть стадии выполнения проектных работ?,2,0.8324,0.83,0.0,0.82,5 Стадии выполнения работ
61,Какие есть стадии выполнения проектных работ?,3,0.8294,0.83,0.0,0.69,8 Стадия оформления работы
61,Какие есть стадии выполнения проектных работ?,4,0.8277,0.83,0.0,0.72,10 Завершающая стадия
61,Какие есть стадии выполнения проектных работ?,5,0.8136,0.81,0.0,0.76,ИНСТРУКЦИЯ Стадии выполнения работ «ИН-01-СВР»
61,Какие есть стадии выполнения проектных работ?,6,0.8105,0.81,0.0,0.77,7 Стадия проектирования
61,Какие есть стадии выполнения проектных работ?,7,0.8105,0.81,0.0,0.77,7 Стадия проектирования
61,Какие есть стадии выполнения проектных работ?,8,0.7866,0.79,0.0,0.74,"9 Стадия экспертиз, защит и согласований"
61,Какие есть стадии выполнения проектных работ?,9,0.7899,0.78,0.0,0.79,Приложение Б Шаблон информационного листа проекта.
61,Какие есть стадии выполнения проектных работ?,10,0.7632,0.76,0.0,0.75,1 Назначение
61,Какие есть стадии выполнения проектных работ?,11,0.7638,0.74,0.0,0.76,6 Предпроектная проработка
61,Какие есть стадии выполнения проектных работ?,12,0.7226,0.72,0.0,0.72,2 Область применения
61,Какие есть стадии выполнения проектных работ?,13,0.7091,0.71,0.0,0.68,3 Нормативные ссылки
61,Какие есть стадии выполнения проектных работ?,14,0.7089,0.71,0.0,0.68,Приложение Б. Информационный лист проекта
61,Какие есть стадии выполнения проектных работ?,15,0.7041,0.7,0.51,0.68,4 Термины и сокращения
61,Какие есть стадии выполнения проектных работ?,16,0.699,0.7,0.0,0.68,Приложение Б. Информационный лист проекта
62,Как транспортировать отходы IV класса опасности,1,0.8024,0.8,0.0,0.8,8 Требования к транспортированию отходов
62,Как транспортировать отходы IV класса опасности,2,0.7565,0.76,0.0,0.71,6 Порядок накопления отходов
62,Как транспортировать отходы IV класса опасности,3,0.7565,0.76,0.0,0.73,6 Порядок накопления отходов
62,Как транспортировать отходы IV класса опасности,4,0.7472,0.75,0.5,0.5,"4 Термины, обозначения, сокращения"
62,Как транспортировать отходы IV класса опасности,5,0.7421,0.74,0.0,0.68,7 Порядок учета отходов
62,Как транспортировать отходы IV класса опасности,6,0.7414,0.74,0.0,0.72,10 Безопасное обращение с отходами
62,Как транспортировать отходы IV класса опасности,7,0.7307,0.73,0.0,0.72,9 Требования к передаче отходов сторонним специализированным организациям
62,Как транспортировать отходы IV класса опасности,8,0.7307,0.73,0.0,0.72,11 Контроль
62,Как транспортировать отходы IV класса опасности,9,0.7181,0.72,0.0,0.71,12 Ответственность
62,Как транспортировать отходы IV класса опасности,10,0.6948,0.69,0.0,0.68,Инструкция о порядке обращения с отходами производства и потребления АО «ВолгоградНИПИнефть» «ИН-01-ПОО»
62,Как транспортировать отходы IV класса опасности,11,0.6939,0.69,0.0,0.68,3 Нормативные ссылки
62,Как транспортировать отходы IV класса опасности,12,0.6946,0.69,0.0,0.69,5 Основные положения
62,Как транспортировать отходы IV класса опасности,13,0.6883,0.69,0.0,0.65,Лист регистрации изменений
62,Как транспортировать отходы IV класса опасности,14,0.6934,0.68,0.0,0.69,1 Назначение
62,Как транспортировать отходы IV класса опасности,15,0.6738,0.67,0.0,0.65,СОГЛАСОВАНО:
62,Как транспортировать отходы IV класса опасности,16,0.6661,0.66,0.0,0.67,2 Область применения
63,Что входит в процесс управления рисками?,1,0.8288,0.83,0.0,0.81,"4 Термины, обозначения, сокращения"
63,Что входит в процесс управления рисками?,2,0.8322,0.79,0.0,0.83,Приложение А
63,Что входит в процесс управления рисками?,3,0.7969,0.79,0.0,0.8,6 Идентификация и оценка рисков
63,Что входит в процесс управления рисками?,4,0.7814,0.78,0.0,0.77,Методы идентификации рисков
63,Что входит в процесс управления рисками?,5,0.7948,0.76,0.0,0.79,1 Назначение
63,Что входит в процесс управления рисками?,6,0.8,0.76,0.0,0.8,ИНСТРУКЦИЯ Управление рисками «ИН-01-УР»
63,Что входит в процесс управления рисками?,7,0.7658,0.76,0.0,0.77,7 Реестр рисков
63,Что входит в процесс управления рисками?,8,0.7862,0.76,0.0,0.79,7 Реестр рисков
63,Что входит в процесс управления рисками?,9,0.7956,0.76,0.0,0.8,7 Реестр рисков
63,Что входит в процесс управления рисками?,10,0.7548,0.75,0.0,0.75,СОГЛАСОВАНО:
63,Что входит в процесс управления рисками?,11,0.805,0.73,0.0,0.8,7 Реестр рисков
63,Что входит в процесс управления рисками?,12,0.7387,0.73,0.0,0.74,3 Нормативные ссылки
63,Что входит в процесс управления рисками?,13,0.79,0.72,0.0,0.79,6 Идентификация и оценка рисков
63,Что входит в процесс управления рисками?,14,0.6984,0.68,0.0,0.7,2 Область применения
63,Что входит в процесс управления рисками?,15,0.846,0.67,0.0,0.85,5 Основные положения
63,Что входит в процесс управления рисками?,16,0.7899,0.65,0.0,0.79,Приложение В
63,Что входит в процесс управления рисками?,17,0.768,0.65,0.0,0.77,Приложение Б
64,Что значит накопление отходов?,1,0.856,0.86,0.5,0.0,"4 Термины, обозначения, сокращения"
64,Что значит накопление отходов?,2,0.8488,0.85,0.54,0.81,6 Порядок накопления отходов
64,Что значит накопление отходов?,3,0.8488,0.85,0.51,0.79,6 Порядок накопления отходов
64,Что значит накопление отходов?,4,0.8142,0.81,0.0,0.75,7 Порядок учета отходов
64,Что значит накопление отходов?,5,0.8031,0.8,0.51,0.78,"11.2 За накопление отходов отвечает руководитель структурного подразделения (начальник отдела, заведующий лаборатории, руководитель группы), от деятельности которого образованы отходы, и заместитель генерального директора по общим вопросам."
64,Что значит накопление отходов?,6,0.8183,0.8,0.51,0.82,10.2 Способы  накопления  отходов  и  их  передачи  сторонним  организациям  должны исключать возможность загрязнения окружающей территории.
64,Что значит накопление отходов?,7,0.7878,0.79,0.0,0.76,8 Требования к транспортированию отходов
64,Что значит накопление отходов?,8,0.7806,0.78,0.51,0.77,"12.2 За нарушение учета образования, накопления и передачи отходов, за несвоевременное  заключение  договоров  на  утилизацию,  обезвреживание  и/или размещение отходов и их выполнение отвечают ОВЭО и заместитель генерального директора по общим вопросам."
64,Что значит накопление отходов?,9,0.7774,0.78,0.0,0.75,"9.6 Обязательным является наличие документального подтверждения всей цепочки движения отходов: договор с транспортной компанией на транспортирование отходов, договор транспортной компании со специализированной организацией, которой в конечном итоге будут переданы отходы на обработку, утилизацию, обезвреживание и/или размещение (захоронение)"
64,Что значит накопление отходов?,10,0.7623,0.76,0.0,0.75,7 Последовательность формирования реестров экологических аспектов
64,Что значит накопление отходов?,11,0.7716,0.76,0.5,0.77,5.2 Деятельность Института должна быть направлена на сокращение объема (массы) образования отходов и передачу их специализированным организациям в соответствии с действующим законодательством.
64,Что значит накопление отходов?,12,0.7584,0.76,0.0,0.69,"Порядок приемки, регистрации и архивирования источников информации."
64,Что значит накопление отходов?,13,0.747,0.75,0.53,0.73,5.4 Идентификация видов воздействия экологических аспектов на ОС
64,Что значит накопление отходов?,14,0.7465,0.75,0.0,0.72,Определения и сокращения
64,Что значит накопление отходов?,15,0.7431,0.74,0.0,0.72,3 Нормативные ссылки
64,Что значит накопление отходов?,16,0.7338,0.73,0.0,0.73,4.1 Термины.
64,Что значит накопление отходов?,17,0.7337,0.73,0.53,0.72,"5.2 Идентификация видов деятельности, процессов, источников загрязнения, продукции, услуг."
64,Что значит накопление отходов?,18,0.7328,0.73,0.0,0.72,Приложение 3. Перечень программного обеспечения
64,Что значит накопление отходов?,19,0.7325,0.73,0.0,0.71,"4.11 Сбор, систематизация и оцифровка геолого-технологической информации."
64,Что значит накопление отходов?,20,0.7315,0.73,0.0,0.7,"4.27 Сбор, организация и хранение фактических данных по маркшейдерии и инженерным изысканиям."
64,Что значит накопление отходов?,21,0.7299,0.73,0.55,0.69,6.2 Оценка существенности экологических аспектов по суммарному количеству баллов
64,Что значит накопление отходов?,22,0.7264,0.73,0.53,0.7,4.1.4 Проект геологического изучения в целях захоронения сточных вод.
64,Что значит накопление отходов?,23,0.7255,0.73,0.0,0.71,3.18 Ведение учета и составления базы данных государственной опорной и съемочной геодезических сетей по всем месторождениям Общества.
64,Что значит накопление отходов?,24,0.725,0.72,0.0,0.0,4.2 Применяемые сокращения :
64,Что значит накопление отходов?,25,0.7244,0.72,0.0,0.0,"4 Термины, обозначения, сокращения"
64,Что значит накопление отходов?,26,0.7243,0.72,0.0,0.69,"3.2 Участие в разработке проектов строительства, эксплуатации, реконструкции,  консервации  и  ликвидации  объектов  по  добыче  полезных ископаемых."
64,Что значит накопление отходов?,27,0.7236,0.72,0.0,0.71,3.15 Отчет об архивировании формируется не позднее 5-ти рабочих дней с даты поступления бланка регистрации. Отчет является записью о результатах обработки информации.
64,Что значит накопление отходов?,28,0.7218,0.72,0.0,0.0,"Регистрация, учет, архивирование и хранение поступающей геолого-технической информации, выполненных отчетов, нормативных документов"
64,Что значит накопление отходов?,29,0.7217,0.72,0.0,0.0,"4 Термины, обозначения, сокращения"
64,Что значит накопление отходов?,30,0.7209,0.72,0.0,0.0,"4.5 Регистрация, учет и архивирование поступающей геолого-технической информации, выполненных отчетов, нормативных документов."
64,Что значит накопление отходов?,31,0.72,0.72,0.0,0.0,4 Термины и сокращения
64,Что значит накопление отходов?,32,0.7193,0.72,0.0,0.69,"Сбор, организация и хранение фактических данных по строительству скважин"
64,Что значит накопление отходов?,33,0.7556,0.72,0.0,0.76,1 Назначение
64,Что значит накопление отходов?,34,0.7178,0.72,0.0,0.72,С производственными службами Заказчика по строительству и обустройству месторождений:
64,Что значит накопление отходов?,35,0.7461,0.0,0.0,0.75,Общие положения
64,Что значит накопление отходов?,36,0.722,0.0,0.0,0.72,Сводный реестр экологических аспектов
64,Что значит накопление отходов?,37,0.7205,0.0,0.0,0.72,ИН-01-ПОО
64,Что значит накопление отходов?,38,0.7205,0.0,0.0,0.72,Инструкция о порядке обращения с отходами производства и потребления АО «ВолгоградНИПИнефть» «ИН-01-ПОО»
64,Что значит накопление отходов?,39,0.716,0.0,0.0,0.72,4 Функции
64,Что значит накопление отходов?,40,0.7142,0.0,0.5,0.71,3 Задачи
64,Что значит накопление отходов?,41,0.7134,0.0,0.0,0.71,5 Правила работы с файлами
64,Что значит накопление отходов?,42,0.7117,0.0,0.0,0.71,Итоговый реестр существенных экологических аспектов
64,Что значит накопление отходов?,43,0.7107,0.0,0.0,0.71,3 Задачи
64,Что значит накопление отходов?,44,0.7106,0.0,0.0,0.71,Приложение 4. Перечень документированной информации отдела
64,Что значит накопление отходов?,45,0.7093,0.0,0.52,0.71,Порядок работы
64,Что значит накопление отходов?,46,0.705,0.0,0.0,0.71,Приложение 1 Перечень документированной информации
64,Что значит накопление отходов?,47,0.7049,0.0,0.0,0.7,Организация договорной работы
64,Что значит накопление отходов?,48,0.7041,0.0,0.0,0.7,7 Приемка материалов по окончании полевых работ
64,Что значит накопление отходов?,49,0.7039,0.0,0.0,0.7,ИН-15-РегАрх
64,Что значит накопление отходов?,50,0.7039,0.0,0.0,0.7,ИНСТРУКЦИЯ Регистрация и архивирование источников информации «ИН-15-РегАрх»
64,Что значит накопление отходов?,51,0.7037,0.0,0.0,0.7,С отделом бурения Общества
64,Что значит накопление отходов?,52,0.7019,0.0,0.5,0.7,4 Функции
64,Что значит накопление отходов?,53,0.7012,0.0,0.0,0.7,Приложение 4. Перечень программного обеспечения отдела
64,Что значит накопление отходов?,54,0.6999,0.0,0.0,0.7,ИН-20-ДО
64,Что значит накопление отходов?,55,0.6999,0.0,0.0,0.7,ИНСТРУКЦИЯ Организация работ по документообороту «ИН-20-ДО»
64,Что значит накопление отходов?,56,0.6994,0.0,0.0,0.7,3 Задачи
64,Что значит накопление отходов?,57,0.6993,0.0,0.0,0.7,10 Завершающая стадия
64,Что значит накопление отходов?,58,0.6987,0.0,0.0,0.7,С отделом проектирования разработки нефтяных и газовых месторождений Общества:
64,Что значит накопление отходов?,59,0.6987,0.0,0.0,0.7,Идентификация экологических аспектов
64,Что значит накопление отходов?,60,0.6986,0.0,0.0,0.7,4 Определения и сокращения
64,Что значит накопление отходов?,61,0.6983,0.0,0.0,0.7,6 Идентификация и оценка рисков
64,Что значит накопление отходов?,62,0.6979,0.0,0.0,0.7,1 Назначение
64,Что значит накопление отходов?,63,0.6976,0.0,0.0,0.7,4 Функции
64,Что значит накопление отходов?,64,0.6972,0.0,0.0,0.7,При этом проверяются:
64,Что значит накопление отходов?,65,0.6968,0.0,0.0,0.7,1 Назначение
64,Что значит накопление отходов?,66,0.6964,0.0,0.0,0.7,Внутреннего трудового распорядка АО «ВолгоградНИПИнефть»
64,Что значит накопление отходов?,67,0.696,0.0,0.0,0.7,О группе охраны окружающей среды отдела бурения и «ПЛ-12-ГООС»
64,Что значит накопление отходов?,68,0.696,0.0,0.0,0.7,ПЛ-12 -ГООС
64,Что значит накопление отходов?,69,0.6959,0.0,0.0,0.7,Приложение 5. Перечень программного обеспечения отдела
64,Что значит накопление отходов?,70,0.695,0.0,0.0,0.7,ПЛ-07-УИСМ
64,Что значит накопление отходов?,71,0.695,0.0,0.0,0.7,ПОЛОЖЕНИЕ об уполномоченном по интегрированной системе менеджмента в отделе геологии «ПЛ-07-УИСМ»
64,Что значит накопление отходов?,72,0.6949,0.0,0.0,0.69,С Геологическим отделом Общества:
64,Что значит накопление отходов?,73,0.6949,0.0,0.0,0.69,1 Назначение
64,Что значит накопление отходов?,74,0.6941,0.0,0.0,0.69,1 Назначение
64,Что значит накопление отходов?,75,0.6936,0.0,0.0,0.69,3 Нормативные ссылки
64,Что значит накопление отходов?,76,0.6934,0.0,0.0,0.69,Приложение 3. Кадровая документация отдела
64,Что значит накопление отходов?,77,0.6934,0.0,0.52,0.69,3 Задачи
64,Что значит накопление отходов?,78,0.693,0.0,0.0,0.69,5 Права
64,Что значит накопление отходов?,79,0.6928,0.0,0.0,0.69,P:\\\\Информация…
64,Что значит накопление отходов?,80,0.6921,0.0,0.0,0.69,Со структурными подразделениями Общества
64,Что значит накопление отходов?,81,0.6911,0.0,0.0,0.69,1 Общие положения
64,Что значит накопление отходов?,82,0.6903,0.0,0.0,0.69,Производственная информация
64,Что значит накопление отходов?,83,0.5602,0.0,0.56,0.0,"4.8 Обоснование стоимости работ по договорам, тендерам и иные расчеты к ним."
64,Что значит накопление отходов?,84,0.5537,0.0,0.55,0.0,5.4 Нарушение действующего законодательства.
64,Что значит накопление отходов?,85,0.5491,0.0,0.55,0.0,"8 Мониторинг, измерения, анализ и оценивание"
64,Что значит накопление отходов?,86,0.5487,0.0,0.55,0.0,АО «ВолгоградНИПИнефть» Положение «ПЛ-05»
64,Что значит накопление отходов?,87,0.5466,0.0,0.55,0.0,6.3 Нарушение действующего законодательства.
64,Что значит накопление отходов?,88,0.5453,0.0,0.55,0.0,2 Понятие и состав персональных данных
64,Что значит накопление отходов?,89,0.5443,0.0,0.54,0.0,"Оформление договоров на выполнение работ, оказание услуг"
64,Что значит накопление отходов?,90,0.5377,0.0,0.54,0.0,Проект горного отвода для всех видов полезных ископаемых
64,Что значит накопление отходов?,91,0.5348,0.0,0.53,0.0,"4.4 Если выполнение трудовых функций работника связано с необходимостью использования корпоративной мобильной связи, выдача SIM-карты /мобильного аппарата, установление лимита производится на основании письменной заявки работника (Приложение Б), подписанной генеральным директором."
64,Что значит накопление отходов?,92,0.5296,0.0,0.53,0.0,3.2 Обеспечение соблюдения законности в Институте и юридическая защита его интересов.
64,Что значит накопление отходов?,93,0.5258,0.0,0.53,0.0,"5.3 Сотрудник, использующий корпоративную мобильную связь, обязан отвечать на входящие телефонные звонки в течение рабочего дня, а также в период отпуска или временной нетрудоспособности в целях обеспечения оперативной связи. За несоблюдение данного пункта к сотруднику может быть применено дисциплинарное взыскание."
64,Что значит накопление отходов?,94,0.5235,0.0,0.52,0.0,"5.1 Трудовой договор, дополнительное соглашение к трудовому договору, предусматривающие выполнение работником трудовой функции дистанционно, а также внесение изменений в эти договоры (дополнительные соглашения к трудовым договорам) и их расторжение могут заключаться путем обмена между работником (лицом, поступающим на работу) и работодателем электронными документами, а также путем личной подписи. В случае обмена между работником и работодателем электронного документооборота используются усиленная квалифицированная электронная подпись работодателя и усиленная квалифицированная электронная подпись или усиленная неквалифицированная электронная подпись работника в соответствии с законодательством Российской Федерации об электронной подписи."
64,Что значит накопление отходов?,95,0.5177,0.0,0.52,0.0,"3.4 Использование персональных данных возможно только в соответствии с целями, определившими их получение."
64,Что значит накопление отходов?,96,0.5153,0.0,0.52,0.0,7.10
64,Что значит накопление отходов?,97,0.5131,0.0,0.51,0.0,7.1 При осуществлении взаимодействия дистанционного работника и Института путем обмена электронными документами каждая из осуществляющих взаимодействие сторон обязана направлять в форме электронного документа подтверждение получения электронного документа от другой стороны в трехдневный срок. Для этого стороны трудового договора используют корпоративную электронную почту.
64,Что значит накопление отходов?,98,0.5114,0.0,0.51,0.0,"3.7 Обеспечение сотрудников актуальной информацией, находящейся в компетенции отдела."
64,Что значит накопление отходов?,99,0.511,0.0,0.51,0.0,6.2 В случае превышения расходов на связь сверх установленного лимита удержание может не производится на основании согласованной с генеральным директором объяснительной записки. Данное исключение носит разовый характер и не влияет на изменение лимита в дальнейшем.
64,Что значит накопление отходов?,100,0.5083,0.0,0.51,0.0,"Перечень должностей сотрудников АО «ВолгоградНИПИнефть», которым предоставляется корпоративная мобильная связь"
64,Что значит накопление отходов?,101,0.5077,0.0,0.51,0.0,Экспертиза и согласование проектной документации
64,Что значит накопление отходов?,102,0.5058,0.0,0.51,0.0,6.2
64,Что значит накопление отходов?,103,0.5047,0.0,0.5,0.0,8 Начисление и выплата заработной платы
64,Что значит накопление отходов?,104,0.5046,0.0,0.5,0.0,Рабочая инструкция «Структура каталога проекта»
64,Что значит накопление отходов?,105,0.5043,0.0,0.5,0.0,4. Журнал учета приказов по личному составу со сроком хранения 50 лет:
64,Что значит накопление отходов?,106,0.504,0.0,0.5,0.0,"1.2 К РД относятся договоры, заключенные для обеспечения эффективной деятельности Института, а именно: на поставку товарно-материальных ценностей и основных средств; на приобретение и право использования программного обеспечения; аренды; на предоставление связи и интернета; на обучение, повышение квалификации, конференции, семинары; банковское обслуживание и прочие общехозяйственные договоры. Кроме того, к РД относятся договоры, заключаемые в целях выполнения работ по доходным договорам: на размещение объявлений о проведении общественных слушаний, на приобретение почвенной карты, на выполнение работ по оценке ущерба водным биоресурсам, на комплексные исследования керна и т.п."
64,Что значит накопление отходов?,107,0.5038,0.0,0.5,0.0,Об учетно-финансовом отделе
64,Что значит накопление отходов?,108,0.5028,0.0,0.5,0.0,5.4 Нарушение действующего законодательства.
64,Что значит накопление отходов?,109,0.5014,0.0,0.5,0.0,Наименование ПО
64,Что значит накопление отходов?,110,0.5004,0.0,0.5,0.0,2.4 Организация и выполнение для нужд предприятий-недропользователей (Заказчика по договору) маркшейдерско-геодезических работ по ведению дежурного плана месторождений и своевременное обновление картографического материала с использованием геоинформационных технологий для создания электронных планов и карт на месторождения и на объекты транспорта углеводородного сырья с целью повышения оперативности и надежности принятия технических и технологических решений Обществом и Заказчиком.
64,Что значит накопление отходов?,111,0.856,0.86,0.5,0.5,"4 Термины, обозначения, сокращения"
64,Что значит накопление отходов?,112,0.8488,0.85,0.5,0.81,6 Порядок накопления отходов
64,Что значит накопление отходов?,113,0.8488,0.85,0.5,0.79,6 Порядок накопления отходов
64,Что значит накопление отходов?,114,0.8142,0.81,0.0,0.75,7 Порядок учета отходов
64,Что значит накопление отходов?,115,0.7878,0.79,0.0,0.76,8 Требования к транспортированию отходов
64,Что значит накопление отходов?,116,0.7631,0.76,0.0,0.75,9 Требования к передаче отходов сторонним специализированным организациям
64,Что значит накопление отходов?,117,0.8183,0.75,0.0,0.82,10 Безопасное обращение с отходами
64,Что значит накопление отходов?,118,0.7431,0.74,0.0,0.72,3 Нормативные ссылки
64,Что значит накопление отходов?,119,0.7556,0.72,0.0,0.76,1 Назначение
64,Что значит накопление отходов?,120,0.7205,0.69,0.0,0.72,Инструкция о порядке обращения с отходами производства и потребления АО «ВолгоградНИПИнефть» «ИН-01-ПОО»
64,Что значит накопление отходов?,121,0.7745,0.68,0.0,0.77,12 Ответственность
64,Что значит накопление отходов?,122,0.7846,0.67,0.0,0.78,11 Контроль
64,Что значит накопление отходов?,123,0.7716,0.66,0.0,0.77,5 Основные положения
64,Что значит накопление отходов?,124,0.6499,0.65,0.0,0.65,Лист регистрации изменений
64,Что значит накопление отходов?,125,0.6406,0.62,0.0,0.64,2 Область применения
64,Что значит накопление отходов?,126,0.6187,0.62,0.0,0.62,СОГЛАСОВАНО:
65,Что такое субподрядная работа?,1,0.8064,0.79,0.0,0.81,"11 Требования, предъявляемые к субподрядным организациям."
65,Что такое субподрядная работа?,2,0.7903,0.79,0.0,0.73,4.1 Термины и определения:
65,Что такое субподрядная работа?,3,0.768,0.77,0.0,0.7,"5.6 Поставки услуг субподрядчиков могут осуществляться в соответствии с пожеланиями Заказчика, оговоренными условиями договора."
65,Что такое субподрядная работа?,4,0.7638,0.76,0.0,0.0,8.8 Проверку предоставления работ и услуг субподрядными организациями и анализ представляемых отчетных документов осуществляет руководитель структурного подразделения с привлечением по необходимости специалистов Института.
65,Что такое субподрядная работа?,5,0.7572,0.76,0.0,0.72,Организация договорной работы
65,Что такое субподрядная работа?,6,0.7572,0.76,0.0,0.72,Организация договорной работы
65,Что такое субподрядная работа?,7,0.7572,0.76,0.0,0.0,Организация договорной работы
65,Что такое субподрядная работа?,8,0.745,0.75,0.0,0.0,"3.1 Организация преддоговорной и договорной работы, участие в подготовке теной предложений."
65,Что такое субподрядная работа?,9,0.7449,0.74,0.0,0.7,"3.31 Приемку маркшейдерских, топографо-геодезических, землеустроительных работ, выполняемых сторонними организациями на договорной основе."
65,Что такое субподрядная работа?,10,0.741,0.74,0.0,0.72,"3.25 Контроль и приемка маркшейдерских, топографо-геодезических работ выполняемых подрядными организациями"
65,Что такое субподрядная работа?,11,0.7379,0.74,0.0,0.7,Сверхурочная работа
65,Что такое субподрядная работа?,12,0.7374,0.74,0.0,0.7,Предпроектная стадия
65,Что такое субподрядная работа?,13,0.7367,0.74,0.0,0.0,"7 Выполнение работ, оказание услуг"
65,Что такое субподрядная работа?,14,0.7364,0.74,0.0,0.71,"1.11 Для реализации требований законодательства ""О недрах"" и выполнения отдельных видов работ, в том числе и капитальные маркшейдерско-геодезические работы для Общества или Заказчика (по договору), требующие применения специальных методов и технических устройств могут быть выполнены специализированными сторонними организациями, осуществляющими свою деятельность на договорной основе и имеющие лицензии на производство соответствующих работ. Приемку технического отчета о выполненных работах и их оценку качества выполняет МГС Общества."
65,Что такое субподрядная работа?,15,0.7355,0.74,0.0,0.72,"3.3 Осуществление  своевременного  и  качественного  маркшейдерского обеспечения работ (по договору) при проектировании, строительстве, эксплуатации,  реконструкции,  консервации  или  ликвидации  объектов  по добыче  полезных  ископаемых  и  подземных  сооружений,  не  связанных  с добычей полезных ископаемых."
65,Что такое субподрядная работа?,16,0.7319,0.73,0.0,0.72,Приложение Б
65,Что такое субподрядная работа?,17,0.7365,0.73,0.0,0.74,5 Стадии выполнения работ
65,Что такое субподрядная работа?,18,0.7312,0.73,0.0,0.72,"4 Термины, обозначения"
65,Что такое субподрядная работа?,19,0.7311,0.73,0.0,0.0,"Оформление договоров на выполнение работ, оказание услуг"
65,Что такое субподрядная работа?,20,0.7306,0.73,0.0,0.0,7.4 Привлечение к сверхурочным работам производится работодателем с письменного согласия работника. Сверхурочные работы не должны превышать для каждого работника четырех часов в течение двух дней подряд и 120 часов в год.
65,Что такое субподрядная работа?,21,0.7305,0.73,0.0,0.72,"4.5 Создание и обновление инженерно-топографических планов, съемка подземных коммуникаций и сооружений."
65,Что такое субподрядная работа?,22,0.7278,0.73,0.0,0.72,Принципы организации сервисного обслуживания оборудования
65,Что такое субподрядная работа?,23,0.7273,0.73,0.0,0.7,"2.5 Организация работ (для Заказчика) по ведению мониторинга деформаций горных пород и земной поверхности, геомеханических и геодинамических процессов при недропользовании с оценкой качества выполненных работ и исключением их негативного влияния на разработку месторождений предприятий-недропользователей. Проведение комплекса мероприятий, направленных на обеспечение безопасного функционирования объектов, выполняемых по договорам, а также на предупреждение аварий на этих объектах."
65,Что такое субподрядная работа?,24,0.7268,0.73,0.0,0.72,"Контроль за ведением работ по строительству скважин. Организация тендеров на закупку оборудования, материалов и выбор подрядных организаций"
65,Что такое субподрядная работа?,25,0.7258,0.73,0.0,0.7,3.1 Термины и определения:
65,Что такое субподрядная работа?,26,0.7374,0.73,0.0,0.74,Маркетинговая информация
65,Что такое субподрядная работа?,27,0.7249,0.72,0.0,0.69,Порядок работы
65,Что такое субподрядная работа?,28,0.7242,0.72,0.0,0.0,1.2 Инструкция определяет порядок действий и согласований при внешних поставках:
65,Что такое субподрядная работа?,29,0.7234,0.72,0.0,0.71,"3.20 Производство для предприятий-недропользователей (по договору) съемок горных выработок и земной поверхности, составление и пополнение маркшейдерской документации."
65,Что такое субподрядная работа?,30,0.7376,0.72,0.0,0.74,6 Организация договорной работы
65,Что такое субподрядная работа?,31,0.7232,0.72,0.0,0.0,Список сотрудников ответственных за внешние поставки
65,Что такое субподрядная работа?,32,0.7231,0.72,0.0,0.7,4 Термины и сокращения
65,Что такое субподрядная работа?,33,0.7221,0.72,0.0,0.7,"4.13 Подготовка тендерной документации на право заключения договоров (контрактов) на выполнение работ, оказание услуг, относящихся к сфере деятельности Отдела."
65,Что такое субподрядная работа?,34,0.7221,0.72,0.0,0.72,"4.4 Создание и обновление инженерно-топографических планов, съемка подземных коммуникаций и сооружений."
65,Что такое субподрядная работа?,35,0.7213,0.72,0.0,0.71,7.15
65,Что такое субподрядная работа?,36,0.7233,0.72,0.0,0.72,3.3 Название и назначение подкаталогов в основном каталоге проекта формируется в соответствии с рабочими инструкциями соответствующих подразделений:
65,Что такое субподрядная работа?,37,0.7197,0.72,0.0,0.71,3.1 Служебная командировка -поездка работника по распоряжению генерального директора на определенный срок для выполнения служебного поручения вне места постоянной работы.
65,Что такое субподрядная работа?,38,0.7189,0.72,0.0,0.71,"5.5 Участвовать в работе по подготовке, заключению и контролю за выполнением договоров, соглашений и контрактов, связанных с компетенцией службы."
65,Что такое субподрядная работа?,39,0.7182,0.72,0.0,0.71,Определения
65,Что такое субподрядная работа?,40,0.7181,0.72,0.0,0.71,"6.1 Предпроектная проработка, как правило, инициируется заявкой Заказчика официальным письмом на имя генерального директора Института, с указанием интересующих работ и услуг, либо поступлением информации о выигранном тендере."
65,Что такое субподрядная работа?,41,0.7165,0.72,0.0,0.0,"4 Термины, обозначения, сокращения"
65,Что такое субподрядная работа?,42,0.7145,0.71,0.0,0.0,1 Общие положения
65,Что такое субподрядная работа?,43,0.7133,0.71,0.0,0.69,"6.3 В случае появления на рынке новых поставщиков, неудовлетворенностью работы с ранее выбранными, проводится внеплановая оценка/переоценка и выбор поставщиков в соответствии с процедурой оценки (п.6.1 данной инструкции)."
65,Что такое субподрядная работа?,44,0.7168,0.71,0.0,0.72,"5.1 Трудовой договор, дополнительное соглашение к трудовому договору, предусматривающие выполнение работником трудовой функции дистанционно, а также внесение изменений в эти договоры (дополнительные соглашения к трудовым договорам) и их расторжение могут заключаться путем обмена между работником (лицом, поступающим на работу) и работодателем электронными документами, а также путем личной подписи. В случае обмена между работником и работодателем электронного документооборота используются усиленная квалифицированная электронная подпись работодателя и усиленная квалифицированная электронная подпись или усиленная неквалифицированная электронная подпись работника в соответствии с законодательством Российской Федерации об электронной подписи."
65,Что такое субподрядная работа?,45,0.7129,0.71,0.0,0.7,Функциональные обязанности руководителя работ
65,Что такое субподрядная работа?,46,0.7118,0.71,0.0,0.0,4.31 Участие в подготовке документов к тендерам.
65,Что такое субподрядная работа?,47,0.711,0.71,0.0,0.71,"1.2 К РД относятся договоры, заключенные для обеспечения эффективной деятельности Института, а именно: на поставку товарно-материальных ценностей и основных средств; на приобретение и право использования программного обеспечения; аренды; на предоставление связи и интернета; на обучение, повышение квалификации, конференции, семинары; банковское обслуживание и прочие общехозяйственные договоры. Кроме того, к РД относятся договоры, заключаемые в целях выполнения работ по доходным договорам: на размещение объявлений о проведении общественных слушаний, на приобретение почвенной карты, на выполнение работ по оценке ущерба водным биоресурсам, на комплексные исследования керна и т.п."
65,Что такое субподрядная работа?,48,0.7101,0.71,0.0,0.71,"Распоряжение № 3,4 и т.д."
65,Что такое субподрядная работа?,49,0.7262,0.71,0.0,0.73,6.2
65,Что такое субподрядная работа?,50,0.7077,0.71,0.0,0.0,Рабочие инструкции
65,Что такое субподрядная работа?,51,0.7076,0.71,0.0,0.0,Проекты договоров
65,Что такое субподрядная работа?,52,0.7074,0.71,0.0,0.69,Согласование договора сотруд- ником ДО
65,Что такое субподрядная работа?,53,0.7071,0.71,0.0,0.7,"3.1 Создание проектных документов, отчетов по маркшейдерским работам и инженерным изысканиям, соответствующих нормативным и регламентирующим государственным документам, отвечающим отраслевым стандартам, отражающим потребности заказчиков."
65,Что такое субподрядная работа?,54,0.7068,0.71,0.0,0.0,"4.8 Обоснование стоимости работ по договорам, тендерам и иные расчеты к ним."
65,Что такое субподрядная работа?,55,0.7066,0.71,0.0,0.0,"3.18 При передаче документов «Сопроводительная записка» подписывается с обеих сторон. Один экземпляр с подписями сторон передается Заказчику, другой экземпляр возвращается в отдел и подшивается к делу проекта. Сопроводительной записка является обязательной записью о сохранности собственности заказчика."
65,Что такое субподрядная работа?,56,0.7062,0.71,0.0,0.0,"5.2 Идентификация видов деятельности, процессов, источников загрязнения, продукции, услуг."
65,Что такое субподрядная работа?,57,0.7213,0.0,0.0,0.72,Со структурными подразделениями Общества
65,Что такое субподрядная работа?,58,0.7184,0.0,0.0,0.72,Заключительные положения
65,Что такое субподрядная работа?,59,0.7136,0.0,0.0,0.71,3 Задачи
65,Что такое субподрядная работа?,60,0.7136,0.0,0.0,0.71,АО «ВолгоградНИПИнефть»
65,Что такое субподрядная работа?,61,0.7133,0.0,0.0,0.71,С производственными службами Заказчика по строительству и обустройству месторождений:
65,Что такое субподрядная работа?,62,0.7131,0.0,0.0,0.71,С отделом проектирования разработки нефтяных и газовых месторождений Общества:
65,Что такое субподрядная работа?,63,0.712,0.0,0.0,0.71,5 Понятие и форма договора. Требования к содержанию договоров
65,Что такое субподрядная работа?,64,0.7097,0.0,0.0,0.71,7 Стадия проектирования
65,Что такое субподрядная работа?,65,0.7093,0.0,0.0,0.71,5 Порядок проведения нормоконтроля
65,Что такое субподрядная работа?,66,0.7085,0.0,0.0,0.71,1 Назначение
65,Что такое субподрядная работа?,67,0.7063,0.0,0.0,0.71,4 Персонал
65,Что такое субподрядная работа?,68,0.7048,0.0,0.0,0.7,Приложение Б Шаблон информационного листа проекта.
65,Что такое субподрядная работа?,69,0.7036,0.0,0.0,0.7,ЛИСТ СОГЛАСОВАНИЯ ДОГОВОРА
65,Что такое субподрядная работа?,70,0.7027,0.0,0.0,0.7,2 Область применения
65,Что такое субподрядная работа?,71,0.7024,0.0,0.0,0.7,3 Задачи
65,Что такое субподрядная работа?,72,0.7012,0.0,0.0,0.7,Приложение 3. Перечень регламентированных бизнес-процессов отдела
65,Что такое субподрядная работа?,73,0.7012,0.0,0.0,0.7,"10 Функциональные обязанности должностных лиц по контролю качества геодезических, инженерно-изыскательских и картографических работ"
65,Что такое субподрядная работа?,74,0.7012,0.0,0.0,0.7,6 Основные этапы подготовки ТП.
65,Что такое субподрядная работа?,75,0.701,0.0,0.0,0.7,2 Область применения
65,Что такое субподрядная работа?,76,0.6999,0.0,0.0,0.7,Согласовано:
65,Что такое субподрядная работа?,77,0.6997,0.0,0.0,0.7,ИНСТРУКЦИЯ По подготовке тендерного предложения «ИН-01-ПТП»
65,Что такое субподрядная работа?,78,0.6997,0.0,0.0,0.7,ИН-01-ПТП
65,Что такое субподрядная работа?,79,0.6992,0.0,0.0,0.7,4 Функции
65,Что такое субподрядная работа?,80,0.6984,0.0,0.0,0.7,Порядок приема и увольнения работников
65,Что такое субподрядная работа?,81,0.6966,0.0,0.0,0.7,Общие положения
65,Что такое субподрядная работа?,82,0.6963,0.0,0.0,0.7,7 Стадия проектирования
65,Что такое субподрядная работа?,83,0.6948,0.0,0.0,0.69,7 КОНТРОЛЬ ЗА СОБЛЮДЕНИЕМ ТРЕБОВАНИЙ НАСТОЯЩЕГО ПОЛОЖЕНИЯ
65,Что такое субподрядная работа?,84,0.6947,0.0,0.0,0.69,Приложение Д
65,Что такое субподрядная работа?,85,0.6942,0.0,0.0,0.69,3 Задачи
65,Что такое субподрядная работа?,86,0.6942,0.0,0.0,0.69,Внутреннего трудового распорядка АО «ВолгоградНИПИнефть»
65,Что такое субподрядная работа?,87,0.6938,0.0,0.0,0.69,12 Перечень нормативных документов по контролю качества выпускаемой продукции
65,Что такое субподрядная работа?,88,0.6933,0.0,0.0,0.69,Он обязан:
65,Что такое субподрядная работа?,89,0.6933,0.0,0.0,0.69,Приложение 2 Исходные данные для составления смет.
65,Что такое субподрядная работа?,90,0.6922,0.0,0.0,0.69,Основные права и обязанности работников
65,Что такое субподрядная работа?,91,0.6918,0.0,0.0,0.69,5 Ответственность.
65,Что такое субподрядная работа?,92,0.8064,0.79,0.0,0.81,"11 Требования, предъявляемые к субподрядным организациям."
65,Что такое субподрядная работа?,93,0.7201,0.71,0.0,0.72,2 Оборудование
65,Что такое субподрядная работа?,94,0.7054,0.71,0.0,0.68,"ПОЛОЖЕНИЕ По организации внутреннего контроля качества и приемки топографо-геодезических, картографических и проектно-изыскательских работ «ПЛ-08-ОВКК»"
65,Что такое субподрядная работа?,95,0.7046,0.7,0.0,0.68,8 Контроль и приемка камеральных работ
65,Что такое субподрядная работа?,96,0.698,0.7,0.0,0.68,6 Полевой контроль и приемка полевых работ
65,Что такое субподрядная работа?,97,0.6925,0.69,0.0,0.68,9 Составление технического отчета по выполненным работам
65,Что такое субподрядная работа?,98,0.6899,0.69,0.0,0.69,7 Приемка материалов по окончании полевых работ
65,Что такое субподрядная работа?,99,0.7063,0.69,0.0,0.71,4 Персонал
65,Что такое субподрядная работа?,100,0.6938,0.69,0.0,0.69,12 Перечень нормативных документов по контролю качества выпускаемой продукции
65,Что такое субподрядная работа?,101,0.69,0.69,0.0,0.69,При этом проверяются:
65,Что такое субподрядная работа?,102,0.7012,0.69,0.0,0.7,"10 Функциональные обязанности должностных лиц по контролю качества геодезических, инженерно-изыскательских и картографических работ"
65,Что такое субподрядная работа?,103,0.6989,0.69,0.0,0.7,Исполнитель обязан:
65,Что такое субподрядная работа?,104,0.6848,0.68,0.0,0.67,3 Метрологическое обеспечение
65,Что такое субподрядная работа?,105,0.6898,0.68,0.0,0.69,5 Контроль подготовки к работам
65,Что такое субподрядная работа?,106,0.6799,0.68,0.0,0.66,1 Общие положения. Контроль качества приемки работ
65,Что такое субподрядная работа?,107,0.6933,0.68,0.0,0.69,Он обязан:
65,Что такое субподрядная работа?,108,0.6408,0.64,0.0,0.64,СОГЛАСОВАНО:
65,Что такое субподрядная работа?,109,0.6319,0.63,0.0,0.63,Лист регистрации изменений
66,Что такое верификация поставки?,1,0.8384,0.84,0.52,0.84,"8 Верификация поставленной продукции, работ (услуг)"
66,Что такое верификация поставки?,2,0.7857,0.79,0.52,0.73,4.1 Термины и определения:
66,Что такое верификация поставки?,3,0.7804,0.78,0.0,0.76,7.12
66,Что такое верификация поставки?,4,0.7589,0.76,0.55,0.72,Список сотрудников ответственных за внешние поставки
66,Что такое верификация поставки?,5,0.7546,0.75,0.0,0.73,3 Метрологическое обеспечение
66,Что такое верификация поставки?,6,0.7474,0.75,0.53,0.75,"6 Оценка, выбор и переоценка поставщиков."
66,Что такое верификация поставки?,7,0.7365,0.74,0.0,0.0,Об учетно-финансовом отделе
66,Что такое верификация поставки?,8,0.7474,0.74,0.56,0.75,"5.1 Институт обеспечивает соответствие приобретенных внешних процессов, продукции и услуг установленным требованиям. Процесс внешних поставок осуществляется в соответствии с данной инструкцией."
66,Что такое верификация поставки?,9,0.7349,0.73,0.0,0.71,1. Проектная и рабочая документация (в бумажной и/или электронной форме)
66,Что такое верификация поставки?,10,0.7312,0.73,0.0,0.0,"7.16 К средствам контроля относятся: процедуры утверждения (авторизации, проверки,  сверки),  анализ  операционных  показателей,  охрана,  распределение полномочий и т.д."
66,Что такое верификация поставки?,11,0.731,0.73,0.0,0.0,Экспертиза и согласование проектной документации
66,Что такое верификация поставки?,12,0.7293,0.73,0.0,0.73,При этом проверяются:
66,Что такое верификация поставки?,13,0.7273,0.73,0.0,0.0,11. График поверки средств измерений микроклимата в помещении архива АО «ВолгоградНИПИнефть» на 20__ год
66,Что такое верификация поставки?,14,0.7267,0.73,0.0,0.73,"3.4 Факт передачи может быть зафиксирован документом передающей организации, т.е. сопроводительным письмом, запиской или актом о передаче информационных материалов и др."
66,Что такое верификация поставки?,15,0.7266,0.73,0.5,0.0,"8.7 По решению ГИПа (ОИ) нулевая редакция может не оформляться в случаях, когда внутренняя экспертиза интегрирована в процесс разработки ПД. Заказчику направляется первая редакция ПД. Таким образом, свидетельством проведения внутренней экспертизы является факт выпуска первой редакции ПД . Качество проведения внутренней экспертизы оценивается по характеру замечаний, выставляемых Заказчиком, или внешней экспертизой."
66,Что такое верификация поставки?,16,0.7338,0.73,0.0,0.73,Требования к поставляемому программному обеспечению
66,Что такое верификация поставки?,17,0.7257,0.73,0.0,0.0,"3.18 При передаче документов «Сопроводительная записка» подписывается с обеих сторон. Один экземпляр с подписями сторон передается Заказчику, другой экземпляр возвращается в отдел и подшивается к делу проекта. Сопроводительной записка является обязательной записью о сохранности собственности заказчика."
66,Что такое верификация поставки?,18,0.7256,0.73,0.0,0.0,"Требования, предъявляемые к организациям, осуществляющим сервисное обслуживание"
66,Что такое верификация поставки?,19,0.7253,0.73,0.0,0.0,История документа
66,Что такое верификация поставки?,20,0.7289,0.72,0.0,0.73,"5.2 ПСД предъявляется на нормоконтроль в подлинниках (или в копиях с подлинников), комплексно, при наличии в них установленных подписей, кроме подписей руководства Института."
66,Что такое верификация поставки?,21,0.7281,0.72,0.0,0.73,1.2 Инструкция определяет порядок действий и согласований при внешних поставках:
66,Что такое верификация поставки?,22,0.7221,0.72,0.0,0.72,6 Полевой контроль и приемка полевых работ
66,Что такое верификация поставки?,23,0.7219,0.72,0.0,0.0,3 Нормативные ссылки
66,Что такое верификация поставки?,24,0.7314,0.72,0.0,0.73,Примечания
66,Что такое верификация поставки?,25,0.7207,0.72,0.0,0.0,Определения и сокращения
66,Что такое верификация поставки?,26,0.7202,0.72,0.0,0.0,7.9 Запрос Заказчику на предоставление ИД оформляется с целью получения всей доступной актуальной информации для проектирования.
66,Что такое верификация поставки?,27,0.7202,0.72,0.0,0.0,"4.3 Контроль за правильностью оформления документов, представляемых на подпись руководству."
66,Что такое верификация поставки?,28,0.7187,0.72,0.0,0.0,Риски
66,Что такое верификация поставки?,29,0.7186,0.72,0.0,0.0,3.1 Термины и определения:
66,Что такое верификация поставки?,30,0.7184,0.72,0.0,0.71,10.6 Вместе с окончательной редакцией проекта и платежными документами Заказчику направляется соответствующая Анкета оценки Заказчиком продукции АО «ВолгоградНИПИнефть» :
66,Что такое верификация поставки?,31,0.7176,0.72,0.0,0.71,Оценка и выбор поставщиков
66,Что такое верификация поставки?,32,0.7174,0.72,0.0,0.0,"5.7 Ответственность за своевременное формирование пакета документации, содержащей ТП, с учетом всех требований компании, объявившей конкурс, и своевременное предоставление пакета документов в приемную для отправки адресату, возлагается на ОИ."
66,Что такое верификация поставки?,33,0.7166,0.72,0.0,0.0,"7 Выполнение работ, оказание услуг"
66,Что такое верификация поставки?,34,0.7165,0.72,0.0,0.0,"7.20 Если условиями договора предусмотрена этапность выполнения работ (промежуточные/информационные отчеты, заключение ФАР и т.п.), то при завершении работы по очередному этапу информируется ДО для оформления платежных документов. Результат выполненного этапа направляется с официальным сопроводительным письмом, или электронным письмом, которое сохраняется в деле по договору как обязательная запись."
66,Что такое верификация поставки?,35,0.7377,0.72,0.0,0.74,Исполнитель обязан:
66,Что такое верификация поставки?,36,0.7158,0.72,0.0,0.71,Тендер
66,Что такое верификация поставки?,37,0.7156,0.72,0.0,0.0,"6.4 На данной стадии оформляется и согласовывается проект договора, что означает способность Института выполнить установленные требования к ПД в срок."
66,Что такое верификация поставки?,38,0.7155,0.72,0.0,0.0,"9.6 Обязательным является наличие документального подтверждения всей цепочки движения отходов: договор с транспортной компанией на транспортирование отходов, договор транспортной компании со специализированной организацией, которой в конечном итоге будут переданы отходы на обработку, утилизацию, обезвреживание и/или размещение (захоронение)"
66,Что такое верификация поставки?,39,0.715,0.71,0.0,0.0,АКТ
66,Что такое верификация поставки?,40,0.7147,0.71,0.0,0.0,"4.2 Проверка соответствия закону представляемых на подпись руководителю Института приказов, инструкций, положений и других документов правового характера."
66,Что такое верификация поставки?,41,0.713,0.71,0.0,0.71,Он обязан:
66,Что такое верификация поставки?,42,0.7127,0.71,0.0,0.0,7 КОНТРОЛЬ ЗА СОБЛЮДЕНИЕМ ТРЕБОВАНИЙ НАСТОЯЩЕГО ПОЛОЖЕНИЯ
66,Что такое верификация поставки?,43,0.7226,0.71,0.0,0.72,ЛИСТ СОГЛАСОВАНИЯ ДОГОВОРА
66,Что такое верификация поставки?,44,0.7123,0.71,0.0,0.0,Наименование ПО
66,Что такое верификация поставки?,45,0.7359,0.0,0.0,0.74,5 Контроль подготовки к работам
66,Что такое верификация поставки?,46,0.7323,0.0,0.0,0.73,Организация договорной работы
66,Что такое верификация поставки?,47,0.7312,0.0,0.0,0.73,2 Область применения
66,Что такое верификация поставки?,48,0.7302,0.0,0.0,0.73,Приложение 3. Перечень документированной информации информационно-технического отдела.
66,Что такое верификация поставки?,49,0.7294,0.0,0.0,0.73,7 Приемка материалов по окончании полевых работ
66,Что такое верификация поставки?,50,0.7252,0.0,0.0,0.73,1 Общие положения
66,Что такое верификация поставки?,51,0.7251,0.0,0.0,0.73,2 Область применения
66,Что такое верификация поставки?,52,0.7249,0.0,0.0,0.72,Организация договорной работы
66,Что такое верификация поставки?,53,0.7199,0.0,0.0,0.72,Приложение 4. Перечень регламентированных процессов
66,Что такое верификация поставки?,54,0.7186,0.0,0.0,0.72,СОГЛАСОВАНО:
66,Что такое верификация поставки?,55,0.7183,0.0,0.0,0.72,4 Общие требования
66,Что такое верификация поставки?,56,0.717,0.0,0.0,0.72,3 Нормативные ссылки
66,Что такое верификация поставки?,57,0.7157,0.0,0.0,0.72,Заключительные положения
66,Что такое верификация поставки?,58,0.7156,0.0,0.0,0.72,5 Стадии выполнения работ
66,Что такое верификация поставки?,59,0.7146,0.0,0.0,0.71,СОГЛАСОВАНО:
66,Что такое верификация поставки?,60,0.7143,0.0,0.0,0.71,1 Назначение
66,Что такое верификация поставки?,61,0.7142,0.0,0.0,0.71,"9 Стадия экспертиз, защит и согласований"
66,Что такое верификация поставки?,62,0.7135,0.0,0.0,0.71,СОГЛАСОВАНО:
66,Что такое верификация поставки?,63,0.7127,0.0,0.0,0.71,4 Персонал
66,Что такое верификация поставки?,64,0.7117,0.0,0.55,0.71,ИНСТРУКЦИЯ Внешние поставки «ИН-01-ВП»
66,Что такое верификация поставки?,65,0.7117,0.0,0.53,0.71,ИН-01-ВП
66,Что такое верификация поставки?,66,0.7112,0.0,0.0,0.71,СОГЛАСОВАНО:
66,Что такое верификация поставки?,67,0.7098,0.0,0.0,0.71,1 Назначение
66,Что такое верификация поставки?,68,0.7095,0.0,0.0,0.71,"Приложение 3 Образец документа, заверенного генеральным директором."
66,Что такое верификация поставки?,69,0.7077,0.0,0.0,0.71,6 Идентификация и оценка рисков
66,Что такое верификация поставки?,70,0.7076,0.0,0.0,0.71,1 Назначение
66,Что такое верификация поставки?,71,0.7073,0.0,0.0,0.71,Приложение 2. Перечень регламентированных процессов информационно-технического отдела.
66,Что такое верификация поставки?,72,0.7069,0.0,0.6,0.71,СОГЛАСОВАНО:
66,Что такое верификация поставки?,73,0.7069,0.0,0.0,0.71,СОГЛАСОВАНО:
66,Что такое верификация поставки?,74,0.7068,0.0,0.0,0.71,ИНСТРУКЦИЯ По подготовке тендерного предложения «ИН-01-ПТП»
66,Что такое верификация поставки?,75,0.7068,0.0,0.0,0.71,ИН-01-ПТП
66,Что такое верификация поставки?,76,0.7065,0.0,0.0,0.71,5 Порядок приема и перевода работника на дистанционную работу
66,Что такое верификация поставки?,77,0.7062,0.0,0.0,0.71,ПОЛОЖЕНИЕ об отделе делопроизводства и менеджмента качества «ПЛ-20»
66,Что такое верификация поставки?,78,0.7062,0.0,0.0,0.71,ПЛ-20
66,Что такое верификация поставки?,79,0.7059,0.0,0.0,0.71,2 При использовании программных средств для разработки проектной и рабочей документации объем проверок может быть сокращен.
66,Что такое верификация поставки?,80,0.7057,0.0,0.0,0.71,Приложение 3. Перечень регламентированных бизнес-процессов
66,Что такое верификация поставки?,81,0.7057,0.0,0.0,0.71,2 Квалификационные требования
66,Что такое верификация поставки?,82,0.7054,0.0,0.0,0.71,СОГЛАСОВАНО:
66,Что такое верификация поставки?,83,0.7045,0.0,0.0,0.7,2 Квалификационные требования
66,Что такое верификация поставки?,84,0.7045,0.0,0.0,0.7,АО «ВолгоградНИПИнефть»
66,Что такое верификация поставки?,85,0.7045,0.0,0.0,0.7,6 Порядок обеспечения дистанционных работников необходимым оборудованием и иными средствами
66,Что такое верификация поставки?,86,0.7045,0.0,0.0,0.7,2 Квалификационные требования
66,Что такое верификация поставки?,87,0.7044,0.0,0.0,0.7,Внутреннего трудового распорядка АО «ВолгоградНИПИнефть»
66,Что такое верификация поставки?,88,0.7042,0.0,0.0,0.7,Общие положения
66,Что такое верификация поставки?,89,0.704,0.0,0.0,0.7,3 Задачи
66,Что такое верификация поставки?,90,0.7032,0.0,0.0,0.7,ПЛ-08-УИСМ
66,Что такое верификация поставки?,91,0.7032,0.0,0.0,0.7,ПОЛОЖЕНИЕ Об уполномоченном по интегрированной системе менеджмента в отделе инженерных изысканий «ПЛ-08-УИСМ»
66,Что такое верификация поставки?,92,0.7032,0.0,0.0,0.7,СОГЛАСОВАНО:
66,Что такое верификация поставки?,93,0.7025,0.0,0.0,0.7,6 Организация договорной работы
66,Что такое верификация поставки?,94,0.7024,0.0,0.0,0.7,Организация договорной работы
66,Что такое верификация поставки?,95,0.702,0.0,0.0,0.7,Приложение 4. Перечень документированной информации отдела
66,Что такое верификация поставки?,96,0.7017,0.0,0.0,0.7,3 Обязанности
66,Что такое верификация поставки?,97,0.7017,0.0,0.0,0.7,3 Обязанности
66,Что такое верификация поставки?,98,0.7015,0.0,0.0,0.7,Приложение В
66,Что такое верификация поставки?,99,0.6613,0.0,0.66,0.0,5.3 Идентификация экологических аспектов
66,Что такое верификация поставки?,100,0.6095,0.0,0.61,0.0,5 Идентификация всех возможных экологических аспектов
66,Что такое верификация поставки?,101,0.6061,0.0,0.61,0.0,ПР-6.1.2-ИЭА
66,Что такое верификация поставки?,102,0.6013,0.0,0.6,0.0,Процедура Идентификация экологических аспектов ПР-6.1.2-ИЭА
66,Что такое верификация поставки?,103,0.5943,0.0,0.59,0.0,6.1 Методика оценки экологических аспектов
66,Что такое верификация поставки?,104,0.5778,0.0,0.58,0.0,Идентификация экологических аспектов
66,Что такое верификация поставки?,105,0.5581,0.0,0.56,0.0,Приложение В
66,Что такое верификация поставки?,106,0.8384,0.84,0.51,0.84,"8 Верификация поставленной продукции, работ (услуг)"
66,Что такое верификация поставки?,107,0.7474,0.75,0.51,0.75,"6 Оценка, выбор и переоценка поставщиков."
66,Что такое верификация поставки?,108,0.7219,0.72,0.0,0.7,3 Нормативные ссылки
66,Что такое верификация поставки?,109,0.7314,0.72,0.0,0.73,Примечания
66,Что такое верификация поставки?,110,0.7117,0.7,0.55,0.71,ИНСТРУКЦИЯ Внешние поставки «ИН-01-ВП»
66,Что такое верификация поставки?,111,0.7312,0.7,0.0,0.73,2 Область применения
66,Что такое верификация поставки?,112,0.7281,0.7,0.0,0.73,1 Назначение
66,Что такое верификация поставки?,113,0.7605,0.68,0.0,0.76,"7 Порядок действий при внешних поставках для осуществления работ по договорам в офисе Института и внешних поставках, связанных с развитием инфраструктуры и материальных ресурсов Института"
66,Что такое верификация поставки?,114,0.7116,0.68,0.0,0.71,Приложение А
66,Что такое верификация поставки?,115,0.69,0.68,0.56,0.69,Приложение В
66,Что такое верификация поставки?,116,0.7159,0.68,0.0,0.72,Приложение Д
66,Что такое верификация поставки?,117,0.7002,0.68,0.0,0.7,СОГЛАСОВАНО:
66,Что такое верификация поставки?,118,0.7338,0.68,0.0,0.73,Приложение Г
66,Что такое верификация поставки?,119,0.7474,0.67,0.0,0.75,5 Основные положения
66,Что такое верификация поставки?,120,0.6692,0.66,0.0,0.67,Приложение Б
66,Что такое верификация поставки?,121,0.7266,0.6,0.0,0.73,"4 Термины, обозначения, сокращения"
67,Как оформляется заявление командировку?,1,0.7987,0.8,0.0,0.74,Приложение В
67,Как оформляется заявление командировку?,2,0.7873,0.79,0.0,0.75,Приложение Б
67,Как оформляется заявление командировку?,3,0.7687,0.77,0.0,0.74,Приложение А
67,Как оформляется заявление командировку?,4,0.7728,0.77,0.0,0.77,Приложение Г
67,Как оформляется заявление командировку?,5,0.7522,0.75,0.0,0.73,9 Окончание работ. Отчет о командировке
67,Как оформляется заявление командировку?,6,0.7418,0.74,0.0,0.74,1 Общие положения
67,Как оформляется заявление командировку?,7,0.7364,0.74,0.0,0.73,8 Срок и режим командировки
67,Как оформляется заявление командировку?,8,0.7405,0.73,0.0,0.74,2 Нормативные ссылки
67,Как оформляется заявление командировку?,9,0.731,0.73,0.0,0.73,5 Бюджет командировки
67,Как оформляется заявление командировку?,10,0.7404,0.73,0.0,0.74,СОГЛАСОВАНО:
67,Как оформляется заявление командировку?,11,0.7347,0.73,0.0,0.73,10 Отмена командировки
67,Как оформляется заявление командировку?,12,0.7127,0.71,0.0,0.7,4 Командировки
67,Как оформляется заявление командировку?,13,0.746,0.71,0.0,0.75,ПОЛОЖЕНИЕ О командировках в АО «ВолгоградНИПИнефть» «ПЛ-13-К»
67,Как оформляется заявление командировку?,14,0.7327,0.71,0.0,0.73,Приложение Д
67,Как оформляется заявление командировку?,15,0.7128,0.7,0.0,0.71,7 Организация работы командированного сотрудника
67,Как оформляется заявление командировку?,16,0.6983,0.7,0.0,0.7,3 Термины и определения
67,Как оформляется заявление командировку?,17,0.7506,0.69,0.0,0.75,6 Организация командировки
