session_index,question,rank,score,level,number,doc_id,title
1,Как у нас проходит процедура закупки оборудования от начала до конца?,1,0.7586,1,2,b497403b-04e3-423e-bb5a-670c170f5a33,Примечания
1,Как у нас проходит процедура закупки оборудования от начала до конца?,2,0.7383,1,7,b497403b-04e3-423e-bb5a-670c170f5a33,"7 Порядок действий при внешних поставках для осуществления работ по договорам в офисе Института и внешних поставках, связанных с развитием инфраструктуры и материальных ресурсов Института"
1,Как у нас проходит процедура закупки оборудования от начала до конца?,3,0.7361,1,2,689ad134-88eb-469c-88cd-35e254e680a3,"Порядок приемки, регистрации и архивирования источников информации."
1,Как у нас проходит процедура закупки оборудования от начала до конца?,4,0.7279,1,6,b497403b-04e3-423e-bb5a-670c170f5a33,"6 Оценка, выбор и переоценка поставщиков."
1,Как у нас проходит процедура закупки оборудования от начала до конца?,5,0.7256,1,2,2fffe16b-1ac7-4329-92a2-102d8df22882,Организация договорной работы
1,Как у нас проходит процедура закупки оборудования от начала до конца?,6,0.7255,1,1,b8b54622-18ad-4302-bea0-e53f1fc46da4,1 Назначение
1,Как у нас проходит процедура закупки оборудования от начала до конца?,7,0.7228,1,7,2fffe16b-1ac7-4329-92a2-102d8df22882,Организация договорной работы
1,Как у нас проходит процедура закупки оборудования от начала до конца?,8,0.7211,1,7,7eed2ce9-09a5-4d61-9c55-a83abdadfba1,7 Стадия проектирования
2,"""Можно ли закупить оборудование без процедуры оценки поставщика?",1,0.7939,2,6.4,b497403b-04e3-423e-bb5a-670c170f5a33,"6.4 Критерии оценки устанавливаются в зависимости от вида оценки (первичная/плановая), типа и назначения внешней поставки. Оценка должна осуществляться как минимум по трём критериям. Количество выбранных критериев зависит от особенностей каждой конкретной поставки. В качестве критериев оценки для поставщиков могут быть выбраны следующие показатели и требования:"
2,"""Можно ли закупить оборудование без процедуры оценки поставщика?",2,0.7863,2,7.15,b497403b-04e3-423e-bb5a-670c170f5a33,7.15
2,"""Можно ли закупить оборудование без процедуры оценки поставщика?",3,0.7832,1,2,b497403b-04e3-423e-bb5a-670c170f5a33,Примечания
2,"""Можно ли закупить оборудование без процедуры оценки поставщика?",4,0.7797,2,4.1,b497403b-04e3-423e-bb5a-670c170f5a33,4.1 Термины и определения:
2,"""Можно ли закупить оборудование без процедуры оценки поставщика?",5,0.7754,2,8.5,b497403b-04e3-423e-bb5a-670c170f5a33,8.5 Оборудование должно быть обеспечено необходимыми инструкциями по использованию со стороны поставщика.
2,"""Можно ли закупить оборудование без процедуры оценки поставщика?",6,0.7572,1,2,b497403b-04e3-423e-bb5a-670c170f5a33,2 Область применения
2,"""Можно ли закупить оборудование без процедуры оценки поставщика?",7,0.7568,2,1.1,b497403b-04e3-423e-bb5a-670c170f5a33,Оценка и выбор поставщиков
2,"""Можно ли закупить оборудование без процедуры оценки поставщика?",8,0.7466,2,2.1,b497403b-04e3-423e-bb5a-670c170f5a33,Список сотрудников ответственных за внешние поставки
2,"""Можно ли закупить оборудование без процедуры оценки поставщика?",9,0.7452,2,4.1,69132fa9-0255-453e-b3a4-2c06c085f8ed,"4.1 Закупки оргтехники, комплектующих и программных продуктов."
2,"""Можно ли закупить оборудование без процедуры оценки поставщика?",10,0.7407,2,8.7,7eed2ce9-09a5-4d61-9c55-a83abdadfba1,"8.7 По решению ГИПа (ОИ) нулевая редакция может не оформляться в случаях, когда внутренняя экспертиза интегрирована в процесс разработки ПД. Заказчику направляется первая редакция ПД. Таким образом, свидетельством проведения внутренней экспертизы является факт выпуска первой редакции ПД . Качество проведения внутренней экспертизы оценивается по характеру замечаний, выставляемых Заказчиком, или внешней экспертизой."
2,"""Можно ли закупить оборудование без процедуры оценки поставщика?",11,0.7374,1,2,efddbd28-7b1c-4285-be6e-4d89a9fcb4b3,2 Оборудование
2,"""Можно ли закупить оборудование без процедуры оценки поставщика?",12,0.7365,2,1.2,b497403b-04e3-423e-bb5a-670c170f5a33,1.2 Инструкция определяет порядок действий и согласований при внешних поставках:
2,"""Можно ли закупить оборудование без процедуры оценки поставщика?",13,0.7357,1,1,efddbd28-7b1c-4285-be6e-4d89a9fcb4b3,1 Общие положения. Контроль качества приемки работ
2,"""Можно ли закупить оборудование без процедуры оценки поставщика?",14,0.7355,2,5.1,b497403b-04e3-423e-bb5a-670c170f5a33,"5.1 Институт обеспечивает соответствие приобретенных внешних процессов, продукции и услуг установленным требованиям. Процесс внешних поставок осуществляется в соответствии с данной инструкцией."
2,"""Можно ли закупить оборудование без процедуры оценки поставщика?",15,0.7341,1,4,efddbd28-7b1c-4285-be6e-4d89a9fcb4b3,4 Персонал
3,Нужно ли ежегодно проводить переоценку поставщиков?,1,0.8603,2,6.2,b497403b-04e3-423e-bb5a-670c170f5a33,6.2 Плановая оценка/переоценка поставщиков
3,Нужно ли ежегодно проводить переоценку поставщиков?,2,0.7816,2,7.15,b497403b-04e3-423e-bb5a-670c170f5a33,7.15
3,Нужно ли ежегодно проводить переоценку поставщиков?,3,0.7698,2,1.1,b497403b-04e3-423e-bb5a-670c170f5a33,Оценка и выбор поставщиков
3,Нужно ли ежегодно проводить переоценку поставщиков?,4,0.7695,2,3.5,82e7835d-d852-4441-819d-51e10c2ec9f2,"3.5 Постоянное изучение и анализ замечаний Заказчиков, органов государственного надзора, проведение корректирующих действий для устранения причин их возникновения, идентификация рисков и/или возможностей."
3,Нужно ли ежегодно проводить переоценку поставщиков?,5,0.7691,2,7.10,fb9210b5-8dd4-4acb-9f67-4528cef13ff1,"7.10 По результатам идентификации и оценки рисков в масштабах всего Института, Реестр рисков ежегодно пересматривается, уточняется и/или дополняется."
3,Нужно ли ежегодно проводить переоценку поставщиков?,6,0.7683,2,3.3,b4e2b5d2-431d-4e10-97b5-69902e997854,"3.3 Постоянное изучение и анализ замечаний Заказчиков, органов государственного надзора, проведение корректирующих действий для устранения причин их возникновения, идентификация рисков и/или возможностей."
3,Нужно ли ежегодно проводить переоценку поставщиков?,7,0.768,2,8.6,b497403b-04e3-423e-bb5a-670c170f5a33,8.6 Результатом проверок может быть:
3,Нужно ли ежегодно проводить переоценку поставщиков?,8,0.7634,2,5.5,b497403b-04e3-423e-bb5a-670c170f5a33,5.5 Сотрудник или сотрудники вышеуказанных подразделений на систематической основе должны осуществлять деятельность по:
3,Нужно ли ежегодно проводить переоценку поставщиков?,9,0.7629,2,9.6,7eed2ce9-09a5-4d61-9c55-a83abdadfba1,"9.6 Замечания внутренней экспертизы, экспертизы Заказчика и внешних экспертиз к ПД должны анализироваться РПП, ГИПом (ОИ). Если в результате анализа выявляются повторяющиеся замечания и/или тенденции к увеличению замечаний, РПП, ГИП (ОИ) обязаны выявлять причины замечаний с документированием последующих действий, а в случае необходимости инициировать корректирующие действия в соответствии с процедурой «Корректирующие действия» (ПР-10.2-КД):"
3,Нужно ли ежегодно проводить переоценку поставщиков?,10,0.7625,2,10.7,7eed2ce9-09a5-4d61-9c55-a83abdadfba1,"10.7 Замечания Заказчика полученные в Анкете оценки Заказчиком продукции АО «ВолгоградНИПИнефть» должны анализироваться РПП, ГИПом (ОИ). Если в результате анализа выявляются повторяющиеся замечания и/или тенденции РПП, ГИП (ОИ) обязаны инициировать корректирующие действия в соответствии с процедурой «Корректирующие действия» (ПР-10.2-КД)."
3,Нужно ли ежегодно проводить переоценку поставщиков?,11,0.7617,2,3.5,da968b7a-00f4-495f-8795-2e5d2e3a437a,"3.5 Постоянное изучение и анализ замечаний Заказчиков, органов государственного надзора, проведение корректирующих действий для устранения причин их возникновения, идентификация рисков и/или возможностей."
3,Нужно ли ежегодно проводить переоценку поставщиков?,12,0.761,2,4.1,b497403b-04e3-423e-bb5a-670c170f5a33,4.1 Термины и определения:
3,Нужно ли ежегодно проводить переоценку поставщиков?,13,0.7608,1,3,efddbd28-7b1c-4285-be6e-4d89a9fcb4b3,3 Метрологическое обеспечение
3,Нужно ли ежегодно проводить переоценку поставщиков?,14,0.7571,2,4.5,a4b664fc-78f7-4842-8390-48b66e41db44,"4.5 В целях повышения качества и сокращения объема ПСД, нормоконтролер должен:"
3,Нужно ли ежегодно проводить переоценку поставщиков?,15,0.7491,2,2.1,b497403b-04e3-423e-bb5a-670c170f5a33,Список сотрудников ответственных за внешние поставки
4,Надо ли каждый год переоценивать поставщиков?,1,0.8603,2,6.2,b497403b-04e3-423e-bb5a-670c170f5a33,6.2 Плановая оценка/переоценка поставщиков
4,Надо ли каждый год переоценивать поставщиков?,2,0.7816,2,7.15,b497403b-04e3-423e-bb5a-670c170f5a33,7.15
4,Надо ли каждый год переоценивать поставщиков?,3,0.7698,2,1.1,b497403b-04e3-423e-bb5a-670c170f5a33,Оценка и выбор поставщиков
4,Надо ли каждый год переоценивать поставщиков?,4,0.7695,2,3.5,82e7835d-d852-4441-819d-51e10c2ec9f2,"3.5 Постоянное изучение и анализ замечаний Заказчиков, органов государственного надзора, проведение корректирующих действий для устранения причин их возникновения, идентификация рисков и/или возможностей."
4,Надо ли каждый год переоценивать поставщиков?,5,0.7691,2,7.10,fb9210b5-8dd4-4acb-9f67-4528cef13ff1,"7.10 По результатам идентификации и оценки рисков в масштабах всего Института, Реестр рисков ежегодно пересматривается, уточняется и/или дополняется."
4,Надо ли каждый год переоценивать поставщиков?,6,0.7683,2,3.3,b4e2b5d2-431d-4e10-97b5-69902e997854,"3.3 Постоянное изучение и анализ замечаний Заказчиков, органов государственного надзора, проведение корректирующих действий для устранения причин их возникновения, идентификация рисков и/или возможностей."
4,Надо ли каждый год переоценивать поставщиков?,7,0.768,2,8.6,b497403b-04e3-423e-bb5a-670c170f5a33,8.6 Результатом проверок может быть:
4,Надо ли каждый год переоценивать поставщиков?,8,0.7634,2,5.5,b497403b-04e3-423e-bb5a-670c170f5a33,5.5 Сотрудник или сотрудники вышеуказанных подразделений на систематической основе должны осуществлять деятельность по:
4,Надо ли каждый год переоценивать поставщиков?,9,0.7629,2,9.6,7eed2ce9-09a5-4d61-9c55-a83abdadfba1,"9.6 Замечания внутренней экспертизы, экспертизы Заказчика и внешних экспертиз к ПД должны анализироваться РПП, ГИПом (ОИ). Если в результате анализа выявляются повторяющиеся замечания и/или тенденции к увеличению замечаний, РПП, ГИП (ОИ) обязаны выявлять причины замечаний с документированием последующих действий, а в случае необходимости инициировать корректирующие действия в соответствии с процедурой «Корректирующие действия» (ПР-10.2-КД):"
4,Надо ли каждый год переоценивать поставщиков?,10,0.7625,2,10.7,7eed2ce9-09a5-4d61-9c55-a83abdadfba1,"10.7 Замечания Заказчика полученные в Анкете оценки Заказчиком продукции АО «ВолгоградНИПИнефть» должны анализироваться РПП, ГИПом (ОИ). Если в результате анализа выявляются повторяющиеся замечания и/или тенденции РПП, ГИП (ОИ) обязаны инициировать корректирующие действия в соответствии с процедурой «Корректирующие действия» (ПР-10.2-КД)."
4,Надо ли каждый год переоценивать поставщиков?,11,0.7617,2,3.5,da968b7a-00f4-495f-8795-2e5d2e3a437a,"3.5 Постоянное изучение и анализ замечаний Заказчиков, органов государственного надзора, проведение корректирующих действий для устранения причин их возникновения, идентификация рисков и/или возможностей."
4,Надо ли каждый год переоценивать поставщиков?,12,0.761,2,4.1,b497403b-04e3-423e-bb5a-670c170f5a33,4.1 Термины и определения:
4,Надо ли каждый год переоценивать поставщиков?,13,0.7608,1,3,efddbd28-7b1c-4285-be6e-4d89a9fcb4b3,3 Метрологическое обеспечение
4,Надо ли каждый год переоценивать поставщиков?,14,0.7571,2,4.5,a4b664fc-78f7-4842-8390-48b66e41db44,"4.5 В целях повышения качества и сокращения объема ПСД, нормоконтролер должен:"
4,Надо ли каждый год переоценивать поставщиков?,15,0.7491,2,2.1,b497403b-04e3-423e-bb5a-670c170f5a33,Список сотрудников ответственных за внешние поставки
5,Какие документы нужно получить от поставщика после поставки?,1,0.8394,2,7.14,b497403b-04e3-423e-bb5a-670c170f5a33,7.14
5,Какие документы нужно получить от поставщика после поставки?,2,0.8198,2,8.5,b497403b-04e3-423e-bb5a-670c170f5a33,8.5 Оборудование должно быть обеспечено необходимыми инструкциями по использованию со стороны поставщика.
5,Какие документы нужно получить от поставщика после поставки?,3,0.8175,1,1,efddbd28-7b1c-4285-be6e-4d89a9fcb4b3,Исполнитель обязан:
5,Какие документы нужно получить от поставщика после поставки?,4,0.806,1,2,2fffe16b-1ac7-4329-92a2-102d8df22882,ЛИСТ СОГЛАСОВАНИЯ ДОГОВОРА
5,Какие документы нужно получить от поставщика после поставки?,5,0.8051,2,4.4,f0dcd482-6011-4ae2-8c65-73cbab8efe3d,"4.4 Оформление документов, сопровождающих выпуск продукции (акты сдачи-приемки выполненных работ, сопроводительные письма), взаимодействие с заказчиками."
5,Какие документы нужно получить от поставщика после поставки?,6,0.7996,2,1.2,b497403b-04e3-423e-bb5a-670c170f5a33,1.2 Инструкция определяет порядок действий и согласований при внешних поставках:
5,Какие документы нужно получить от поставщика после поставки?,7,0.7992,2,7.1,42f98718-19b7-4033-b322-b89c595ab0bd,7.1 Распределение документов.
5,Какие документы нужно получить от поставщика после поставки?,8,0.7989,2,2.1,b497403b-04e3-423e-bb5a-670c170f5a33,Список сотрудников ответственных за внешние поставки
5,Какие документы нужно получить от поставщика после поставки?,9,0.7986,1,7,efddbd28-7b1c-4285-be6e-4d89a9fcb4b3,7 Приемка материалов по окончании полевых работ
5,Какие документы нужно получить от поставщика после поставки?,10,0.7973,1,3,69132fa9-0255-453e-b3a4-2c06c085f8ed,Приложение 3. Перечень документированной информации информационно-технического отдела.
5,Какие документы нужно получить от поставщика после поставки?,11,0.7954,2,7.4,6f828f92-a28f-416f-84dc-b05fd8343b19,"7.4 При подаче дистанционным работником заявления о выдаче заверенных надлежащим образом копий документов, связанных с работой (статья 62 ТК РФ), Институт не позднее трех рабочих дней со дня подачи указанного заявления обязан направить дистанционному работнику эти копии на бумажном носителе (по почте заказным письмом с уведомлением) или в форме электронного документа, если это указано в заявлении работника (в порядке взаимодействия (в том числе в связи с выполнением трудовой функции дистанционно, передачей результатов работы и отчетов о выполненной работе по запросам работодателя), настоящим положением, трудовым договором, дополнительным соглашением к трудовому договору."
5,Какие документы нужно получить от поставщика после поставки?,12,0.7924,2,2.1,7eed2ce9-09a5-4d61-9c55-a83abdadfba1,Предпроектная стадия
5,Какие документы нужно получить от поставщика после поставки?,13,0.7914,1,2,b497403b-04e3-423e-bb5a-670c170f5a33,Примечания
5,Какие документы нужно получить от поставщика после поставки?,14,0.7913,1,4,80380323-bcb8-4422-9281-5ac9e9171259,Внутреннего трудового распорядка АО «ВолгоградНИПИнефть»
5,Какие документы нужно получить от поставщика после поставки?,15,0.7911,1,2,2fffe16b-1ac7-4329-92a2-102d8df22882,Организация договорной работы
6,Перечисли документы которые нужно получить у поставщика,1,0.8778,2,7.1,b9d7b363-4f52-4b7e-a1e8-4b0f7b509793,"7.1 Работник несет ответственность за сохранность выданных ему средств корпоративной мобильной связи (SIM-карты, мобильного аппарата). В случае утери или неумышленной порчи средств корпоративной мобильной связи работник за счет личных денежных средств:"
6,Перечисли документы которые нужно получить у поставщика,2,0.8683,2,6.1,b8b54622-18ad-4302-bea0-e53f1fc46da4,6.1 Методика оценки экологических аспектов
6,Перечисли документы которые нужно получить у поставщика,3,0.8565,2,7.14,b497403b-04e3-423e-bb5a-670c170f5a33,7.14
6,Перечисли документы которые нужно получить у поставщика,4,0.8265,1,2,2fffe16b-1ac7-4329-92a2-102d8df22882,ЛИСТ СОГЛАСОВАНИЯ ДОГОВОРА
6,Перечисли документы которые нужно получить у поставщика,5,0.8251,2,4.3,b9d7b363-4f52-4b7e-a1e8-4b0f7b509793,"4.3 При отсутствии у работника мобильного аппарата для пользования корпоративной мобильной связью, ему вместе с корпоративной SIM-картой может выдаваться корпоративный мобильный аппарат."
6,Перечисли документы которые нужно получить у поставщика,6,0.819,2,8.5,b497403b-04e3-423e-bb5a-670c170f5a33,8.5 Оборудование должно быть обеспечено необходимыми инструкциями по использованию со стороны поставщика.
6,Перечисли документы которые нужно получить у поставщика,7,0.8162,2,4.4,f0dcd482-6011-4ae2-8c65-73cbab8efe3d,"4.4 Оформление документов, сопровождающих выпуск продукции (акты сдачи-приемки выполненных работ, сопроводительные письма), взаимодействие с заказчиками."
6,Перечисли документы которые нужно получить у поставщика,8,0.8074,1,4,f0dcd482-6011-4ae2-8c65-73cbab8efe3d,Приложение 4. Перечень документированной информации отдела
6,Перечисли документы которые нужно получить у поставщика,9,0.8072,2,4.3,80380323-bcb8-4422-9281-5ac9e9171259,"4.3 При заключении трудового договора лицо, поступающее на работу, обязано предъявить следующие документы:"
6,Перечисли документы которые нужно получить у поставщика,10,0.806,1,2,b497403b-04e3-423e-bb5a-670c170f5a33,Примечания
6,Перечисли документы которые нужно получить у поставщика,11,0.8042,1,3,69132fa9-0255-453e-b3a4-2c06c085f8ed,Приложение 3. Перечень документированной информации информационно-технического отдела.
6,Перечисли документы которые нужно получить у поставщика,12,0.8033,2,6.1,2fffe16b-1ac7-4329-92a2-102d8df22882,"6.1 Порядок подготовки и оформления договоров, соглашений (дополнительного соглашения, соглашения на расторжение и т.п.) к ним представлен в таблице:"
6,Перечисли документы которые нужно получить у поставщика,13,0.8028,1,1,efddbd28-7b1c-4285-be6e-4d89a9fcb4b3,Исполнитель обязан:
6,Перечисли документы которые нужно получить у поставщика,14,0.8011,2,2.1,f0dcd482-6011-4ae2-8c65-73cbab8efe3d,Основные данные документа
6,Перечисли документы которые нужно получить у поставщика,15,0.8008,2,5.2,6f828f92-a28f-416f-84dc-b05fd8343b19,"5.2 При заключении трудового договора путем обмена электронными документами, предусмотренными статьей 65 ТК РФ, работнику необходимо предоставить:"
7,"Что делать, если поставщик привез продукцию ненадлежащего качества?",1,0.746,1,6,b497403b-04e3-423e-bb5a-670c170f5a33,"6 Оценка, выбор и переоценка поставщиков."
7,"Что делать, если поставщик привез продукцию ненадлежащего качества?",2,0.7438,1,7,b497403b-04e3-423e-bb5a-670c170f5a33,"7 Порядок действий при внешних поставках для осуществления работ по договорам в офисе Института и внешних поставках, связанных с развитием инфраструктуры и материальных ресурсов Института"
7,"Что делать, если поставщик привез продукцию ненадлежащего качества?",3,0.7239,1,2,b497403b-04e3-423e-bb5a-670c170f5a33,2 Область применения
7,"Что делать, если поставщик привез продукцию ненадлежащего качества?",4,0.7134,1,2,b497403b-04e3-423e-bb5a-670c170f5a33,Примечания
7,"Что делать, если поставщик привез продукцию ненадлежащего качества?",5,0.7097,1,8,b497403b-04e3-423e-bb5a-670c170f5a33,"8 Верификация поставленной продукции, работ (услуг)"
7,"Что делать, если поставщик привез продукцию ненадлежащего качества?",6,0.6912,1,6,6f828f92-a28f-416f-84dc-b05fd8343b19,6 Порядок обеспечения дистанционных работников необходимым оборудованием и иными средствами
7,"Что делать, если поставщик привез продукцию ненадлежащего качества?",7,0.6904,1,1,efddbd28-7b1c-4285-be6e-4d89a9fcb4b3,Исполнитель обязан:
7,"Что делать, если поставщик привез продукцию ненадлежащего качества?",8,0.6892,1,7,2fffe16b-1ac7-4329-92a2-102d8df22882,"7 Выполнение работ, оказание услуг"
7,"Что делать, если поставщик привез продукцию ненадлежащего качества?",1,0.7672,1,7,b497403b-04e3-423e-bb5a-670c170f5a33,"7 Порядок действий при внешних поставках для осуществления работ по договорам в офисе Института и внешних поставках, связанных с развитием инфраструктуры и материальных ресурсов Института"
7,"Что делать, если поставщик привез продукцию ненадлежащего качества?",2,0.7637,1,8,b497403b-04e3-423e-bb5a-670c170f5a33,"8 Верификация поставленной продукции, работ (услуг)"
7,"Что делать, если поставщик привез продукцию ненадлежащего качества?",3,0.7593,1,6,b497403b-04e3-423e-bb5a-670c170f5a33,"6 Оценка, выбор и переоценка поставщиков."
7,"Что делать, если поставщик привез продукцию ненадлежащего качества?",5,0.7542,1,2,b497403b-04e3-423e-bb5a-670c170f5a33,Примечания
7,"Что делать, если поставщик привез продукцию ненадлежащего качества?",6,0.7492,1,5,b497403b-04e3-423e-bb5a-670c170f5a33,5 Основные положения
7,"Что делать, если поставщик привез продукцию ненадлежащего качества?",7,0.7419,1,2,b497403b-04e3-423e-bb5a-670c170f5a33,2 Область применения
7,"Что делать, если поставщик привез продукцию ненадлежащего качества?",8,0.7386,1,7,2fffe16b-1ac7-4329-92a2-102d8df22882,"7 Выполнение работ, оказание услуг"
8,Какой минимальный объем оперативной памяти должен быть у покупаемых компьютеров?,1,0.8508,2,4.8,b9d7b363-4f52-4b7e-a1e8-4b0f7b509793,4.8 На время отпуска или временной нетрудоспособности работника за ним сохраняется установленный лимит корпоративной связи в целях обеспечения оперативной связи в случае возникновения производственной необходимости.
8,Какой минимальный объем оперативной памяти должен быть у покупаемых компьютеров?,2,0.8226,2,1.3,b497403b-04e3-423e-bb5a-670c170f5a33,Требования к компьютерам:
8,Какой минимальный объем оперативной памяти должен быть у покупаемых компьютеров?,3,0.7876,1,7,b9d7b363-4f52-4b7e-a1e8-4b0f7b509793,"7 Материальная ответственность работника, использующего корпоративную SIM-карту и корпоративный мобильный аппарат"
8,Какой минимальный объем оперативной памяти должен быть у покупаемых компьютеров?,4,0.7859,2,4.7,f0dcd482-6011-4ae2-8c65-73cbab8efe3d,"4.7 Формирование архива сканов договорной документации (договоры, дополнительные соглашения, акты сдачи-приемки выполненных работ)."
8,Какой минимальный объем оперативной памяти должен быть у покупаемых компьютеров?,5,0.7735,1,6,b8b54622-18ad-4302-bea0-e53f1fc46da4,6 Определение существенного воздействия экологических аспектов на ОС
8,Какой минимальный объем оперативной памяти должен быть у покупаемых компьютеров?,6,0.7626,2,6.5,b497403b-04e3-423e-bb5a-670c170f5a33,"6.5 Поставляемая компьютерная техника, расходные материалы для оргтехники, ПО должны соответствовать основным требованиям представленным в приложениях Б, В, Г."
8,Какой минимальный объем оперативной памяти должен быть у покупаемых компьютеров?,7,0.7506,2,2.1,b497403b-04e3-423e-bb5a-670c170f5a33,Требования к поставляемому программному обеспечению
8,Какой минимальный объем оперативной памяти должен быть у покупаемых компьютеров?,8,0.7471,2,4.1,69132fa9-0255-453e-b3a4-2c06c085f8ed,"4.1 Закупки оргтехники, комплектующих и программных продуктов."
8,Какой минимальный объем оперативной памяти должен быть у покупаемых компьютеров?,9,0.742,2,2.2,b497403b-04e3-423e-bb5a-670c170f5a33,Требования к бумаге для оргтехники:
8,Какой минимальный объем оперативной памяти должен быть у покупаемых компьютеров?,10,0.7416,1,2,b19cc873-30e3-4733-b9a7-d4222693d91f,Размер материальной помощи
8,Какой минимальный объем оперативной памяти должен быть у покупаемых компьютеров?,11,0.7355,2,7.1,b497403b-04e3-423e-bb5a-670c170f5a33,7.1
8,Какой минимальный объем оперативной памяти должен быть у покупаемых компьютеров?,12,0.7336,2,2.1,b497403b-04e3-423e-bb5a-670c170f5a33,Список сотрудников ответственных за внешние поставки
8,Какой минимальный объем оперативной памяти должен быть у покупаемых компьютеров?,13,0.7316,2,2.1,1381f436-b246-4235-8ac2-f9c7ad474dc8,Общие сведения
8,Какой минимальный объем оперативной памяти должен быть у покупаемых компьютеров?,14,0.7309,1,4,a4b664fc-78f7-4842-8390-48b66e41db44,4 Общие требования
8,Какой минимальный объем оперативной памяти должен быть у покупаемых компьютеров?,15,0.7286,2,2.1,f0dcd482-6011-4ae2-8c65-73cbab8efe3d,Проекты договоров
9,Есть ли у нас регламент по обращению с отходами?,1,0.832,1,3,51f0707f-97b3-49db-a477-bbfb7bc32c51,3 Нормативные ссылки
9,Есть ли у нас регламент по обращению с отходами?,2,0.8302,1,8,51f0707f-97b3-49db-a477-bbfb7bc32c51,8 Требования к транспортированию отходов
9,Есть ли у нас регламент по обращению с отходами?,3,0.8299,1,7,51f0707f-97b3-49db-a477-bbfb7bc32c51,7 Порядок учета отходов
9,Есть ли у нас регламент по обращению с отходами?,4,0.8261,1,6,51f0707f-97b3-49db-a477-bbfb7bc32c51,6 Порядок накопления отходов
9,Есть ли у нас регламент по обращению с отходами?,5,0.8261,1,6,51f0707f-97b3-49db-a477-bbfb7bc32c51,6 Порядок накопления отходов
9,Есть ли у нас регламент по обращению с отходами?,6,0.8261,2,11.1,51f0707f-97b3-49db-a477-bbfb7bc32c51,"11.1 При накоплении и передаче отходов специализированным лицензированным организациям должны соблюдаться действующие экологические, санитарноэпидемиологические, технические нормы и правила обращения с отходами."
9,Есть ли у нас регламент по обращению с отходами?,7,0.825,1,1,51f0707f-97b3-49db-a477-bbfb7bc32c51,1 Назначение
9,Есть ли у нас регламент по обращению с отходами?,8,0.8221,2,5.3,51f0707f-97b3-49db-a477-bbfb7bc32c51,5.3 Согласно Федеральному закону РФ «Об отходах производства и потребления» все подразделения Института обязаны:
9,Есть ли у нас регламент по обращению с отходами?,9,0.8151,1,4,51f0707f-97b3-49db-a477-bbfb7bc32c51,"4 Термины, обозначения, сокращения"
9,Есть ли у нас регламент по обращению с отходами?,10,0.8123,1,9,51f0707f-97b3-49db-a477-bbfb7bc32c51,9 Требования к передаче отходов сторонним специализированным организациям
9,Есть ли у нас регламент по обращению с отходами?,11,0.8091,1,10,51f0707f-97b3-49db-a477-bbfb7bc32c51,10 Безопасное обращение с отходами
9,Есть ли у нас регламент по обращению с отходами?,12,0.8017,1,1,51f0707f-97b3-49db-a477-bbfb7bc32c51,Инструкция о порядке обращения с отходами производства и потребления АО «ВолгоградНИПИнефть» «ИН-01-ПОО»
9,Есть ли у нас регламент по обращению с отходами?,13,0.8017,0,None,51f0707f-97b3-49db-a477-bbfb7bc32c51,ИН-01-ПОО
9,Есть ли у нас регламент по обращению с отходами?,14,0.7926,2,1.1,689ad134-88eb-469c-88cd-35e254e680a3,"1.1 Данная инструкция определяет порядок приемки, регистрации и архивирования документов, переданных во временное пользование заказчиком или сторонней организацией, внешних нормативных документов, литературы, CD выполненных отчетов, а также научно-технической документации, образовавшейся в процессе производственной деятельности института."
9,Есть ли у нас регламент по обращению с отходами?,15,0.7833,2,12.1,51f0707f-97b3-49db-a477-bbfb7bc32c51,12.1 Руководители структурных подразделений несут дисциплинарную ответственность:
10,В чем разница между накоплением и хранением отходов?,1,0.8277,1,4,51f0707f-97b3-49db-a477-bbfb7bc32c51,"4 Термины, обозначения, сокращения"
10,В чем разница между накоплением и хранением отходов?,2,0.825,1,6,51f0707f-97b3-49db-a477-bbfb7bc32c51,6 Порядок накопления отходов
10,В чем разница между накоплением и хранением отходов?,3,0.825,1,6,51f0707f-97b3-49db-a477-bbfb7bc32c51,6 Порядок накопления отходов
10,В чем разница между накоплением и хранением отходов?,4,0.8061,2,10.2,51f0707f-97b3-49db-a477-bbfb7bc32c51,10.2 Способы  накопления  отходов  и  их  передачи  сторонним  организациям  должны исключать возможность загрязнения окружающей территории.
10,В чем разница между накоплением и хранением отходов?,5,0.7994,1,2,b8b54622-18ad-4302-bea0-e53f1fc46da4,Идентификация экологических аспектов
10,В чем разница между накоплением и хранением отходов?,6,0.7992,1,7,51f0707f-97b3-49db-a477-bbfb7bc32c51,7 Порядок учета отходов
10,В чем разница между накоплением и хранением отходов?,7,0.778,2,11.1,51f0707f-97b3-49db-a477-bbfb7bc32c51,"11.1 При накоплении и передаче отходов специализированным лицензированным организациям должны соблюдаться действующие экологические, санитарноэпидемиологические, технические нормы и правила обращения с отходами."
10,В чем разница между накоплением и хранением отходов?,8,0.7776,1,8,b8b54622-18ad-4302-bea0-e53f1fc46da4,"8 Мониторинг, измерения, анализ и оценивание"
10,В чем разница между накоплением и хранением отходов?,9,0.7719,2,6.2,b8b54622-18ad-4302-bea0-e53f1fc46da4,6.2 Оценка существенности экологических аспектов по суммарному количеству баллов
10,В чем разница между накоплением и хранением отходов?,10,0.7717,1,8,51f0707f-97b3-49db-a477-bbfb7bc32c51,8 Требования к транспортированию отходов
10,В чем разница между накоплением и хранением отходов?,11,0.7602,2,5.1,51f0707f-97b3-49db-a477-bbfb7bc32c51,"5.1 Отходы в зависимости от степени негативного воздействия на окружающую среду подразделяются  в  соответствии  с  критериями,  установленными  федеральным органом исполнительной власти, осуществляющим государственное регулирование в области охраны окружающей среды, на пять классов опасности:"
10,В чем разница между накоплением и хранением отходов?,12,0.7596,2,12.2,51f0707f-97b3-49db-a477-bbfb7bc32c51,"12.2 За нарушение учета образования, накопления и передачи отходов, за несвоевременное  заключение  договоров  на  утилизацию,  обезвреживание  и/или размещение отходов и их выполнение отвечают ОВЭО и заместитель генерального директора по общим вопросам."
10,В чем разница между накоплением и хранением отходов?,13,0.7558,2,9.6,51f0707f-97b3-49db-a477-bbfb7bc32c51,"9.6 Обязательным является наличие документального подтверждения всей цепочки движения отходов: договор с транспортной компанией на транспортирование отходов, договор транспортной компании со специализированной организацией, которой в конечном итоге будут переданы отходы на обработку, утилизацию, обезвреживание и/или размещение (захоронение)"
10,В чем разница между накоплением и хранением отходов?,14,0.7537,1,2,689ad134-88eb-469c-88cd-35e254e680a3,"Порядок приемки, регистрации и архивирования источников информации."
10,В чем разница между накоплением и хранением отходов?,15,0.7499,2,4.6,b9d7b363-4f52-4b7e-a1e8-4b0f7b509793,"4.6 В течение двух рабочих дней с момента подписания приказа, работнику выдается SIM-карта под подпись и (при необходимости) мобильный аппарат по акту приема-передачи по форме указанной в Приложении В. Возврат по форме в Приложении Г."
11,В чем разница между накоплением и хранением отходов?,1,0.8277,1,4,51f0707f-97b3-49db-a477-bbfb7bc32c51,"4 Термины, обозначения, сокращения"
11,В чем разница между накоплением и хранением отходов?,2,0.825,1,6,51f0707f-97b3-49db-a477-bbfb7bc32c51,6 Порядок накопления отходов
11,В чем разница между накоплением и хранением отходов?,3,0.825,1,6,51f0707f-97b3-49db-a477-bbfb7bc32c51,6 Порядок накопления отходов
11,В чем разница между накоплением и хранением отходов?,4,0.8182,1,2,b8b54622-18ad-4302-bea0-e53f1fc46da4,Идентификация экологических аспектов
11,В чем разница между накоплением и хранением отходов?,5,0.8061,2,10.2,51f0707f-97b3-49db-a477-bbfb7bc32c51,10.2 Способы  накопления  отходов  и  их  передачи  сторонним  организациям  должны исключать возможность загрязнения окружающей территории.
11,В чем разница между накоплением и хранением отходов?,6,0.7992,1,7,51f0707f-97b3-49db-a477-bbfb7bc32c51,7 Порядок учета отходов
11,В чем разница между накоплением и хранением отходов?,7,0.778,2,11.1,51f0707f-97b3-49db-a477-bbfb7bc32c51,"11.1 При накоплении и передаче отходов специализированным лицензированным организациям должны соблюдаться действующие экологические, санитарноэпидемиологические, технические нормы и правила обращения с отходами."
11,В чем разница между накоплением и хранением отходов?,8,0.7717,1,8,51f0707f-97b3-49db-a477-bbfb7bc32c51,8 Требования к транспортированию отходов
11,В чем разница между накоплением и хранением отходов?,9,0.767,2,5.3,b8b54622-18ad-4302-bea0-e53f1fc46da4,5.3 Идентификация экологических аспектов
11,В чем разница между накоплением и хранением отходов?,10,0.7602,2,5.1,51f0707f-97b3-49db-a477-bbfb7bc32c51,"5.1 Отходы в зависимости от степени негативного воздействия на окружающую среду подразделяются  в  соответствии  с  критериями,  установленными  федеральным органом исполнительной власти, осуществляющим государственное регулирование в области охраны окружающей среды, на пять классов опасности:"
11,В чем разница между накоплением и хранением отходов?,11,0.7596,2,12.2,51f0707f-97b3-49db-a477-bbfb7bc32c51,"12.2 За нарушение учета образования, накопления и передачи отходов, за несвоевременное  заключение  договоров  на  утилизацию,  обезвреживание  и/или размещение отходов и их выполнение отвечают ОВЭО и заместитель генерального директора по общим вопросам."
11,В чем разница между накоплением и хранением отходов?,12,0.7558,2,9.6,51f0707f-97b3-49db-a477-bbfb7bc32c51,"9.6 Обязательным является наличие документального подтверждения всей цепочки движения отходов: договор с транспортной компанией на транспортирование отходов, договор транспортной компании со специализированной организацией, которой в конечном итоге будут переданы отходы на обработку, утилизацию, обезвреживание и/или размещение (захоронение)"
11,В чем разница между накоплением и хранением отходов?,13,0.7537,1,2,689ad134-88eb-469c-88cd-35e254e680a3,"Порядок приемки, регистрации и архивирования источников информации."
11,В чем разница между накоплением и хранением отходов?,14,0.752,1,8,b8b54622-18ad-4302-bea0-e53f1fc46da4,"8 Мониторинг, измерения, анализ и оценивание"
11,В чем разница между накоплением и хранением отходов?,15,0.7488,2,6.2,b8b54622-18ad-4302-bea0-e53f1fc46da4,6.2 Оценка существенности экологических аспектов по суммарному количеству баллов
12,Какие есть классы опасности отходов?,1,0.8759,2,5.1,51f0707f-97b3-49db-a477-bbfb7bc32c51,"5.1 Отходы в зависимости от степени негативного воздействия на окружающую среду подразделяются  в  соответствии  с  критериями,  установленными  федеральным органом исполнительной власти, осуществляющим государственное регулирование в области охраны окружающей среды, на пять классов опасности:"
12,Какие есть классы опасности отходов?,2,0.8341,2,9.2,51f0707f-97b3-49db-a477-bbfb7bc32c51,"9.2 Отходы III-IV классов опасности передаются сторонним специализированным организациям только при наличии заключенного договора. Организация должна иметь лицензию на осуществление деятельности по сбору, транспортированию, обработке, утилизации, обезвреживанию, размещению отходов I-IV классов опасности, в приложении к которой обязательно должны быть прописаны те виды"
12,Какие есть классы опасности отходов?,3,0.8274,1,8,51f0707f-97b3-49db-a477-bbfb7bc32c51,8 Требования к транспортированию отходов
12,Какие есть классы опасности отходов?,4,0.8089,2,6.10,51f0707f-97b3-49db-a477-bbfb7bc32c51,"6.10 Отходы IV-V классов опасности, запрещенные к захоронению на полигоне"
12,Какие есть классы опасности отходов?,5,0.7991,2,7.3,fb9210b5-8dd4-4acb-9f67-4528cef13ff1,7.3 При заполнении реестра риска используются следующие шкалы (приложение В данной инструкции)
12,Какие есть классы опасности отходов?,6,0.7974,2,6.9,51f0707f-97b3-49db-a477-bbfb7bc32c51,"6.9 Отходы III класса опасности должны накапливаться в металлических, стеклянных или пластиковых емкостях, контейнерах с плотно закрывающейся крышкой, раздельно с другими видами отходов"
12,Какие есть классы опасности отходов?,7,0.7967,1,10,51f0707f-97b3-49db-a477-bbfb7bc32c51,10 Безопасное обращение с отходами
12,Какие есть классы опасности отходов?,8,0.7896,1,7,51f0707f-97b3-49db-a477-bbfb7bc32c51,7 Порядок учета отходов
12,Какие есть классы опасности отходов?,9,0.7773,2,5.4,b8b54622-18ad-4302-bea0-e53f1fc46da4,5.4 Идентификация видов воздействия экологических аспектов на ОС
12,Какие есть классы опасности отходов?,10,0.7739,2,12.1,51f0707f-97b3-49db-a477-bbfb7bc32c51,12.1 Руководители структурных подразделений несут дисциплинарную ответственность:
12,Какие есть классы опасности отходов?,11,0.7709,1,4,51f0707f-97b3-49db-a477-bbfb7bc32c51,"4 Термины, обозначения, сокращения"
12,Какие есть классы опасности отходов?,12,0.7679,1,3,51f0707f-97b3-49db-a477-bbfb7bc32c51,3 Нормативные ссылки
12,Какие есть классы опасности отходов?,13,0.7662,2,11.1,51f0707f-97b3-49db-a477-bbfb7bc32c51,"11.1 При накоплении и передаче отходов специализированным лицензированным организациям должны соблюдаться действующие экологические, санитарноэпидемиологические, технические нормы и правила обращения с отходами."
12,Какие есть классы опасности отходов?,14,0.7615,2,2.2,fb9210b5-8dd4-4acb-9f67-4528cef13ff1,Оценка последствий риска
12,Какие есть классы опасности отходов?,15,0.7589,2,5.2,b8b54622-18ad-4302-bea0-e53f1fc46da4,"5.2 Идентификация видов деятельности, процессов, источников загрязнения, продукции, услуг."
13,Сколько можно хранить отходы у себя на территории?,1,0.8775,1,4,f0dcd482-6011-4ae2-8c65-73cbab8efe3d,Приложение 4. Перечень документированной информации отдела
13,Сколько можно хранить отходы у себя на территории?,2,0.8371,2,6.2,51f0707f-97b3-49db-a477-bbfb7bc32c51,6.2 Накопление отходов на территории подразделений Института допускается на срок не более 11 месяцев
13,Сколько можно хранить отходы у себя на территории?,3,0.8331,1,5,b8b54622-18ad-4302-bea0-e53f1fc46da4,5 Идентификация всех возможных экологических аспектов
13,Сколько можно хранить отходы у себя на территории?,4,0.8238,1,6,b8b54622-18ad-4302-bea0-e53f1fc46da4,6 Определение существенного воздействия экологических аспектов на ОС
13,Сколько можно хранить отходы у себя на территории?,5,0.8129,1,6,51f0707f-97b3-49db-a477-bbfb7bc32c51,6 Порядок накопления отходов
13,Сколько можно хранить отходы у себя на территории?,6,0.8111,2,2.1,f0dcd482-6011-4ae2-8c65-73cbab8efe3d,"Оформление договоров на выполнение работ, оказание услуг"
13,Сколько можно хранить отходы у себя на территории?,7,0.8035,1,7,51f0707f-97b3-49db-a477-bbfb7bc32c51,7 Порядок учета отходов
13,Сколько можно хранить отходы у себя на территории?,8,0.7987,2,10.2,51f0707f-97b3-49db-a477-bbfb7bc32c51,10.2 Способы  накопления  отходов  и  их  передачи  сторонним  организациям  должны исключать возможность загрязнения окружающей территории.
13,Сколько можно хранить отходы у себя на территории?,9,0.7985,1,8,51f0707f-97b3-49db-a477-bbfb7bc32c51,8 Требования к транспортированию отходов
13,Сколько можно хранить отходы у себя на территории?,10,0.7923,1,4,51f0707f-97b3-49db-a477-bbfb7bc32c51,"4 Термины, обозначения, сокращения"
13,Сколько можно хранить отходы у себя на территории?,11,0.7881,1,9,51f0707f-97b3-49db-a477-bbfb7bc32c51,9 Требования к передаче отходов сторонним специализированным организациям
13,Сколько можно хранить отходы у себя на территории?,12,0.7864,1,3,51f0707f-97b3-49db-a477-bbfb7bc32c51,3 Нормативные ссылки
13,Сколько можно хранить отходы у себя на территории?,13,0.7853,2,4.1,f0dcd482-6011-4ae2-8c65-73cbab8efe3d,4.1 Оформление доходных и расходных договоров на выполнение работ в соответствии с инструкцией «Организация договорной работы» (ИН-05-ДР) и рабочей инструкцией «Организация работ по расходным договорам» (РИ-13РД).
13,Сколько можно хранить отходы у себя на территории?,14,0.7844,2,11.1,51f0707f-97b3-49db-a477-bbfb7bc32c51,"11.1 При накоплении и передаче отходов специализированным лицензированным организациям должны соблюдаться действующие экологические, санитарноэпидемиологические, технические нормы и правила обращения с отходами."
13,Сколько можно хранить отходы у себя на территории?,15,0.78,2,12.2,51f0707f-97b3-49db-a477-bbfb7bc32c51,"12.2 За нарушение учета образования, накопления и передачи отходов, за несвоевременное  заключение  договоров  на  утилизацию,  обезвреживание  и/или размещение отходов и их выполнение отвечают ОВЭО и заместитель генерального директора по общим вопросам."
14,Есть ли ограничения по сроку хранения отходов I класса?,1,0.8589,1,4,f0dcd482-6011-4ae2-8c65-73cbab8efe3d,Приложение 4. Перечень документированной информации отдела
14,Есть ли ограничения по сроку хранения отходов I класса?,2,0.8198,2,5.1,51f0707f-97b3-49db-a477-bbfb7bc32c51,"5.1 Отходы в зависимости от степени негативного воздействия на окружающую среду подразделяются  в  соответствии  с  критериями,  установленными  федеральным органом исполнительной власти, осуществляющим государственное регулирование в области охраны окружающей среды, на пять классов опасности:"
14,Есть ли ограничения по сроку хранения отходов I класса?,3,0.8133,1,8,51f0707f-97b3-49db-a477-bbfb7bc32c51,8 Требования к транспортированию отходов
14,Есть ли ограничения по сроку хранения отходов I класса?,4,0.813,2,6.2,51f0707f-97b3-49db-a477-bbfb7bc32c51,6.2 Накопление отходов на территории подразделений Института допускается на срок не более 11 месяцев
14,Есть ли ограничения по сроку хранения отходов I класса?,5,0.8057,2,9.2,51f0707f-97b3-49db-a477-bbfb7bc32c51,"9.2 Отходы III-IV классов опасности передаются сторонним специализированным организациям только при наличии заключенного договора. Организация должна иметь лицензию на осуществление деятельности по сбору, транспортированию, обработке, утилизации, обезвреживанию, размещению отходов I-IV классов опасности, в приложении к которой обязательно должны быть прописаны те виды"
14,Есть ли ограничения по сроку хранения отходов I класса?,6,0.8055,1,7,51f0707f-97b3-49db-a477-bbfb7bc32c51,7 Порядок учета отходов
14,Есть ли ограничения по сроку хранения отходов I класса?,7,0.8052,1,6,51f0707f-97b3-49db-a477-bbfb7bc32c51,6 Порядок накопления отходов
14,Есть ли ограничения по сроку хранения отходов I класса?,8,0.8001,2,10.3,51f0707f-97b3-49db-a477-bbfb7bc32c51,10.3 В соответствии с экологическими нормами Институт должен выполнять следующие требования:
14,Есть ли ограничения по сроку хранения отходов I класса?,9,0.7922,2,11.1,51f0707f-97b3-49db-a477-bbfb7bc32c51,"11.1 При накоплении и передаче отходов специализированным лицензированным организациям должны соблюдаться действующие экологические, санитарноэпидемиологические, технические нормы и правила обращения с отходами."
14,Есть ли ограничения по сроку хранения отходов I класса?,10,0.7884,1,3,51f0707f-97b3-49db-a477-bbfb7bc32c51,3 Нормативные ссылки
14,Есть ли ограничения по сроку хранения отходов I класса?,11,0.7803,1,4,51f0707f-97b3-49db-a477-bbfb7bc32c51,"4 Термины, обозначения, сокращения"
14,Есть ли ограничения по сроку хранения отходов I класса?,12,0.7686,2,2.3,f0dcd482-6011-4ae2-8c65-73cbab8efe3d,2.3 Структуру и штатную численность Отдела утверждает генеральный директор Института исходя из условий и особенностей деятельности Института по представлению заместителя генерального директора по общим вопросам (см. Приложение 1).
14,Есть ли ограничения по сроку хранения отходов I класса?,13,0.7636,1,1,51f0707f-97b3-49db-a477-bbfb7bc32c51,1 Назначение
14,Есть ли ограничения по сроку хранения отходов I класса?,14,0.7544,2,12.2,51f0707f-97b3-49db-a477-bbfb7bc32c51,"12.2 За нарушение учета образования, накопления и передачи отходов, за несвоевременное  заключение  договоров  на  утилизацию,  обезвреживание  и/или размещение отходов и их выполнение отвечают ОВЭО и заместитель генерального директора по общим вопросам."
14,Есть ли ограничения по сроку хранения отходов I класса?,15,0.7532,1,6,b8b54622-18ad-4302-bea0-e53f1fc46da4,6 Определение существенного воздействия экологических аспектов на ОС
15,Есть ли ограничения по сроку хранения отходов?,1,0.9091,1,4,f0dcd482-6011-4ae2-8c65-73cbab8efe3d,Приложение 4. Перечень документированной информации отдела
15,Есть ли ограничения по сроку хранения отходов?,2,0.8421,2,2.3,f0dcd482-6011-4ae2-8c65-73cbab8efe3d,2.3 Структуру и штатную численность Отдела утверждает генеральный директор Института исходя из условий и особенностей деятельности Института по представлению заместителя генерального директора по общим вопросам (см. Приложение 1).
15,Есть ли ограничения по сроку хранения отходов?,3,0.8276,2,4.6,b9d7b363-4f52-4b7e-a1e8-4b0f7b509793,"4.6 В течение двух рабочих дней с момента подписания приказа, работнику выдается SIM-карта под подпись и (при необходимости) мобильный аппарат по акту приема-передачи по форме указанной в Приложении В. Возврат по форме в Приложении Г."
15,Есть ли ограничения по сроку хранения отходов?,4,0.8266,2,6.1,b8b54622-18ad-4302-bea0-e53f1fc46da4,6.1 Методика оценки экологических аспектов
15,Есть ли ограничения по сроку хранения отходов?,5,0.826,2,6.2,51f0707f-97b3-49db-a477-bbfb7bc32c51,6.2 Накопление отходов на территории подразделений Института допускается на срок не более 11 месяцев
15,Есть ли ограничения по сроку хранения отходов?,6,0.8215,1,8,51f0707f-97b3-49db-a477-bbfb7bc32c51,8 Требования к транспортированию отходов
15,Есть ли ограничения по сроку хранения отходов?,7,0.8166,1,6,51f0707f-97b3-49db-a477-bbfb7bc32c51,6 Порядок накопления отходов
15,Есть ли ограничения по сроку хранения отходов?,8,0.8147,2,10.2,51f0707f-97b3-49db-a477-bbfb7bc32c51,10.2 Способы  накопления  отходов  и  их  передачи  сторонним  организациям  должны исключать возможность загрязнения окружающей территории.
15,Есть ли ограничения по сроку хранения отходов?,9,0.8142,1,4,51f0707f-97b3-49db-a477-bbfb7bc32c51,"4 Термины, обозначения, сокращения"
15,Есть ли ограничения по сроку хранения отходов?,10,0.8136,2,7.2,b9d7b363-4f52-4b7e-a1e8-4b0f7b509793,7.2 Средства корпоративной мобильной связи (SIM-карта и/или мобильный аппарат) передаются работнику по акту приема-передачи. В день увольнения работник обязан вернуть SIM-карту и/или мобильный аппарат по акту приема-передачи материальных ценностей и/или переоформить SIM-карту в личное пользование.
15,Есть ли ограничения по сроку хранения отходов?,11,0.8135,1,7,51f0707f-97b3-49db-a477-bbfb7bc32c51,7 Порядок учета отходов
15,Есть ли ограничения по сроку хранения отходов?,12,0.8105,2,2.1,f0dcd482-6011-4ae2-8c65-73cbab8efe3d,"Оформление договоров на выполнение работ, оказание услуг"
15,Есть ли ограничения по сроку хранения отходов?,13,0.8076,2,3.3,b9d7b363-4f52-4b7e-a1e8-4b0f7b509793,"3.3 Корпоративный мобильный аппарат -  беспроводной  цифровой телефонный аппарат стандарта GSM, принадлежащий Институту и выданный сотруднику  по  Акту  приема-передачи  для  пользования  корпоративной  мобильной связью."
15,Есть ли ограничения по сроку хранения отходов?,14,0.8053,2,11.1,51f0707f-97b3-49db-a477-bbfb7bc32c51,"11.1 При накоплении и передаче отходов специализированным лицензированным организациям должны соблюдаться действующие экологические, санитарноэпидемиологические, технические нормы и правила обращения с отходами."
15,Есть ли ограничения по сроку хранения отходов?,15,0.8012,1,3,51f0707f-97b3-49db-a477-bbfb7bc32c51,3 Нормативные ссылки
16,Кто такой федеральный оператор в контексте отходов?,1,0.7991,2,9.1,51f0707f-97b3-49db-a477-bbfb7bc32c51,9.1 Отходы II класса опасности передаются только Федеральному оператору по обращению с отходами I и II классов опасности или привлеченному им оператору по обращению с отходами I и II классов опасности на основании заключенного договора
16,Кто такой федеральный оператор в контексте отходов?,2,0.7942,2,8.1,51f0707f-97b3-49db-a477-bbfb7bc32c51,8.1 Деятельность по транспортированию отходов II класса
16,Кто такой федеральный оператор в контексте отходов?,3,0.7832,2,11.3,51f0707f-97b3-49db-a477-bbfb7bc32c51,11.3 За передачу отходов сторонним организациям отвечают ОВЭО и заместитель генерального директора по общим вопросам.
16,Кто такой федеральный оператор в контексте отходов?,4,0.7615,2,7.1,51f0707f-97b3-49db-a477-bbfb7bc32c51,7.1 Обращение с отходами контролируется ОВЭО и заместителем генерального директора по общим вопросам.
16,Кто такой федеральный оператор в контексте отходов?,5,0.759,1,4,51f0707f-97b3-49db-a477-bbfb7bc32c51,"4 Термины, обозначения, сокращения"
16,Кто такой федеральный оператор в контексте отходов?,6,0.7578,2,5.3,51f0707f-97b3-49db-a477-bbfb7bc32c51,5.3 Согласно Федеральному закону РФ «Об отходах производства и потребления» все подразделения Института обязаны:
16,Кто такой федеральный оператор в контексте отходов?,7,0.7562,2,12.2,51f0707f-97b3-49db-a477-bbfb7bc32c51,"12.2 За нарушение учета образования, накопления и передачи отходов, за несвоевременное  заключение  договоров  на  утилизацию,  обезвреживание  и/или размещение отходов и их выполнение отвечают ОВЭО и заместитель генерального директора по общим вопросам."
16,Кто такой федеральный оператор в контексте отходов?,8,0.7464,1,3,51f0707f-97b3-49db-a477-bbfb7bc32c51,3 Нормативные ссылки
16,Кто такой федеральный оператор в контексте отходов?,9,0.7455,1,6,51f0707f-97b3-49db-a477-bbfb7bc32c51,6 Порядок накопления отходов
16,Кто такой федеральный оператор в контексте отходов?,10,0.7455,1,6,51f0707f-97b3-49db-a477-bbfb7bc32c51,6 Порядок накопления отходов
16,Кто такой федеральный оператор в контексте отходов?,11,0.7379,2,10.1,51f0707f-97b3-49db-a477-bbfb7bc32c51,"10.1 Персонал, занятый накоплением и передачей отходов сторонним организациям, должен быть обучен правилам безопасности по обращению с отходами в объеме настоящей инструкции и инструкции по охране труда и промышленной безопасности  по  данному  рабочему  месту  и  несет  личную  ответственность  за соблюдение определенных в них требований безопасности."
16,Кто такой федеральный оператор в контексте отходов?,12,0.7315,2,7.1,8b23f04d-fa69-486d-901c-0c9c273b040e,"7.1 Государственный надзор и контроль за организацией работы по маркшейдерскому обеспечению и соблюдением правил выполнения маркшейдерских работ при проектировании, строительстве, эксплуатации, консервации и ликвидации объектов нефтегазодобывающей отрасли, утвержденных в установленном порядке требований (правил и норм) по безопасному ведению горных работ, предупреждению и устранению их вредного влияния на население, окружающую природную среду, объекты народного хозяйства осуществляют органы Федеральной службы по"
16,Кто такой федеральный оператор в контексте отходов?,13,0.7234,1,1,51f0707f-97b3-49db-a477-bbfb7bc32c51,1 Назначение
16,Кто такой федеральный оператор в контексте отходов?,14,0.7174,2,2.1,b497403b-04e3-423e-bb5a-670c170f5a33,Список сотрудников ответственных за внешние поставки
16,Кто такой федеральный оператор в контексте отходов?,15,0.7157,2,1.1,a32fd8d9-8b27-4b58-924e-d65f28b9450a,Тендер
17,Кто отвечает за ведение учета отходов?,1,0.9161,2,7.1,b9d7b363-4f52-4b7e-a1e8-4b0f7b509793,"7.1 Работник несет ответственность за сохранность выданных ему средств корпоративной мобильной связи (SIM-карты, мобильного аппарата). В случае утери или неумышленной порчи средств корпоративной мобильной связи работник за счет личных денежных средств:"
17,Кто отвечает за ведение учета отходов?,2,0.9033,2,2.1,f0dcd482-6011-4ae2-8c65-73cbab8efe3d,"Оформление договоров на выполнение работ, оказание услуг"
17,Кто отвечает за ведение учета отходов?,3,0.8895,1,6,f0dcd482-6011-4ae2-8c65-73cbab8efe3d,6 Ответственность
17,Кто отвечает за ведение учета отходов?,4,0.8654,2,6.2,b8b54622-18ad-4302-bea0-e53f1fc46da4,6.2 Оценка существенности экологических аспектов по суммарному количеству баллов
17,Кто отвечает за ведение учета отходов?,5,0.8648,1,2,d837c868-367e-47c9-a669-0d35668bf223,2 Определения и сокращения
17,Кто отвечает за ведение учета отходов?,6,0.8458,1,7,6cc0605c-2dc9-4cd7-8cd9-c8e4031560ee,"7 Ответственность за разглашение конфиденциальной информации, связанной с персональными данными"
17,Кто отвечает за ведение учета отходов?,7,0.8434,2,4.3,b9d7b363-4f52-4b7e-a1e8-4b0f7b509793,"4.3 При отсутствии у работника мобильного аппарата для пользования корпоративной мобильной связью, ему вместе с корпоративной SIM-картой может выдаваться корпоративный мобильный аппарат."
17,Кто отвечает за ведение учета отходов?,8,0.837,1,7,51f0707f-97b3-49db-a477-bbfb7bc32c51,7 Порядок учета отходов
17,Кто отвечает за ведение учета отходов?,9,0.8275,2,12.2,51f0707f-97b3-49db-a477-bbfb7bc32c51,"12.2 За нарушение учета образования, накопления и передачи отходов, за несвоевременное  заключение  договоров  на  утилизацию,  обезвреживание  и/или размещение отходов и их выполнение отвечают ОВЭО и заместитель генерального директора по общим вопросам."
17,Кто отвечает за ведение учета отходов?,10,0.8274,2,11.3,51f0707f-97b3-49db-a477-bbfb7bc32c51,11.3 За передачу отходов сторонним организациям отвечают ОВЭО и заместитель генерального директора по общим вопросам.
17,Кто отвечает за ведение учета отходов?,11,0.8259,1,4,f0dcd482-6011-4ae2-8c65-73cbab8efe3d,Приложение 4. Перечень документированной информации отдела
17,Кто отвечает за ведение учета отходов?,12,0.8095,2,10.1,51f0707f-97b3-49db-a477-bbfb7bc32c51,"10.1 Персонал, занятый накоплением и передачей отходов сторонним организациям, должен быть обучен правилам безопасности по обращению с отходами в объеме настоящей инструкции и инструкции по охране труда и промышленной безопасности  по  данному  рабочему  месту  и  несет  личную  ответственность  за соблюдение определенных в них требований безопасности."
17,Кто отвечает за ведение учета отходов?,13,0.8067,1,6,51f0707f-97b3-49db-a477-bbfb7bc32c51,6 Порядок накопления отходов
17,Кто отвечает за ведение учета отходов?,14,0.8067,1,6,51f0707f-97b3-49db-a477-bbfb7bc32c51,6 Порядок накопления отходов
17,Кто отвечает за ведение учета отходов?,15,0.8043,1,8,51f0707f-97b3-49db-a477-bbfb7bc32c51,8 Требования к транспортированию отходов
18,Что делать после того как нашли новый тендер?,1,0.7426,1,2,a32fd8d9-8b27-4b58-924e-d65f28b9450a,ИНСТРУКЦИЯ По подготовке тендерного предложения «ИН-01-ПТП»
18,Что делать после того как нашли новый тендер?,2,0.7349,1,2,a32fd8d9-8b27-4b58-924e-d65f28b9450a,Приложение 2 Исходные данные для составления смет.
18,Что делать после того как нашли новый тендер?,3,0.7309,1,6,a32fd8d9-8b27-4b58-924e-d65f28b9450a,6 Основные этапы подготовки ТП.
18,Что делать после того как нашли новый тендер?,4,0.7174,0,None,a32fd8d9-8b27-4b58-924e-d65f28b9450a,ИН-01-ПТП
18,Что делать после того как нашли новый тендер?,5,0.7089,1,1,a32fd8d9-8b27-4b58-924e-d65f28b9450a,1 Назначение.
18,Что делать после того как нашли новый тендер?,6,0.6978,1,6,7eed2ce9-09a5-4d61-9c55-a83abdadfba1,6 Предпроектная проработка
18,Что делать после того как нашли новый тендер?,7,0.6915,1,5,2fffe16b-1ac7-4329-92a2-102d8df22882,Организация договорной работы
18,Что делать после того как нашли новый тендер?,8,0.6906,1,6,2fffe16b-1ac7-4329-92a2-102d8df22882,6 Организация договорной работы
18,Что делать после того как нашли новый тендер?,1,0.7746,1,6,a32fd8d9-8b27-4b58-924e-d65f28b9450a,6 Основные этапы подготовки ТП.
18,Что делать после того как нашли новый тендер?,2,0.7696,1,5,a32fd8d9-8b27-4b58-924e-d65f28b9450a,5 Ответственность.
18,Что делать после того как нашли новый тендер?,3,0.7632,1,3,a32fd8d9-8b27-4b58-924e-d65f28b9450a,3 Термины и сокращения.
18,Что делать после того как нашли новый тендер?,4,0.7625,1,1,a32fd8d9-8b27-4b58-924e-d65f28b9450a,Приложение 1 Перечень документированной информации
18,Что делать после того как нашли новый тендер?,5,0.7618,1,2,2fffe16b-1ac7-4329-92a2-102d8df22882,Организация договорной работы
18,Что делать после того как нашли новый тендер?,6,0.7618,1,7,2fffe16b-1ac7-4329-92a2-102d8df22882,Организация договорной работы
18,Что делать после того как нашли новый тендер?,7,0.7618,1,5,2fffe16b-1ac7-4329-92a2-102d8df22882,Организация договорной работы
18,Что делать после того как нашли новый тендер?,8,0.7587,0,None,a32fd8d9-8b27-4b58-924e-d65f28b9450a,ИН-01-ПТП
19,Что нужно делать на предпроектной проработке?,1,0.8237,1,6,7eed2ce9-09a5-4d61-9c55-a83abdadfba1,6 Предпроектная проработка
19,Что нужно делать на предпроектной проработке?,2,0.74,1,7,7eed2ce9-09a5-4d61-9c55-a83abdadfba1,7 Стадия проектирования
19,Что нужно делать на предпроектной проработке?,3,0.7372,1,7,7eed2ce9-09a5-4d61-9c55-a83abdadfba1,7 Стадия проектирования
19,Что нужно делать на предпроектной проработке?,4,0.7349,1,5,7eed2ce9-09a5-4d61-9c55-a83abdadfba1,5 Стадии выполнения работ
19,Что нужно делать на предпроектной проработке?,5,0.728,1,2,7eed2ce9-09a5-4d61-9c55-a83abdadfba1,Приложение А. Стадии и этапы выполнения работ
19,Что нужно делать на предпроектной проработке?,6,0.7273,1,4,da968b7a-00f4-495f-8795-2e5d2e3a437a,4 Функции
19,Что нужно делать на предпроектной проработке?,7,0.7124,1,5,efddbd28-7b1c-4285-be6e-4d89a9fcb4b3,5 Контроль подготовки к работам
19,Что нужно делать на предпроектной проработке?,8,0.7095,1,6,a32fd8d9-8b27-4b58-924e-d65f28b9450a,6 Основные этапы подготовки ТП.
20,Что включается в бюджет командировки?,1,0.8916,1,5,6d3fc189-3fa6-4183-8d1e-0f02c42b7e28,5 Бюджет командировки
20,Что включается в бюджет командировки?,2,0.8206,2,2.2,6d3fc189-3fa6-4183-8d1e-0f02c42b7e28,Цель командировки
20,Что включается в бюджет командировки?,3,0.8163,2,2.5,6d3fc189-3fa6-4183-8d1e-0f02c42b7e28,Во время командировки
20,Что включается в бюджет командировки?,4,0.8083,2,9.4,6d3fc189-3fa6-4183-8d1e-0f02c42b7e28,"9.4 В течение 3 (трех) рабочих дней со дня возвращения из служебной командировки работник обязан представить в учетно-финансовый отдел авансовый отчет об израсходованных им суммах. Вместе с авансовым отчетом передаются документы (в оригинале), подтверждающие размер произведенных расходов, с указанием формы их оплаты (наличными, чеком, кредитной картой, безналичным перерасчетом). При зарубежных командировках к отчету прилагается ксерокопия отметок в заграничном паспорте."
20,Что включается в бюджет командировки?,5,0.8052,2,6.1,6d3fc189-3fa6-4183-8d1e-0f02c42b7e28,"6.1 При необходимости командировки для решения задач, сотрудник оформляет «Заявку на оформление приказа на командировку и получения денежных средств» (далее по тексту Заявка) которую согласует руководитель структурного подразделения и генеральный директор или первый заместитель генерального директора (приложения А, Д)"
20,Что включается в бюджет командировки?,6,0.7899,2,5.7,b19cc873-30e3-4733-b9a7-d4222693d91f,Доплата за командировку
20,Что включается в бюджет командировки?,7,0.7899,2,2.2,6d3fc189-3fa6-4183-8d1e-0f02c42b7e28,"2.2 Постановление Правительства РФ от 26 декабря 2005 г. N 812 «О размере и порядке выплаты суточных в иностранной валюте и надбавок к суточным в иностранной валюте при служебных командировках на территории иностранных государств работников, заключивших трудовой договор о работе в федеральных государственных органах, работников государственных внебюджетных фондов Российской Федерации, федеральных государственных учреждений»."
20,Что включается в бюджет командировки?,8,0.7889,2,8.2,6d3fc189-3fa6-4183-8d1e-0f02c42b7e28,"8.2 В случае проезда сотрудника к месту командирования и (или) обратно на транспорте Института, либо собственном, либо наемным, в учетно-финансовый отдел предоставляется Отчет о командировке (приложения Б, Д)."
20,Что включается в бюджет командировки?,9,0.7875,1,4,6d3fc189-3fa6-4183-8d1e-0f02c42b7e28,4 Командировки
20,Что включается в бюджет командировки?,10,0.781,1,7,6d3fc189-3fa6-4183-8d1e-0f02c42b7e28,7 Организация работы командированного сотрудника
20,Что включается в бюджет командировки?,11,0.772,2,3.1,6d3fc189-3fa6-4183-8d1e-0f02c42b7e28,3.1 Служебная командировка -поездка работника по распоряжению генерального директора на определенный срок для выполнения служебного поручения вне места постоянной работы.
20,Что включается в бюджет командировки?,12,0.7658,2,5.5,b9d7b363-4f52-4b7e-a1e8-4b0f7b509793,"5.5 Во время нахождения сотрудника в служебной командировке все звонки, произведенные вне рабочего времени (в том числе в выходные и праздничные дни), подлежат оплате Институтом в пределах установленного лимита."
20,Что включается в бюджет командировки?,13,0.7645,2,10.3,6d3fc189-3fa6-4183-8d1e-0f02c42b7e28,"10.3 После согласования служебной записки сотрудник ставит в известность сотрудника приёмной об отмене командировки для отмены (либо обмена) приобретенных билетов, брони гостиницы, и передает ее в учетно-финансовый отдел для отмены приказа о командировании"
20,Что включается в бюджет командировки?,14,0.755,1,2,6d3fc189-3fa6-4183-8d1e-0f02c42b7e28,Приложение Б
20,Что включается в бюджет командировки?,15,0.7449,2,2.1,6d3fc189-3fa6-4183-8d1e-0f02c42b7e28,Служебная записка об отмене командировки
21,Каким видом транспорта можно ездить в командировки?,1,0.8097,2,3.1,6d3fc189-3fa6-4183-8d1e-0f02c42b7e28,3.1 Служебная командировка -поездка работника по распоряжению генерального директора на определенный срок для выполнения служебного поручения вне места постоянной работы.
21,Каким видом транспорта можно ездить в командировки?,2,0.8015,2,5.2,6d3fc189-3fa6-4183-8d1e-0f02c42b7e28,"5.2 Транспортные расходы планируются, исходя из следующего:"
21,Каким видом транспорта можно ездить в командировки?,3,0.8004,1,7,6d3fc189-3fa6-4183-8d1e-0f02c42b7e28,7 Организация работы командированного сотрудника
21,Каким видом транспорта можно ездить в командировки?,4,0.7955,2,6.6,6d3fc189-3fa6-4183-8d1e-0f02c42b7e28,"6.6 При направлении сотрудника в однодневную командировку, оформляется приказ о командировании на общих условиях. Суточные не выплачиваются (п.11 Положения, утв. Постановлением Правительства РФ от 13.10.2008 г № 749)."
21,Каким видом транспорта можно ездить в командировки?,5,0.7951,2,8.3,6d3fc189-3fa6-4183-8d1e-0f02c42b7e28,"8.3 При командировании за границу, время пребывания в командировке определяется по отметкам в паспорте при прохождении паспортного контроля на таможне"
21,Каким видом транспорта можно ездить в командировки?,6,0.791,2,4.1,6d3fc189-3fa6-4183-8d1e-0f02c42b7e28,"4.1 Ответственными за планирование командировки являются руководители структурных подразделений, окончательное утверждение необходимости и целесообразности командировок для сотрудников Института принимает генеральный директор или первый заместитель генерального директора."
21,Каким видом транспорта можно ездить в командировки?,7,0.7894,2,2.1,6d3fc189-3fa6-4183-8d1e-0f02c42b7e28,2.1 Постановление Правительства РФ от 13 октября 2008 г. N 749 «Об особенностях направления работников в служебные командировки»
21,Каким видом транспорта можно ездить в командировки?,8,0.784,2,1.2,6d3fc189-3fa6-4183-8d1e-0f02c42b7e28,"1.2 Порядок организации командировок, изложенный в Положении, является обязательным для всех сотрудников Института."
21,Каким видом транспорта можно ездить в командировки?,9,0.7814,2,2.2,6d3fc189-3fa6-4183-8d1e-0f02c42b7e28,Цель командировки
21,Каким видом транспорта можно ездить в командировки?,10,0.7782,2,2.5,6d3fc189-3fa6-4183-8d1e-0f02c42b7e28,Во время командировки
21,Каким видом транспорта можно ездить в командировки?,11,0.7753,2,9.2,6d3fc189-3fa6-4183-8d1e-0f02c42b7e28,"9.2 Отчет о командировке согласуется с начальником отдела, утверждается генеральным директором или первым заместителем генерального директора."
21,Каким видом транспорта можно ездить в командировки?,12,0.7628,2,5.7,b19cc873-30e3-4733-b9a7-d4222693d91f,Доплата за командировку
21,Каким видом транспорта можно ездить в командировки?,13,0.7524,1,10,6d3fc189-3fa6-4183-8d1e-0f02c42b7e28,10 Отмена командировки
21,Каким видом транспорта можно ездить в командировки?,14,0.7497,2,5.5,b9d7b363-4f52-4b7e-a1e8-4b0f7b509793,"5.5 Во время нахождения сотрудника в служебной командировке все звонки, произведенные вне рабочего времени (в том числе в выходные и праздничные дни), подлежат оплате Институтом в пределах установленного лимита."
21,Каким видом транспорта можно ездить в командировки?,15,0.749,1,2,6d3fc189-3fa6-4183-8d1e-0f02c42b7e28,СОГЛАСОВАНО:
22,Какого класса билет на самолет можно купить при командировке?,1,0.7914,2,5.2,6d3fc189-3fa6-4183-8d1e-0f02c42b7e28,"5.2 Транспортные расходы планируются, исходя из следующего:"
22,Какого класса билет на самолет можно купить при командировке?,2,0.7842,2,6.6,6d3fc189-3fa6-4183-8d1e-0f02c42b7e28,"6.6 При направлении сотрудника в однодневную командировку, оформляется приказ о командировании на общих условиях. Суточные не выплачиваются (п.11 Положения, утв. Постановлением Правительства РФ от 13.10.2008 г № 749)."
22,Какого класса билет на самолет можно купить при командировке?,3,0.7765,1,1,6d3fc189-3fa6-4183-8d1e-0f02c42b7e28,Приложение А
22,Какого класса билет на самолет можно купить при командировке?,4,0.7678,2,5.5,b9d7b363-4f52-4b7e-a1e8-4b0f7b509793,"5.5 Во время нахождения сотрудника в служебной командировке все звонки, произведенные вне рабочего времени (в том числе в выходные и праздничные дни), подлежат оплате Институтом в пределах установленного лимита."
22,Какого класса билет на самолет можно купить при командировке?,5,0.7663,2,2.4,6d3fc189-3fa6-4183-8d1e-0f02c42b7e28,До начала командировки
22,Какого класса билет на самолет можно купить при командировке?,6,0.7581,2,9.2,6d3fc189-3fa6-4183-8d1e-0f02c42b7e28,"9.2 Отчет о командировке согласуется с начальником отдела, утверждается генеральным директором или первым заместителем генерального директора."
22,Какого класса билет на самолет можно купить при командировке?,7,0.7574,2,2.1,6d3fc189-3fa6-4183-8d1e-0f02c42b7e28,2.1 Постановление Правительства РФ от 13 октября 2008 г. N 749 «Об особенностях направления работников в служебные командировки»
22,Какого класса билет на самолет можно купить при командировке?,8,0.757,2,3.2,6d3fc189-3fa6-4183-8d1e-0f02c42b7e28,3.2 К служебным командировкам не относятся:
22,Какого класса билет на самолет можно купить при командировке?,9,0.7556,2,8.3,6d3fc189-3fa6-4183-8d1e-0f02c42b7e28,"8.3 При командировании за границу, время пребывания в командировке определяется по отметкам в паспорте при прохождении паспортного контроля на таможне"
22,Какого класса билет на самолет можно купить при командировке?,10,0.7466,1,10,6d3fc189-3fa6-4183-8d1e-0f02c42b7e28,10 Отмена командировки
22,Какого класса билет на самолет можно купить при командировке?,11,0.7441,1,2,6d3fc189-3fa6-4183-8d1e-0f02c42b7e28,Приложение Б
22,Какого класса билет на самолет можно купить при командировке?,12,0.7426,2,5.7,b19cc873-30e3-4733-b9a7-d4222693d91f,Доплата за командировку
22,Какого класса билет на самолет можно купить при командировке?,13,0.7398,1,2,6d3fc189-3fa6-4183-8d1e-0f02c42b7e28,СОГЛАСОВАНО:
22,Какого класса билет на самолет можно купить при командировке?,14,0.7378,2,6.2,b8b54622-18ad-4302-bea0-e53f1fc46da4,6.2 Оценка существенности экологических аспектов по суммарному количеству баллов
22,Какого класса билет на самолет можно купить при командировке?,15,0.7354,2,4.2,6d3fc189-3fa6-4183-8d1e-0f02c42b7e28,4.2 Командировка сотрудника может быть инициирована:
23,Какого класса поездка может быть на самолете?,1,0.7755,2,5.2,6d3fc189-3fa6-4183-8d1e-0f02c42b7e28,"5.2 Транспортные расходы планируются, исходя из следующего:"
23,Какого класса поездка может быть на самолете?,2,0.7418,2,8.4,51f0707f-97b3-49db-a477-bbfb7bc32c51,8.4 Транспортирование отходов V класса опасности
23,Какого класса поездка может быть на самолете?,3,0.7387,2,3.2,6d3fc189-3fa6-4183-8d1e-0f02c42b7e28,3.2 К служебным командировкам не относятся:
23,Какого класса поездка может быть на самолете?,4,0.7326,2,2.1,6d3fc189-3fa6-4183-8d1e-0f02c42b7e28,Заявка на оформление приказа на командировку и получения денежных средств
23,Какого класса поездка может быть на самолете?,5,0.732,2,6.5,6d3fc189-3fa6-4183-8d1e-0f02c42b7e28,"6.5 Не допускается направление в командировку и выдача аванса сотрудникам, не отчитавшимся об израсходованных средствах в предыдущей командировке (срок отчетности - 3 дня). Днем выезда работника в командировку считается"
23,Какого класса поездка может быть на самолете?,6,0.7307,2,2.6,6d3fc189-3fa6-4183-8d1e-0f02c42b7e28,"Документы, подтверждающие расходы на проезд"
23,Какого класса поездка может быть на самолете?,7,0.7211,2,5.1,51f0707f-97b3-49db-a477-bbfb7bc32c51,"5.1 Отходы в зависимости от степени негативного воздействия на окружающую среду подразделяются  в  соответствии  с  критериями,  установленными  федеральным органом исполнительной власти, осуществляющим государственное регулирование в области охраны окружающей среды, на пять классов опасности:"
23,Какого класса поездка может быть на самолете?,8,0.7162,1,8,6d3fc189-3fa6-4183-8d1e-0f02c42b7e28,8 Срок и режим командировки
23,Какого класса поездка может быть на самолете?,9,0.7134,2,4.2,6d3fc189-3fa6-4183-8d1e-0f02c42b7e28,4.2 Командировка сотрудника может быть инициирована:
23,Какого класса поездка может быть на самолете?,10,0.7133,1,2,6d3fc189-3fa6-4183-8d1e-0f02c42b7e28,СОГЛАСОВАНО:
23,Какого класса поездка может быть на самолете?,11,0.7118,2,9.2,51f0707f-97b3-49db-a477-bbfb7bc32c51,"9.2 Отходы III-IV классов опасности передаются сторонним специализированным организациям только при наличии заключенного договора. Организация должна иметь лицензию на осуществление деятельности по сбору, транспортированию, обработке, утилизации, обезвреживанию, размещению отходов I-IV классов опасности, в приложении к которой обязательно должны быть прописаны те виды"
23,Какого класса поездка может быть на самолете?,12,0.7096,2,4.7,69132fa9-0255-453e-b3a4-2c06c085f8ed,4.7 Обслуживание ЛВС.
23,Какого класса поездка может быть на самолете?,13,0.7077,2,7.3,fb9210b5-8dd4-4acb-9f67-4528cef13ff1,7.3 При заполнении реестра риска используются следующие шкалы (приложение В данной инструкции)
23,Какого класса поездка может быть на самолете?,14,0.7065,2,2.1,6d3fc189-3fa6-4183-8d1e-0f02c42b7e28,2.1 Постановление Правительства РФ от 13 октября 2008 г. N 749 «Об особенностях направления работников в служебные командировки»
23,Какого класса поездка может быть на самолете?,15,0.7063,2,6.2,b8b54622-18ad-4302-bea0-e53f1fc46da4,6.2 Оценка существенности экологических аспектов по суммарному количеству баллов
24,как планируются транспортные расходы?,1,0.7869,1,5,6d3fc189-3fa6-4183-8d1e-0f02c42b7e28,5 Бюджет командировки
24,как планируются транспортные расходы?,2,0.7184,1,8,b19cc873-30e3-4733-b9a7-d4222693d91f,8 Начисление и выплата заработной платы
24,как планируются транспортные расходы?,3,0.7157,1,2,a32fd8d9-8b27-4b58-924e-d65f28b9450a,Приложение 2 Исходные данные для составления смет.
24,как планируются транспортные расходы?,4,0.712,1,8,6d3fc189-3fa6-4183-8d1e-0f02c42b7e28,8 Срок и режим командировки
24,как планируются транспортные расходы?,5,0.7111,1,9,6d3fc189-3fa6-4183-8d1e-0f02c42b7e28,9 Окончание работ. Отчет о командировке
24,как планируются транспортные расходы?,6,0.7101,1,7,6d3fc189-3fa6-4183-8d1e-0f02c42b7e28,7 Организация работы командированного сотрудника
24,как планируются транспортные расходы?,7,0.7026,1,7,7eed2ce9-09a5-4d61-9c55-a83abdadfba1,7 Стадия проектирования
24,как планируются транспортные расходы?,8,0.7007,1,7,6d3fc189-3fa6-4183-8d1e-0f02c42b7e28,Приложение Г
25,Какие задачи у отдела геологии?,1,0.7901,1,2,a109cc23-575d-4d18-9dfa-56a6e79da6c7,ПОЛОЖЕНИЕ Об отделе геологии «ПЛ-07»
25,Какие задачи у отдела геологии?,2,0.7801,0,None,a109cc23-575d-4d18-9dfa-56a6e79da6c7,ПЛ-07
25,Какие задачи у отдела геологии?,3,0.7685,1,2,8b23f04d-fa69-486d-901c-0c9c273b040e,С Геологическим отделом Общества:
25,Какие задачи у отдела геологии?,4,0.7589,1,4,da968b7a-00f4-495f-8795-2e5d2e3a437a,4 Функции
25,Какие задачи у отдела геологии?,5,0.758,1,2,8b23f04d-fa69-486d-901c-0c9c273b040e,С отделом проектирования разработки нефтяных и газовых месторождений Общества:
25,Какие задачи у отдела геологии?,6,0.7544,1,2,b4e2b5d2-431d-4e10-97b5-69902e997854,О группе охраны окружающей среды отдела бурения и «ПЛ-12-ГООС»
25,Какие задачи у отдела геологии?,7,0.7525,1,2,8b23f04d-fa69-486d-901c-0c9c273b040e,С отделом бурения Общества
25,Какие задачи у отдела геологии?,8,0.7496,1,2,11aced3c-a707-407e-86ea-eb17a1a1c87b,ПОЛОЖЕНИЕ об уполномоченном по интегрированной системе менеджмента в отделе геологии «ПЛ-07-УИСМ»
26,Что такое риск?,1,0.8381,1,4,fb9210b5-8dd4-4acb-9f67-4528cef13ff1,"4 Термины, обозначения, сокращения"
26,Что такое риск?,2,0.792,2,7.8.2,fb9210b5-8dd4-4acb-9f67-4528cef13ff1,7.8.2 финансовые риски
26,Что такое риск?,3,0.7863,2,2.3,fb9210b5-8dd4-4acb-9f67-4528cef13ff1,Матрица риска
26,Что такое риск?,4,0.7768,2,2.1,fb9210b5-8dd4-4acb-9f67-4528cef13ff1,Риски
26,Что такое риск?,5,0.7754,1,7,fb9210b5-8dd4-4acb-9f67-4528cef13ff1,7 Реестр рисков
26,Что такое риск?,6,0.7754,1,7,fb9210b5-8dd4-4acb-9f67-4528cef13ff1,7 Реестр рисков
26,Что такое риск?,7,0.7754,1,7,fb9210b5-8dd4-4acb-9f67-4528cef13ff1,7 Реестр рисков
26,Что такое риск?,8,0.7703,2,5.2,6cc0605c-2dc9-4cd7-8cd9-c8e4031560ee,"5.2 Риск угрозы любым информационным ресурсам создают стихийные бедствия, экстремальные  ситуации,  террористические  действия,  аварии  технических средств и линий связи, другие объективные обстоятельства, а также заинтересованные и незаинтересованные в возникновении угрозы лица."
26,Что такое риск?,9,0.7665,2,6.6,fb9210b5-8dd4-4acb-9f67-4528cef13ff1,"6.6 В случае, если риск идентифицирован впервые"
26,Что такое риск?,10,0.7658,1,1,fb9210b5-8dd4-4acb-9f67-4528cef13ff1,1 Назначение
26,Что такое риск?,11,0.7629,2,5.1,fb9210b5-8dd4-4acb-9f67-4528cef13ff1,5.1 Процесс управления рисками включает следующие подпроцессы:
26,Что такое риск?,12,0.7572,2,6.13,fb9210b5-8dd4-4acb-9f67-4528cef13ff1,6.13 Идентифицированные риски подлежат оценке. Процесс оценки рисков проводится с целью выделения значимых рисков. Оценка рисков предусматривает проведение следующих этапов (Приложение В данной инструкции):
26,Что такое риск?,13,0.7451,1,1,fb9210b5-8dd4-4acb-9f67-4528cef13ff1,Приложение А
26,Что такое риск?,14,0.7406,1,2,fb9210b5-8dd4-4acb-9f67-4528cef13ff1,Методы идентификации рисков
26,Что такое риск?,15,0.7328,1,2,fb9210b5-8dd4-4acb-9f67-4528cef13ff1,ИНСТРУКЦИЯ Управление рисками «ИН-01-УР»
27,Какие бывают виды рисков,1,0.7512,1,7,fb9210b5-8dd4-4acb-9f67-4528cef13ff1,7 Реестр рисков
27,Какие бывают виды рисков,2,0.7424,1,4,fb9210b5-8dd4-4acb-9f67-4528cef13ff1,"4 Термины, обозначения, сокращения"
27,Какие бывают виды рисков,3,0.7374,1,7,fb9210b5-8dd4-4acb-9f67-4528cef13ff1,7 Реестр рисков
27,Какие бывают виды рисков,4,0.7337,1,7,fb9210b5-8dd4-4acb-9f67-4528cef13ff1,7 Реестр рисков
27,Какие бывают виды рисков,5,0.7327,1,7,6cc0605c-2dc9-4cd7-8cd9-c8e4031560ee,"7 Ответственность за разглашение конфиденциальной информации, связанной с персональными данными"
27,Какие бывают виды рисков,6,0.7307,1,1,fb9210b5-8dd4-4acb-9f67-4528cef13ff1,1 Назначение
27,Какие бывают виды рисков,7,0.7271,1,6,fb9210b5-8dd4-4acb-9f67-4528cef13ff1,6 Идентификация и оценка рисков
27,Какие бывают виды рисков,8,0.7265,1,7,fb9210b5-8dd4-4acb-9f67-4528cef13ff1,7 Реестр рисков
28,Что такое финансовые риски?,1,0.8364,2,7.8.2,fb9210b5-8dd4-4acb-9f67-4528cef13ff1,7.8.2 финансовые риски
28,Что такое финансовые риски?,2,0.7998,1,4,fb9210b5-8dd4-4acb-9f67-4528cef13ff1,"4 Термины, обозначения, сокращения"
28,Что такое финансовые риски?,3,0.7667,2,5.2,6cc0605c-2dc9-4cd7-8cd9-c8e4031560ee,"5.2 Риск угрозы любым информационным ресурсам создают стихийные бедствия, экстремальные  ситуации,  террористические  действия,  аварии  технических средств и линий связи, другие объективные обстоятельства, а также заинтересованные и незаинтересованные в возникновении угрозы лица."
28,Что такое финансовые риски?,4,0.764,2,2.4,fb9210b5-8dd4-4acb-9f67-4528cef13ff1,Предпринимаемые действия с учетом оценки риска:
28,Что такое финансовые риски?,5,0.7591,2,6.7,fb9210b5-8dd4-4acb-9f67-4528cef13ff1,6.7 Идентификация рисков в обязательном порядке
28,Что такое финансовые риски?,6,0.7571,1,1,fb9210b5-8dd4-4acb-9f67-4528cef13ff1,1 Назначение
28,Что такое финансовые риски?,7,0.7565,2,2.1,fb9210b5-8dd4-4acb-9f67-4528cef13ff1,Риски
28,Что такое финансовые риски?,8,0.7547,1,7,fb9210b5-8dd4-4acb-9f67-4528cef13ff1,7 Реестр рисков
28,Что такое финансовые риски?,9,0.7547,1,7,fb9210b5-8dd4-4acb-9f67-4528cef13ff1,7 Реестр рисков
28,Что такое финансовые риски?,10,0.7547,1,7,fb9210b5-8dd4-4acb-9f67-4528cef13ff1,7 Реестр рисков
28,Что такое финансовые риски?,11,0.7475,2,5.1,fb9210b5-8dd4-4acb-9f67-4528cef13ff1,5.1 Процесс управления рисками включает следующие подпроцессы:
28,Что такое финансовые риски?,12,0.7426,2,6.13,fb9210b5-8dd4-4acb-9f67-4528cef13ff1,6.13 Идентифицированные риски подлежат оценке. Процесс оценки рисков проводится с целью выделения значимых рисков. Оценка рисков предусматривает проведение следующих этапов (Приложение В данной инструкции):
28,Что такое финансовые риски?,13,0.7277,1,1,fb9210b5-8dd4-4acb-9f67-4528cef13ff1,СОГЛАСОВАНО:
28,Что такое финансовые риски?,14,0.7273,1,1,fb9210b5-8dd4-4acb-9f67-4528cef13ff1,Приложение А
28,Что такое финансовые риски?,15,0.7259,1,2,fb9210b5-8dd4-4acb-9f67-4528cef13ff1,Методы идентификации рисков
29,Что такое коммерческая тайна?,1,0.8907,2,6.1,3d52d932-3a30-4403-bfb1-7d1575434c06,"6.1 Коммерческая тайна - режим конфиденциальности информации, позволяющий ее обладателю при существующих или возможных обстоятельствах увеличить доходы, избежать неоправданных расходов, сохранить положение на рынке товаров, работ, услуг или получить иную коммерческую выгоду."
29,Что такое коммерческая тайна?,2,0.8351,1,8,3d52d932-3a30-4403-bfb1-7d1575434c06,"8 Сведения, составляющие коммерческую тайну"
29,Что такое коммерческая тайна?,3,0.82,1,7,3d52d932-3a30-4403-bfb1-7d1575434c06,7 Порядок отнесения сведений к коммерческой тайне
29,Что такое коммерческая тайна?,4,0.8117,1,10,3d52d932-3a30-4403-bfb1-7d1575434c06,10 Порядок допуска к коммерческой тайне
29,Что такое коммерческая тайна?,5,0.7932,1,12,3d52d932-3a30-4403-bfb1-7d1575434c06,12 Ответственность за разглашение коммерческой тайны
29,Что такое коммерческая тайна?,6,0.7917,2,2.1,3d52d932-3a30-4403-bfb1-7d1575434c06,Режим коммерческой тайны не может быть установлен в отношении следующих сведений:
29,Что такое коммерческая тайна?,7,0.7891,1,1,3d52d932-3a30-4403-bfb1-7d1575434c06,1 Назначение
29,Что такое коммерческая тайна?,8,0.7822,1,2,3d52d932-3a30-4403-bfb1-7d1575434c06,ПОЛОЖЕНИЕ О коммерческой тайне «ПЛ-01-КТ»
29,Что такое коммерческая тайна?,9,0.7803,1,4,3d52d932-3a30-4403-bfb1-7d1575434c06,"4 Термины, обозначения, сокращения"
29,Что такое коммерческая тайна?,10,0.776,1,11,3d52d932-3a30-4403-bfb1-7d1575434c06,11 . Порядок прекращения допуска к коммерческой тайне
29,Что такое коммерческая тайна?,11,0.7753,2,9.4,3d52d932-3a30-4403-bfb1-7d1575434c06,"9.4 Не использовать коммерческую тайну Института для занятий другой деятельностью, а также в процессе работы для другой организации, предприятия,</h3>, <table><tbody><tr><td>АО «ВолгоградНИПИнефть» Положение «ПЛ-01-КТ»</td><td>Интегрированная Система Менеджмента О коммерческой тайне</td><td>стр. 5 из 15</td></tr></tbody></table>, <p>учреждения, по заданию физического лица или в ходе осуществления предпринимательской деятельности без образования юридического лица, которая в качестве конкурентного действия может нанести ущерб Институту.</p>"
29,Что такое коммерческая тайна?,12,0.7746,2,2.1,3d52d932-3a30-4403-bfb1-7d1575434c06,Перечень сведений конфиденциального характера
29,Что такое коммерческая тайна?,13,0.7678,2,2.1,3d52d932-3a30-4403-bfb1-7d1575434c06,Обязательство о сохранении принимаемым на работу сотрудником коммерческой тайны АО «ВолгоградНИПИнефть».
29,Что такое коммерческая тайна?,14,0.7618,0,None,3d52d932-3a30-4403-bfb1-7d1575434c06,ПЛ-01-КТ
29,Что такое коммерческая тайна?,15,0.7592,1,1,3d52d932-3a30-4403-bfb1-7d1575434c06,Приложение А
30,Какие сведения относятся к коммерческой тайне?,1,0.8831,1,8,3d52d932-3a30-4403-bfb1-7d1575434c06,"8 Сведения, составляющие коммерческую тайну"
30,Какие сведения относятся к коммерческой тайне?,2,0.8792,2,6.1,3d52d932-3a30-4403-bfb1-7d1575434c06,"6.1 Коммерческая тайна - режим конфиденциальности информации, позволяющий ее обладателю при существующих или возможных обстоятельствах увеличить доходы, избежать неоправданных расходов, сохранить положение на рынке товаров, работ, услуг или получить иную коммерческую выгоду."
30,Какие сведения относятся к коммерческой тайне?,3,0.8576,1,7,3d52d932-3a30-4403-bfb1-7d1575434c06,7 Порядок отнесения сведений к коммерческой тайне
30,Какие сведения относятся к коммерческой тайне?,4,0.8278,1,10,3d52d932-3a30-4403-bfb1-7d1575434c06,10 Порядок допуска к коммерческой тайне
30,Какие сведения относятся к коммерческой тайне?,5,0.825,2,2.1,3d52d932-3a30-4403-bfb1-7d1575434c06,Режим коммерческой тайны не может быть установлен в отношении следующих сведений:
30,Какие сведения относятся к коммерческой тайне?,6,0.817,2,2.1,3d52d932-3a30-4403-bfb1-7d1575434c06,Перечень сведений конфиденциального характера
30,Какие сведения относятся к коммерческой тайне?,7,0.8074,1,12,3d52d932-3a30-4403-bfb1-7d1575434c06,12 Ответственность за разглашение коммерческой тайны
30,Какие сведения относятся к коммерческой тайне?,8,0.7973,1,1,3d52d932-3a30-4403-bfb1-7d1575434c06,1 Назначение
30,Какие сведения относятся к коммерческой тайне?,9,0.7943,1,11,3d52d932-3a30-4403-bfb1-7d1575434c06,11 . Порядок прекращения допуска к коммерческой тайне
30,Какие сведения относятся к коммерческой тайне?,10,0.7937,2,6.5,f0dcd482-6011-4ae2-8c65-73cbab8efe3d,"6.5 Разглашение конфиденциальной информации, информации являющейся коммерческой тайной, персональных данных сотрудников Института."
30,Какие сведения относятся к коммерческой тайне?,11,0.7933,2,9.5,3d52d932-3a30-4403-bfb1-7d1575434c06,"9.5 Не использовать сведения, составляющие коммерческую тайну, в научной и педагогической деятельности, в ходе публичных выступлений, интервью."
30,Какие сведения относятся к коммерческой тайне?,12,0.7932,1,2,3d52d932-3a30-4403-bfb1-7d1575434c06,ПОЛОЖЕНИЕ О коммерческой тайне «ПЛ-01-КТ»
30,Какие сведения относятся к коммерческой тайне?,13,0.7894,1,1,3d52d932-3a30-4403-bfb1-7d1575434c06,Приложение А
30,Какие сведения относятся к коммерческой тайне?,14,0.789,1,7,3d52d932-3a30-4403-bfb1-7d1575434c06,Приложение Г
30,Какие сведения относятся к коммерческой тайне?,15,0.7878,2,5.6,6cc0605c-2dc9-4cd7-8cd9-c8e4031560ee,5.6 «Внешняя защита».
31,Что будет если превысить лимиты корпоративной мобильной связи?,1,0.8327,2,6.3,b9d7b363-4f52-4b7e-a1e8-4b0f7b509793,"6.3 При превышении установленного лимита корпоративной мобильной связи сумма расхода, не подтвержденная производственной необходимостью, подлежит либо оплате работником посредством удержания денежных средств из"
31,Что будет если превысить лимиты корпоративной мобильной связи?,2,0.826,2,4.7,b9d7b363-4f52-4b7e-a1e8-4b0f7b509793,"4.7 В случаях, вызванных производственной необходимостью, установленный лимит корпоративной связи может быть изменен персонально. Изменение лимита производится на основании личного заявления сотрудника (Приложение</h3><p>О корпоративной мобильной связи</p><p>О корпоративной мобильной связи</p><li>Е) либо служебной записки непосредственного руководителя и приказа генерального директора с 1-го числа месяца, следующего за текущим.</li>"
31,Что будет если превысить лимиты корпоративной мобильной связи?,3,0.8234,2,3.4,b9d7b363-4f52-4b7e-a1e8-4b0f7b509793,"3.4 Лимит корпоративной мобильной связи - предельная стоимость потребляемых услуг мобильной связи, установленная в Приложении А на каждый календарный месяц."
31,Что будет если превысить лимиты корпоративной мобильной связи?,4,0.8178,2,5.2,b9d7b363-4f52-4b7e-a1e8-4b0f7b509793,"5.2 При использовании корпоративной мобильной связи расходы сверх установленного лимита, и не по назначению подлежат возмещению Институту."
31,Что будет если превысить лимиты корпоративной мобильной связи?,5,0.8089,2,1.1,b9d7b363-4f52-4b7e-a1e8-4b0f7b509793,ЗАЯВЛЕНИЕ
31,Что будет если превысить лимиты корпоративной мобильной связи?,6,0.807,1,Е,b9d7b363-4f52-4b7e-a1e8-4b0f7b509793,Приложение Е
31,Что будет если превысить лимиты корпоративной мобильной связи?,7,0.7964,2,2.2,b9d7b363-4f52-4b7e-a1e8-4b0f7b509793,ЗАЯВКА на предоставление корпоративной мобильной связи
31,Что будет если превысить лимиты корпоративной мобильной связи?,8,0.7934,1,7,b9d7b363-4f52-4b7e-a1e8-4b0f7b509793,"7 Материальная ответственность работника, использующего корпоративную SIM-карту и корпоративный мобильный аппарат"
31,Что будет если превысить лимиты корпоративной мобильной связи?,9,0.7687,2,1.1,b9d7b363-4f52-4b7e-a1e8-4b0f7b509793,"1.1 Настоящее Положение разработано в целях регулирования исполнения обязанности работодателя, установленной статьей 163 Трудового кодекса Российской Федерации, с целью обеспечить нормальные условия для выполнения работниками служебных обязанностей и использования мобильной связи в деятельности АО «ВолгоградНИПИнефть» (далее по тексту - Институт). Положение определяет порядок предоставления корпоративной мобильной связи сотрудникам Института, устанавливает требования к пользованию корпоративной мобильной связью, нормы и порядок расходов на корпоративную мобильную связь."
31,Что будет если превысить лимиты корпоративной мобильной связи?,10,0.7599,2,6.11,6f828f92-a28f-416f-84dc-b05fd8343b19,"6.11 Всем дистанционным работникам выплачивается компенсация за повышенные расходы на электрическую энергию, Интернет и мобильную связь. Размер компенсации согласовывается генеральным директором и отражается в трудовом договоре или дополнительном соглашении."
31,Что будет если превысить лимиты корпоративной мобильной связи?,11,0.7484,2,8.4,6f828f92-a28f-416f-84dc-b05fd8343b19,"8.4 Трудовой договор с дистанционным работником может быть прекращен в случае изменения работника местности выполнения трудовой функции, если это влечет невозможность исполнения работником обязанностей по трудовому договору на прежних условиях."
31,Что будет если превысить лимиты корпоративной мобильной связи?,12,0.7466,1,2,b9d7b363-4f52-4b7e-a1e8-4b0f7b509793,СОГЛАСОВАНО:
31,Что будет если превысить лимиты корпоративной мобильной связи?,13,0.7456,2,2.3,6cf2861d-294d-472d-b254-94e74dcfb306,2.3 В целях противодействия коррупции работнику рекомендуется:
31,Что будет если превысить лимиты корпоративной мобильной связи?,14,0.743,2,7.5,6cc0605c-2dc9-4cd7-8cd9-c8e4031560ee,"7.5 Лица, виновные в нарушении норм, регулирующих получение, обработку и защиту персональных данных работника, несут дисциплинарную, административную, гражданско-правовую или уголовную ответственность в соответствии с федеральными законами."
31,Что будет если превысить лимиты корпоративной мобильной связи?,15,0.7422,2,3.5,6cc0605c-2dc9-4cd7-8cd9-c8e4031560ee,"3.5 Передача персональных данных работника возможна только с согласия работника или в случаях, прямо предусмотренных законодательством"
32,Что будет если превысить лимиты корпоративной мобильной связи?,1,0.9833,1,7,b9d7b363-4f52-4b7e-a1e8-4b0f7b509793,"7 Материальная ответственность работника, использующего корпоративную SIM-карту и корпоративный мобильный аппарат"
32,Что будет если превысить лимиты корпоративной мобильной связи?,2,0.9708,2,4.7,b9d7b363-4f52-4b7e-a1e8-4b0f7b509793,"4.7 В случаях, вызванных производственной необходимостью, установленный лимит корпоративной связи может быть изменен персонально. Изменение лимита производится на основании личного заявления сотрудника (Приложение</h3><p>О корпоративной мобильной связи</p><p>О корпоративной мобильной связи</p><li>Е) либо служебной записки непосредственного руководителя и приказа генерального директора с 1-го числа месяца, следующего за текущим.</li>"
32,Что будет если превысить лимиты корпоративной мобильной связи?,3,0.9597,2,3.4,b9d7b363-4f52-4b7e-a1e8-4b0f7b509793,"3.4 Лимит корпоративной мобильной связи - предельная стоимость потребляемых услуг мобильной связи, установленная в Приложении А на каждый календарный месяц."
32,Что будет если превысить лимиты корпоративной мобильной связи?,4,0.9517,2,5.2,b9d7b363-4f52-4b7e-a1e8-4b0f7b509793,"5.2 При использовании корпоративной мобильной связи расходы сверх установленного лимита, и не по назначению подлежат возмещению Институту."
32,Что будет если превысить лимиты корпоративной мобильной связи?,5,0.9493,2,6.3,b9d7b363-4f52-4b7e-a1e8-4b0f7b509793,"6.3 При превышении установленного лимита корпоративной мобильной связи сумма расхода, не подтвержденная производственной необходимостью, подлежит либо оплате работником посредством удержания денежных средств из"
32,Что будет если превысить лимиты корпоративной мобильной связи?,6,0.9111,2,2.2,b9d7b363-4f52-4b7e-a1e8-4b0f7b509793,ЗАЯВКА на предоставление корпоративной мобильной связи
32,Что будет если превысить лимиты корпоративной мобильной связи?,7,0.8796,2,4.7,f0dcd482-6011-4ae2-8c65-73cbab8efe3d,"4.7 Формирование архива сканов договорной документации (договоры, дополнительные соглашения, акты сдачи-приемки выполненных работ)."
32,Что будет если превысить лимиты корпоративной мобильной связи?,8,0.8673,2,6.2,b8b54622-18ad-4302-bea0-e53f1fc46da4,6.2 Оценка существенности экологических аспектов по суммарному количеству баллов
32,Что будет если превысить лимиты корпоративной мобильной связи?,9,0.8496,1,7,b8b54622-18ad-4302-bea0-e53f1fc46da4,7 Последовательность формирования реестров экологических аспектов
32,Что будет если превысить лимиты корпоративной мобильной связи?,10,0.8478,2,5.3,b8b54622-18ad-4302-bea0-e53f1fc46da4,5.3 Идентификация экологических аспектов
32,Что будет если превысить лимиты корпоративной мобильной связи?,11,0.8454,2,1.1,b9d7b363-4f52-4b7e-a1e8-4b0f7b509793,"1.1 Настоящее Положение разработано в целях регулирования исполнения обязанности работодателя, установленной статьей 163 Трудового кодекса Российской Федерации, с целью обеспечить нормальные условия для выполнения работниками служебных обязанностей и использования мобильной связи в деятельности АО «ВолгоградНИПИнефть» (далее по тексту - Институт). Положение определяет порядок предоставления корпоративной мобильной связи сотрудникам Института, устанавливает требования к пользованию корпоративной мобильной связью, нормы и порядок расходов на корпоративную мобильную связь."
32,Что будет если превысить лимиты корпоративной мобильной связи?,12,0.8418,2,2.1,f0dcd482-6011-4ae2-8c65-73cbab8efe3d,Проекты договоров
32,Что будет если превысить лимиты корпоративной мобильной связи?,13,0.8361,2,2.1,f0dcd482-6011-4ae2-8c65-73cbab8efe3d,"Оформление договоров на выполнение работ, оказание услуг"
32,Что будет если превысить лимиты корпоративной мобильной связи?,14,0.8258,1,2,b9d7b363-4f52-4b7e-a1e8-4b0f7b509793,ПОЛОЖЕНИЕ О корпоративной мобильной связи в АО «ВолгоградНИПИнефть» «ПЛ-13-КМС»
32,Что будет если превысить лимиты корпоративной мобильной связи?,15,0.8253,1,6,f0dcd482-6011-4ae2-8c65-73cbab8efe3d,Приложение 6. Формы журналов отдела
33,Что входит в персональные данные сотрудников?,1,0.8817,2,2.1,6cc0605c-2dc9-4cd7-8cd9-c8e4031560ee,"2.1 Персональные данные работника - информация, необходимая работодателю в связи с трудовыми отношениями и касающиеся конкретного работника. Под информацией о работниках понимаются сведения о фактах, событиях и обстоятельствах жизни работника, позволяющие идентифицировать его личность."
33,Что входит в персональные данные сотрудников?,2,0.836,2,5.5,6cc0605c-2dc9-4cd7-8cd9-c8e4031560ee,5.5 «Внутренняя защита».
33,Что входит в персональные данные сотрудников?,3,0.8262,2,4.1,6cc0605c-2dc9-4cd7-8cd9-c8e4031560ee,4.1 Внутренний доступ (доступ внутри организации).
33,Что входит в персональные данные сотрудников?,4,0.8212,2,5.3,6cc0605c-2dc9-4cd7-8cd9-c8e4031560ee,"5.3 Защита персональных данных представляет собой жестко регламентированный и динамически технологический процесс, предупреждающий нарушение доступности, целостности, достоверности и конфиденциальности персональных данных и, в конечном счете, обеспечивающий достаточно надежную безопасность информации в процессе управленческой и производственной деятельности компании."
33,Что входит в персональные данные сотрудников?,5,0.8209,2,2.1,3d52d932-3a30-4403-bfb1-7d1575434c06,Перечень сведений конфиденциального характера
33,Что входит в персональные данные сотрудников?,6,0.8208,2,1.1,6cc0605c-2dc9-4cd7-8cd9-c8e4031560ee,"1.1 Целью данного Положения является защита перс่านльных данных работников от несанкционированного доступа, неправомерного их использования или утраты."
33,Что входит в персональные данные сотрудников?,7,0.8184,2,3.2,6cc0605c-2dc9-4cd7-8cd9-c8e4031560ee,3.2 В целях обеспечения прав и свобод человека и гражданина работодатель и его представители при обработке персональных данных работника обязаны соблюдать следующие общие требования:
33,Что входит в персональные данные сотрудников?,8,0.8183,2,5.7,6cc0605c-2dc9-4cd7-8cd9-c8e4031560ee,"5.7 Все лица, связанные с получением, обработкой и защитой перс่านных данных, обязаны подписать обязательство о неразглашении персональных данных работников."
33,Что входит в персональные данные сотрудников?,9,0.8158,2,7.5,6cc0605c-2dc9-4cd7-8cd9-c8e4031560ee,"7.5 Лица, виновные в нарушении норм, регулирующих получение, обработку и защиту персональных данных работника, несут дисциплинарную, административную, гражданско-правовую или уголовную ответственность в соответствии с федеральными законами."
33,Что входит в персональные данные сотрудников?,10,0.8111,2,3.6,6cc0605c-2dc9-4cd7-8cd9-c8e4031560ee,"3.6 Все меры конфиденциальности при сборе, обработке и хранении персональных данных сотрудника распространяются как на бумажные, так и на электронные (автоматизированные) носители информации"
33,Что входит в персональные данные сотрудников?,11,0.8082,2,6.3,6cc0605c-2dc9-4cd7-8cd9-c8e4031560ee,"6.3 В целях защиты персональных данных, хранящихся у работодателя, работник имеет право:"
33,Что входит в персональные данные сотрудников?,12,0.7909,2,3.1,6cf2861d-294d-472d-b254-94e74dcfb306,"3.1 В служебном поведении работнику необходимо исходить из конституционных положений о том, что человек, его права и свободы являются высшей ценностью, и каждый гражданин имеет право на неприкосновенность частной жизни, личную и семейную тайну, защиту чести, достоинства, своего доброго имени."
33,Что входит в персональные данные сотрудников?,13,0.7843,2,2.1,6cc0605c-2dc9-4cd7-8cd9-c8e4031560ee,АО «ВолгоградНИПИнефть» Положение «ПЛ-20-ЗПДР»
33,Что входит в персональные данные сотрудников?,14,0.7833,2,6.5,6f828f92-a28f-416f-84dc-b05fd8343b19,"6.5 Перечень оборудования, программно-технических средств, средств защиты информации и иных средств, по каждому сотруднику согласовывается генеральным директором индивидуально, исходя из должностной инструкции работника."
33,Что входит в персональные данные сотрудников?,15,0.782,2,4.15,3e5239c1-f580-4fbb-a345-04cdea6b1dc4,"4.15 Ведение учета личного состава работников, оформление личных дел, подготовка и выдача по требованию работника справок и копий документов."
34,Какие данные являются персональными?,1,0.8577,2,2.1,6cc0605c-2dc9-4cd7-8cd9-c8e4031560ee,"2.1 Персональные данные работника - информация, необходимая работодателю в связи с трудовыми отношениями и касающиеся конкретного работника. Под информацией о работниках понимаются сведения о фактах, событиях и обстоятельствах жизни работника, позволяющие идентифицировать его личность."
34,Какие данные являются персональными?,2,0.846,2,2.1,3d52d932-3a30-4403-bfb1-7d1575434c06,Перечень сведений конфиденциального характера
34,Какие данные являются персональными?,3,0.8302,2,1.3,6cc0605c-2dc9-4cd7-8cd9-c8e4031560ee,"1.3 Персональные данные относятся к категории конфиденциальной информации. Режим конфиденциальности персональных данных снимается в случаях обезличивания или по истечении 50 лет срока хранения, если иное не определено законом."
34,Какие данные являются персональными?,4,0.8144,2,3.4,6cc0605c-2dc9-4cd7-8cd9-c8e4031560ee,"3.4 Использование персональных данных возможно только в соответствии с целями, определившими их получение."
34,Какие данные являются персональными?,5,0.8097,2,5.3,6cc0605c-2dc9-4cd7-8cd9-c8e4031560ee,"5.3 Защита персональных данных представляет собой жестко регламентированный и динамически технологический процесс, предупреждающий нарушение доступности, целостности, достоверности и конфиденциальности персональных данных и, в конечном счете, обеспечивающий достаточно надежную безопасность информации в процессе управленческой и производственной деятельности компании."
34,Какие данные являются персональными?,6,0.8059,2,5.8,6cc0605c-2dc9-4cd7-8cd9-c8e4031560ee,5.8 По возможности персональные данные обезличиваются.
34,Какие данные являются персональными?,7,0.8057,2,5.5,6cc0605c-2dc9-4cd7-8cd9-c8e4031560ee,5.5 «Внутренняя защита».
34,Какие данные являются персональными?,8,0.8048,2,7.5,6cc0605c-2dc9-4cd7-8cd9-c8e4031560ee,"7.5 Лица, виновные в нарушении норм, регулирующих получение, обработку и защиту персональных данных работника, несут дисциплинарную, административную, гражданско-правовую или уголовную ответственность в соответствии с федеральными законами."
34,Какие данные являются персональными?,9,0.8031,1,3,6cc0605c-2dc9-4cd7-8cd9-c8e4031560ee,3 Обработка персональных данных
34,Какие данные являются персональными?,10,0.7944,2,4.2,6cc0605c-2dc9-4cd7-8cd9-c8e4031560ee,4.2 Внешний доступ.
34,Какие данные являются персональными?,11,0.7849,2,6.3,6cc0605c-2dc9-4cd7-8cd9-c8e4031560ee,"6.3 В целях защиты персональных данных, хранящихся у работодателя, работник имеет право:"
34,Какие данные являются персональными?,12,0.7774,2,3.1,6cf2861d-294d-472d-b254-94e74dcfb306,"3.1 В служебном поведении работнику необходимо исходить из конституционных положений о том, что человек, его права и свободы являются высшей ценностью, и каждый гражданин имеет право на неприкосновенность частной жизни, личную и семейную тайну, защиту чести, достоинства, своего доброго имени."
34,Какие данные являются персональными?,13,0.7709,1,8,3d52d932-3a30-4403-bfb1-7d1575434c06,"8 Сведения, составляющие коммерческую тайну"
34,Какие данные являются персональными?,14,0.7678,2,6.2,3d52d932-3a30-4403-bfb1-7d1575434c06,"6.2 Информация,  составляющая  коммерческую  тайну  (секрет  производства),  сведения любого характера (производственные, технические, экономические, организационные и другие), в том числе о результатах интеллектуальной деятельности в научно-технической сфере, а также сведения о способах осуществления профессиональной деятельности, которые имеют действительную или потенциальную коммерчิескую ценность в силу неизвестности их третьим лицам, к которым у третьих лиц нет свободного доступа на законном основании и в отношении которых обладателем таких сведений введен режим коммерческой тайны."
34,Какие данные являются персональными?,15,0.7652,2,2.1,3d52d932-3a30-4403-bfb1-7d1575434c06,Режим коммерческой тайны не может быть установлен в отношении следующих сведений:
35,Какие задачи у финансового отдела?,1,0.7437,1,2,500e2f88-2aee-47cd-af1f-374bfb07d0c1,ПОЛОЖЕНИЕ Об учетно-финансовом отделе «ПЛ-13»
35,Какие задачи у финансового отдела?,2,0.7377,1,1,500e2f88-2aee-47cd-af1f-374bfb07d0c1,Приложение 1. Структура отдела
35,Какие задачи у финансового отдела?,3,0.7345,0,None,500e2f88-2aee-47cd-af1f-374bfb07d0c1,ПЛ-13
35,Какие задачи у финансового отдела?,4,0.7345,1,2,48112403-b37a-4ee9-9458-0e3f2f51d465,2 Структура
35,Какие задачи у финансового отдела?,5,0.7343,1,4,500e2f88-2aee-47cd-af1f-374bfb07d0c1,Приложение 4. График документооборота АО «ВолгоградНИПИнефть»
35,Какие задачи у финансового отдела?,6,0.7273,1,2,500e2f88-2aee-47cd-af1f-374bfb07d0c1,Приложение 2. Перечень внутренней документации ИСМ отдела
35,Какие задачи у финансового отдела?,7,0.7268,1,6,f0dcd482-6011-4ae2-8c65-73cbab8efe3d,Приложение 6. Формы журналов отдела
35,Какие задачи у финансового отдела?,8,0.7151,1,2,3d52d932-3a30-4403-bfb1-7d1575434c06,Финансово-учетная документация:
35,Какие задачи у финансового отдела?,1,0.807,1,1,500e2f88-2aee-47cd-af1f-374bfb07d0c1,1 Общие положения
35,Какие задачи у финансового отдела?,2,0.7995,1,1,f0dcd482-6011-4ae2-8c65-73cbab8efe3d,Приложение 1. Структура отдела
35,Какие задачи у финансового отдела?,3,0.7995,1,1,48112403-b37a-4ee9-9458-0e3f2f51d465,Приложение 1. Структура отдела
35,Какие задачи у финансового отдела?,4,0.7995,1,1,500e2f88-2aee-47cd-af1f-374bfb07d0c1,Приложение 1. Структура отдела
35,Какие задачи у финансового отдела?,5,0.7995,1,1,3e5239c1-f580-4fbb-a345-04cdea6b1dc4,Приложение 1. Структура отдела
35,Какие задачи у финансового отдела?,6,0.7906,1,4,f0dcd482-6011-4ae2-8c65-73cbab8efe3d,4 Функции
35,Какие задачи у финансового отдела?,7,0.7883,1,2,500e2f88-2aee-47cd-af1f-374bfb07d0c1,ПОЛОЖЕНИЕ Об учетно-финансовом отделе «ПЛ-13»
35,Какие задачи у финансового отдела?,8,0.7877,1,2,500e2f88-2aee-47cd-af1f-374bfb07d0c1,2 Структура
36,Куда нужно класть файлы при регистрации архивов?,1,0.6816,1,2,689ad134-88eb-469c-88cd-35e254e680a3,"Порядок приемки, регистрации и архивирования источников информации."
36,Куда нужно класть файлы при регистрации архивов?,2,0.6619,1,2,689ad134-88eb-469c-88cd-35e254e680a3,ИНСТРУКЦИЯ Регистрация и архивирование источников информации «ИН-15-РегАрх»
36,Куда нужно класть файлы при регистрации архивов?,3,0.6604,1,2,689ad134-88eb-469c-88cd-35e254e680a3,Определения и сокращения
36,Куда нужно класть файлы при регистрации архивов?,5,0.6548,1,6,51f0707f-97b3-49db-a477-bbfb7bc32c51,6 Порядок накопления отходов
36,Куда нужно класть файлы при регистрации архивов?,6,0.6542,1,6,51f0707f-97b3-49db-a477-bbfb7bc32c51,6 Порядок накопления отходов
36,Куда нужно класть файлы при регистрации архивов?,7,0.6433,1,4,42f98718-19b7-4033-b322-b89c595ab0bd,"4 Термины, обозначения, сокращения"
36,Куда нужно класть файлы при регистрации архивов?,8,0.4525,0,None,689ad134-88eb-469c-88cd-35e254e680a3,ИН-15-РегАрх
36,Куда нужно класть файлы при регистрации архивов?,2,0.733,1,4,1381f436-b246-4235-8ac2-f9c7ad474dc8,4 Права доступа к каталогам
36,Куда нужно класть файлы при регистрации архивов?,3,0.7318,1,2,689ad134-88eb-469c-88cd-35e254e680a3,"Порядок приемки, регистрации и архивирования источников информации."
36,Куда нужно класть файлы при регистрации архивов?,4,0.7205,1,2,578e0a05-4db2-412a-bbbe-97cf2aa5f95e,Лист регистрации изменений
36,Куда нужно класть файлы при регистрации архивов?,5,0.7205,1,2,a4b664fc-78f7-4842-8390-48b66e41db44,Лист регистрации изменений
36,Куда нужно класть файлы при регистрации архивов?,6,0.7205,1,2,6cc0605c-2dc9-4cd7-8cd9-c8e4031560ee,Лист регистрации изменений
36,Куда нужно класть файлы при регистрации архивов?,7,0.7205,1,2,d837c868-367e-47c9-a669-0d35668bf223,Лист регистрации изменений
36,Куда нужно класть файлы при регистрации архивов?,8,0.7205,1,2,07635134-c7b3-4b0d-a0b5-da2e6d5b2e0a,Лист регистрации изменений
37,Какая структура у каталогов диска P?,2,0.7831,2,2.1,f0dcd482-6011-4ae2-8c65-73cbab8efe3d,"Оформление договоров на выполнение работ, оказание услуг"
37,Какая структура у каталогов диска P?,3,0.7431,1,4,1381f436-b246-4235-8ac2-f9c7ad474dc8,4 Права доступа к каталогам
37,Какая структура у каталогов диска P?,4,0.7426,2,1.1,1381f436-b246-4235-8ac2-f9c7ad474dc8,"1.1 Настоящая инструкция определяет структуру рабочих каталогов, их содержание, права доступа и правила работы в них."
37,Какая структура у каталогов диска P?,5,0.7389,1,3,a32fd8d9-8b27-4b58-924e-d65f28b9450a,"Приложение 3 Образец документа, заверенного генеральным директором."
37,Какая структура у каталогов диска P?,6,0.7383,2,2.1,a109cc23-575d-4d18-9dfa-56a6e79da6c7,Рабочая инструкция «Структура каталога проекта»
37,Какая структура у каталогов диска P?,7,0.7368,2,3.3,1381f436-b246-4235-8ac2-f9c7ad474dc8,3.3 Название и назначение подкаталогов в основном каталоге проекта формируется в соответствии с рабочими инструкциями соответствующих подразделений:
37,Какая структура у каталогов диска P?,8,0.7364,1,3,7eed2ce9-09a5-4d61-9c55-a83abdadfba1,3 Нормативные ссылки
37,Какая структура у каталогов диска P?,9,0.7314,2,2.1,1381f436-b246-4235-8ac2-f9c7ad474dc8,Общие сведения
37,Какая структура у каталогов диска P?,10,0.7308,2,6.2,a32fd8d9-8b27-4b58-924e-d65f28b9450a,6.2 Формирование ТП.
37,Какая структура у каталогов диска P?,11,0.7307,0,None,1381f436-b246-4235-8ac2-f9c7ad474dc8,РИ-10-СтруктКат
37,Какая структура у каталогов диска P?,12,0.7289,1,1,a32fd8d9-8b27-4b58-924e-d65f28b9450a,Приложение 1 Перечень документированной информации
37,Какая структура у каталогов диска P?,13,0.7269,1,2,578e0a05-4db2-412a-bbbe-97cf2aa5f95e,Нормативные ссылки
37,Какая структура у каталогов диска P?,14,0.7252,1,5,69132fa9-0255-453e-b3a4-2c06c085f8ed,Приложение 5. Шаблоны бланков документированной информации отдела.
37,Какая структура у каталогов диска P?,15,0.7245,2,2.1,11aced3c-a707-407e-86ea-eb17a1a1c87b,Общие сведения
38,Что такое реестр экологических аспектов?,1,0.8897,1,2,b8b54622-18ad-4302-bea0-e53f1fc46da4,Сводный реестр экологических аспектов
38,Что такое реестр экологических аспектов?,2,0.8674,1,2,b8b54622-18ad-4302-bea0-e53f1fc46da4,Итоговый реестр существенных экологических аспектов
38,Что такое реестр экологических аспектов?,3,0.8565,1,7,b8b54622-18ad-4302-bea0-e53f1fc46da4,7 Последовательность формирования реестров экологических аспектов
38,Что такое реестр экологических аспектов?,4,0.8404,2,4.1,b8b54622-18ad-4302-bea0-e53f1fc46da4,4.1 Термины.
38,Что такое реестр экологических аспектов?,5,0.8014,2,6.1,b8b54622-18ad-4302-bea0-e53f1fc46da4,6.1 Методика оценки экологических аспектов
38,Что такое реестр экологических аспектов?,6,0.7917,2,5.3,b8b54622-18ad-4302-bea0-e53f1fc46da4,5.3 Идентификация экологических аспектов
38,Что такое реестр экологических аспектов?,7,0.7888,1,2,b8b54622-18ad-4302-bea0-e53f1fc46da4,Идентификация экологических аспектов
38,Что такое реестр экологических аспектов?,8,0.7881,2,5.1,b8b54622-18ad-4302-bea0-e53f1fc46da4,5.1 Последовательность идентификации экологических аспектов
38,Что такое реестр экологических аспектов?,9,0.7711,2,6.18,fb9210b5-8dd4-4acb-9f67-4528cef13ff1,6.18 Идентификация и оценка рисков в области экологической деятельности регламентирована  процедурой  «Идентификация  экологических  аспектов»  (ПР6.1.2-ИЭА):
38,Что такое реестр экологических аспектов?,10,0.7685,1,2,b8b54622-18ad-4302-bea0-e53f1fc46da4,Процедура Идентификация экологических аспектов ПР-6.1.2-ИЭА
38,Что такое реестр экологических аспектов?,11,0.7663,1,3,b4e2b5d2-431d-4e10-97b5-69902e997854,Приложение 3. Перечень программного обеспечения
38,Что такое реестр экологических аспектов?,12,0.7652,1,2,b8b54622-18ad-4302-bea0-e53f1fc46da4,СОГЛАСОВАНО:
38,Что такое реестр экологических аспектов?,13,0.7597,0,None,b8b54622-18ad-4302-bea0-e53f1fc46da4,ПР-6.1.2-ИЭА
38,Что такое реестр экологических аспектов?,14,0.7557,1,3,fb9210b5-8dd4-4acb-9f67-4528cef13ff1,3 Нормативные ссылки
38,Что такое реестр экологических аспектов?,15,0.7522,1,3,51f0707f-97b3-49db-a477-bbfb7bc32c51,3 Нормативные ссылки
39,Кому подчиняется полевая партия?,1,0.8406,2,2.1,82e7835d-d852-4441-819d-51e10c2ec9f2,"2.1 Полевая партия подчиняется непосредственно начальнику полевой партии Отдела, руководству Отдела и Института согласно утвержденной организационной структуре."
39,Кому подчиняется полевая партия?,2,0.8303,2,1.3,82e7835d-d852-4441-819d-51e10c2ec9f2,1.3 В своей деятельности полевая партия руководствуется:
39,Кому подчиняется полевая партия?,3,0.8007,1,6,82e7835d-d852-4441-819d-51e10c2ec9f2,6 Ответственность
39,Кому подчиняется полевая партия?,4,0.7947,2,5.4,82e7835d-d852-4441-819d-51e10c2ec9f2,"5.4 Представлять на совещаниях Института предложения по вопросам, входящим в компетенцию полевой партии."
39,Кому подчиняется полевая партия?,5,0.7702,1,1,82e7835d-d852-4441-819d-51e10c2ec9f2,Приложение 1 Перечень должностных инструкций полевой партии
39,Кому подчиняется полевая партия?,6,0.7451,1,2,82e7835d-d852-4441-819d-51e10c2ec9f2,ПОЛОЖЕНИЕ О полевой партии отдела инженерных изысканий «ПЛ-08-ПП»
39,Кому подчиняется полевая партия?,7,0.7337,0,None,82e7835d-d852-4441-819d-51e10c2ec9f2,ПЛ-08-ПП
39,Кому подчиняется полевая партия?,8,0.723,1,6,efddbd28-7b1c-4285-be6e-4d89a9fcb4b3,6 Полевой контроль и приемка полевых работ
39,Кому подчиняется полевая партия?,9,0.7221,2,3.1,82e7835d-d852-4441-819d-51e10c2ec9f2,"3.1 Выполнение полевых работ, соответствующих нормативным и регламентирующим государственным документам, отвечающим отраслевым стандартам, отражающим потребности заказчиков."
39,Кому подчиняется полевая партия?,10,0.7037,2,2.1,da968b7a-00f4-495f-8795-2e5d2e3a437a,2.1 Отдел подчиняется заместителю генерального директора-главному маркшейдеру и руководству Институту согласно организационной структуре.
39,Кому подчиняется полевая партия?,11,0.7032,1,2,f0dcd482-6011-4ae2-8c65-73cbab8efe3d,ПОЛОЖЕНИЕ о договорном отделе «ПЛ-05»
39,Кому подчиняется полевая партия?,12,0.6991,2,2.1,efddbd28-7b1c-4285-be6e-4d89a9fcb4b3,Инструментальный контроль
39,Кому подчиняется полевая партия?,13,0.6986,1,2,578e0a05-4db2-412a-bbbe-97cf2aa5f95e,Порядок работы
39,Кому подчиняется полевая партия?,14,0.6971,2,7.1,8b23f04d-fa69-486d-901c-0c9c273b040e,"7.1 Государственный надзор и контроль за организацией работы по маркшейдерскому обеспечению и соблюдением правил выполнения маркшейдерских работ при проектировании, строительстве, эксплуатации, консервации и ликвидации объектов нефтегазодобывающей отрасли, утвержденных в установленном порядке требований (правил и норм) по безопасному ведению горных работ, предупреждению и устранению их вредного влияния на население, окружающую природную среду, объекты народного хозяйства осуществляют органы Федеральной службы по"
39,Кому подчиняется полевая партия?,15,0.6955,2,1.12,8b23f04d-fa69-486d-901c-0c9c273b040e,"1.12 Маркшейдерско-геодезическая документация (полевая, вычислительная и графическая) выполненная сторонней специализированной организацией на средства Общества должна после обработки полевых материалов храниться у заказчика работ, то есть в МГС."
40,В каком документе описан порядок внешних поставок?,1,0.758,1,7,b497403b-04e3-423e-bb5a-670c170f5a33,"7 Порядок действий при внешних поставках для осуществления работ по договорам в офисе Института и внешних поставках, связанных с развитием инфраструктуры и материальных ресурсов Института"
40,В каком документе описан порядок внешних поставок?,2,0.7484,1,2,b497403b-04e3-423e-bb5a-670c170f5a33,ИНСТРУКЦИЯ Внешние поставки «ИН-01-ВП»
40,В каком документе описан порядок внешних поставок?,3,0.7387,1,3,42f98718-19b7-4033-b322-b89c595ab0bd,3 Нормативные ссылки
40,В каком документе описан порядок внешних поставок?,4,0.7352,1,1,42f98718-19b7-4033-b322-b89c595ab0bd,1 Назначение
40,В каком документе описан порядок внешних поставок?,5,0.7153,1,2,b4e2b5d2-431d-4e10-97b5-69902e997854,Приложение 2. Перечень регламентирующих документов
40,В каком документе описан порядок внешних поставок?,6,0.7074,1,6,b497403b-04e3-423e-bb5a-670c170f5a33,"6 Оценка, выбор и переоценка поставщиков."
40,В каком документе описан порядок внешних поставок?,7,0.7065,1,2,b497403b-04e3-423e-bb5a-670c170f5a33,Примечания
40,В каком документе описан порядок внешних поставок?,8,0.7027,1,8,42f98718-19b7-4033-b322-b89c595ab0bd,8 Управление исходящей документацией
40,В каком документе описан порядок внешних поставок?,1,0.8205,1,2,b497403b-04e3-423e-bb5a-670c170f5a33,ИНСТРУКЦИЯ Внешние поставки «ИН-01-ВП»
40,В каком документе описан порядок внешних поставок?,2,0.8186,1,1,b497403b-04e3-423e-bb5a-670c170f5a33,1 Назначение
40,В каком документе описан порядок внешних поставок?,3,0.8125,1,7,b497403b-04e3-423e-bb5a-670c170f5a33,"7 Порядок действий при внешних поставках для осуществления работ по договорам в офисе Института и внешних поставках, связанных с развитием инфраструктуры и материальных ресурсов Института"
40,В каком документе описан порядок внешних поставок?,4,0.7953,1,Д,b497403b-04e3-423e-bb5a-670c170f5a33,Приложение Д
40,В каком документе описан порядок внешних поставок?,5,0.7815,1,5,b497403b-04e3-423e-bb5a-670c170f5a33,5 Основные положения
41,Где прописаны правила командировок?,1,0.7525,1,8,6d3fc189-3fa6-4183-8d1e-0f02c42b7e28,8 Срок и режим командировки
41,Где прописаны правила командировок?,2,0.7507,1,7,6d3fc189-3fa6-4183-8d1e-0f02c42b7e28,Приложение Г
41,Где прописаны правила командировок?,3,0.7478,1,1,6d3fc189-3fa6-4183-8d1e-0f02c42b7e28,Приложение А
41,Где прописаны правила командировок?,4,0.7457,1,7,6d3fc189-3fa6-4183-8d1e-0f02c42b7e28,7 Организация работы командированного сотрудника
41,Где прописаны правила командировок?,5,0.7322,1,6,6d3fc189-3fa6-4183-8d1e-0f02c42b7e28,6 Организация командировки
41,Где прописаны правила командировок?,6,0.7307,1,5,6d3fc189-3fa6-4183-8d1e-0f02c42b7e28,5 Бюджет командировки
41,Где прописаны правила командировок?,7,0.7297,1,4,6d3fc189-3fa6-4183-8d1e-0f02c42b7e28,4 Командировки
41,Где прописаны правила командировок?,8,0.729,1,9,6d3fc189-3fa6-4183-8d1e-0f02c42b7e28,9 Окончание работ. Отчет о командировке
41,Где прописаны правила командировок?,1,0.8088,1,2,6d3fc189-3fa6-4183-8d1e-0f02c42b7e28,2 Нормативные ссылки
41,Где прописаны правила командировок?,2,0.8081,1,7,6d3fc189-3fa6-4183-8d1e-0f02c42b7e28,Приложение Г
41,Где прописаны правила командировок?,3,0.7955,1,1,6d3fc189-3fa6-4183-8d1e-0f02c42b7e28,1 Общие положения
41,Где прописаны правила командировок?,4,0.7954,1,6,6d3fc189-3fa6-4183-8d1e-0f02c42b7e28,6 Организация командировки
41,Где прописаны правила командировок?,5,0.7938,1,8,6d3fc189-3fa6-4183-8d1e-0f02c42b7e28,8 Срок и режим командировки
42,Что будет если превысить лимиты корпоративной мобильной связи?,1,0.9833,1,7,b9d7b363-4f52-4b7e-a1e8-4b0f7b509793,"7 Материальная ответственность работника, использующего корпоративную SIM-карту и корпоративный мобильный аппарат"
42,Что будет если превысить лимиты корпоративной мобильной связи?,2,0.9708,2,4.7,b9d7b363-4f52-4b7e-a1e8-4b0f7b509793,"4.7 В случаях, вызванных производственной необходимостью, установленный лимит корпоративной связи может быть изменен персонально. Изменение лимита производится на основании личного заявления сотрудника (Приложение</h3><p>О корпоративной мобильной связи</p><p>О корпоративной мобильной связи</p><li>Е) либо служебной записки непосредственного руководителя и приказа генерального директора с 1-го числа месяца, следующего за текущим.</li>"
42,Что будет если превысить лимиты корпоративной мобильной связи?,3,0.9597,2,3.4,b9d7b363-4f52-4b7e-a1e8-4b0f7b509793,"3.4 Лимит корпоративной мобильной связи - предельная стоимость потребляемых услуг мобильной связи, установленная в Приложении А на каждый календарный месяц."
42,Что будет если превысить лимиты корпоративной мобильной связи?,4,0.9517,2,5.2,b9d7b363-4f52-4b7e-a1e8-4b0f7b509793,"5.2 При использовании корпоративной мобильной связи расходы сверх установленного лимита, и не по назначению подлежат возмещению Институту."
42,Что будет если превысить лимиты корпоративной мобильной связи?,5,0.9493,2,6.3,b9d7b363-4f52-4b7e-a1e8-4b0f7b509793,"6.3 При превышении установленного лимита корпоративной мобильной связи сумма расхода, не подтвержденная производственной необходимостью, подлежит либо оплате работником посредством удержания денежных средств из"
42,Что будет если превысить лимиты корпоративной мобильной связи?,6,0.9111,2,2.2,b9d7b363-4f52-4b7e-a1e8-4b0f7b509793,ЗАЯВКА на предоставление корпоративной мобильной связи
42,Что будет если превысить лимиты корпоративной мобильной связи?,7,0.8796,2,4.7,f0dcd482-6011-4ae2-8c65-73cbab8efe3d,"4.7 Формирование архива сканов договорной документации (договоры, дополнительные соглашения, акты сдачи-приемки выполненных работ)."
42,Что будет если превысить лимиты корпоративной мобильной связи?,8,0.8673,2,6.2,b8b54622-18ad-4302-bea0-e53f1fc46da4,6.2 Оценка существенности экологических аспектов по суммарному количеству баллов
42,Что будет если превысить лимиты корпоративной мобильной связи?,9,0.8496,1,7,b8b54622-18ad-4302-bea0-e53f1fc46da4,7 Последовательность формирования реестров экологических аспектов
42,Что будет если превысить лимиты корпоративной мобильной связи?,10,0.8478,2,5.3,b8b54622-18ad-4302-bea0-e53f1fc46da4,5.3 Идентификация экологических аспектов
42,Что будет если превысить лимиты корпоративной мобильной связи?,11,0.8454,2,1.1,b9d7b363-4f52-4b7e-a1e8-4b0f7b509793,"1.1 Настоящее Положение разработано в целях регулирования исполнения обязанности работодателя, установленной статьей 163 Трудового кодекса Российской Федерации, с целью обеспечить нормальные условия для выполнения работниками служебных обязанностей и использования мобильной связи в деятельности АО «ВолгоградНИПИнефть» (далее по тексту - Институт). Положение определяет порядок предоставления корпоративной мобильной связи сотрудникам Института, устанавливает требования к пользованию корпоративной мобильной связью, нормы и порядок расходов на корпоративную мобильную связь."
42,Что будет если превысить лимиты корпоративной мобильной связи?,12,0.8418,2,2.1,f0dcd482-6011-4ae2-8c65-73cbab8efe3d,Проекты договоров
42,Что будет если превысить лимиты корпоративной мобильной связи?,13,0.8361,2,2.1,f0dcd482-6011-4ae2-8c65-73cbab8efe3d,"Оформление договоров на выполнение работ, оказание услуг"
42,Что будет если превысить лимиты корпоративной мобильной связи?,14,0.8258,1,2,b9d7b363-4f52-4b7e-a1e8-4b0f7b509793,ПОЛОЖЕНИЕ О корпоративной мобильной связи в АО «ВолгоградНИПИнефть» «ПЛ-13-КМС»
42,Что будет если превысить лимиты корпоративной мобильной связи?,15,0.8253,1,6,f0dcd482-6011-4ae2-8c65-73cbab8efe3d,Приложение 6. Формы журналов отдела
43,Что входит в персональные данные сотрудников?,1,0.8817,2,2.1,6cc0605c-2dc9-4cd7-8cd9-c8e4031560ee,"2.1 Персональные данные работника - информация, необходимая работодателю в связи с трудовыми отношениями и касающиеся конкретного работника. Под информацией о работниках понимаются сведения о фактах, событиях и обстоятельствах жизни работника, позволяющие идентифицировать его личность."
43,Что входит в персональные данные сотрудников?,2,0.836,2,5.5,6cc0605c-2dc9-4cd7-8cd9-c8e4031560ee,5.5 «Внутренняя защита».
43,Что входит в персональные данные сотрудников?,3,0.8262,2,4.1,6cc0605c-2dc9-4cd7-8cd9-c8e4031560ee,4.1 Внутренний доступ (доступ внутри организации).
43,Что входит в персональные данные сотрудников?,4,0.8212,2,5.3,6cc0605c-2dc9-4cd7-8cd9-c8e4031560ee,"5.3 Защита персональных данных представляет собой жестко регламентированный и динамически технологический процесс, предупреждающий нарушение доступности, целостности, достоверности и конфиденциальности персональных данных и, в конечном счете, обеспечивающий достаточно надежную безопасность информации в процессе управленческой и производственной деятельности компании."
43,Что входит в персональные данные сотрудников?,5,0.8209,2,2.1,3d52d932-3a30-4403-bfb1-7d1575434c06,Перечень сведений конфиденциального характера
43,Что входит в персональные данные сотрудников?,6,0.8208,2,1.1,6cc0605c-2dc9-4cd7-8cd9-c8e4031560ee,"1.1 Целью данного Положения является защита перс่านльных данных работников от несанкционированного доступа, неправомерного их использования или утраты."
43,Что входит в персональные данные сотрудников?,7,0.8184,2,3.2,6cc0605c-2dc9-4cd7-8cd9-c8e4031560ee,3.2 В целях обеспечения прав и свобод человека и гражданина работодатель и его представители при обработке персональных данных работника обязаны соблюдать следующие общие требования:
43,Что входит в персональные данные сотрудников?,8,0.8183,2,5.7,6cc0605c-2dc9-4cd7-8cd9-c8e4031560ee,"5.7 Все лица, связанные с получением, обработкой и защитой перс่านных данных, обязаны подписать обязательство о неразглашении персональных данных работников."
43,Что входит в персональные данные сотрудников?,9,0.8158,2,7.5,6cc0605c-2dc9-4cd7-8cd9-c8e4031560ee,"7.5 Лица, виновные в нарушении норм, регулирующих получение, обработку и защиту персональных данных работника, несут дисциплинарную, административную, гражданско-правовую или уголовную ответственность в соответствии с федеральными законами."
43,Что входит в персональные данные сотрудников?,10,0.8111,2,3.6,6cc0605c-2dc9-4cd7-8cd9-c8e4031560ee,"3.6 Все меры конфиденциальности при сборе, обработке и хранении персональных данных сотрудника распространяются как на бумажные, так и на электронные (автоматизированные) носители информации"
43,Что входит в персональные данные сотрудников?,11,0.8082,2,6.3,6cc0605c-2dc9-4cd7-8cd9-c8e4031560ee,"6.3 В целях защиты персональных данных, хранящихся у работодателя, работник имеет право:"
43,Что входит в персональные данные сотрудников?,12,0.7909,2,3.1,6cf2861d-294d-472d-b254-94e74dcfb306,"3.1 В служебном поведении работнику необходимо исходить из конституционных положений о том, что человек, его права и свободы являются высшей ценностью, и каждый гражданин имеет право на неприкосновенность частной жизни, личную и семейную тайну, защиту чести, достоинства, своего доброго имени."
43,Что входит в персональные данные сотрудников?,13,0.7843,2,2.1,6cc0605c-2dc9-4cd7-8cd9-c8e4031560ee,АО «ВолгоградНИПИнефть» Положение «ПЛ-20-ЗПДР»
43,Что входит в персональные данные сотрудников?,14,0.7833,2,6.5,6f828f92-a28f-416f-84dc-b05fd8343b19,"6.5 Перечень оборудования, программно-технических средств, средств защиты информации и иных средств, по каждому сотруднику согласовывается генеральным директором индивидуально, исходя из должностной инструкции работника."
43,Что входит в персональные данные сотрудников?,15,0.782,2,4.15,3e5239c1-f580-4fbb-a345-04cdea6b1dc4,"4.15 Ведение учета личного состава работников, оформление личных дел, подготовка и выдача по требованию работника справок и копий документов."
44,Какие данные являются персональными?,1,0.8577,2,2.1,6cc0605c-2dc9-4cd7-8cd9-c8e4031560ee,"2.1 Персональные данные работника - информация, необходимая работодателю в связи с трудовыми отношениями и касающиеся конкретного работника. Под информацией о работниках понимаются сведения о фактах, событиях и обстоятельствах жизни работника, позволяющие идентифицировать его личность."
44,Какие данные являются персональными?,2,0.846,2,2.1,3d52d932-3a30-4403-bfb1-7d1575434c06,Перечень сведений конфиденциального характера
44,Какие данные являются персональными?,3,0.8302,2,1.3,6cc0605c-2dc9-4cd7-8cd9-c8e4031560ee,"1.3 Персональные данные относятся к категории конфиденциальной информации. Режим конфиденциальности персональных данных снимается в случаях обезличивания или по истечении 50 лет срока хранения, если иное не определено законом."
44,Какие данные являются персональными?,4,0.8144,2,3.4,6cc0605c-2dc9-4cd7-8cd9-c8e4031560ee,"3.4 Использование персональных данных возможно только в соответствии с целями, определившими их получение."
44,Какие данные являются персональными?,5,0.8097,2,5.3,6cc0605c-2dc9-4cd7-8cd9-c8e4031560ee,"5.3 Защита персональных данных представляет собой жестко регламентированный и динамически технологический процесс, предупреждающий нарушение доступности, целостности, достоверности и конфиденциальности персональных данных и, в конечном счете, обеспечивающий достаточно надежную безопасность информации в процессе управленческой и производственной деятельности компании."
44,Какие данные являются персональными?,6,0.8059,2,5.8,6cc0605c-2dc9-4cd7-8cd9-c8e4031560ee,5.8 По возможности персональные данные обезличиваются.
44,Какие данные являются персональными?,7,0.8057,2,5.5,6cc0605c-2dc9-4cd7-8cd9-c8e4031560ee,5.5 «Внутренняя защита».
44,Какие данные являются персональными?,8,0.8048,2,7.5,6cc0605c-2dc9-4cd7-8cd9-c8e4031560ee,"7.5 Лица, виновные в нарушении норм, регулирующих получение, обработку и защиту персональных данных работника, несут дисциплинарную, административную, гражданско-правовую или уголовную ответственность в соответствии с федеральными законами."
44,Какие данные являются персональными?,9,0.8031,1,3,6cc0605c-2dc9-4cd7-8cd9-c8e4031560ee,3 Обработка персональных данных
44,Какие данные являются персональными?,10,0.7944,2,4.2,6cc0605c-2dc9-4cd7-8cd9-c8e4031560ee,4.2 Внешний доступ.
44,Какие данные являются персональными?,11,0.7849,2,6.3,6cc0605c-2dc9-4cd7-8cd9-c8e4031560ee,"6.3 В целях защиты персональных данных, хранящихся у работодателя, работник имеет право:"
44,Какие данные являются персональными?,12,0.7774,2,3.1,6cf2861d-294d-472d-b254-94e74dcfb306,"3.1 В служебном поведении работнику необходимо исходить из конституционных положений о том, что человек, его права и свободы являются высшей ценностью, и каждый гражданин имеет право на неприкосновенность частной жизни, личную и семейную тайну, защиту чести, достоинства, своего доброго имени."
44,Какие данные являются персональными?,13,0.7709,1,8,3d52d932-3a30-4403-bfb1-7d1575434c06,"8 Сведения, составляющие коммерческую тайну"
44,Какие данные являются персональными?,14,0.7678,2,6.2,3d52d932-3a30-4403-bfb1-7d1575434c06,"6.2 Информация,  составляющая  коммерческую  тайну  (секрет  производства),  сведения любого характера (производственные, технические, экономические, организационные и другие), в том числе о результатах интеллектуальной деятельности в научно-технической сфере, а также сведения о способах осуществления профессиональной деятельности, которые имеют действительную или потенциальную коммерчิескую ценность в силу неизвестности их третьим лицам, к которым у третьих лиц нет свободного доступа на законном основании и в отношении которых обладателем таких сведений введен режим коммерческой тайны."
44,Какие данные являются персональными?,15,0.7652,2,2.1,3d52d932-3a30-4403-bfb1-7d1575434c06,Режим коммерческой тайны не может быть установлен в отношении следующих сведений:
45,Какие задачи у финансового отдела?,1,0.7437,1,2,500e2f88-2aee-47cd-af1f-374bfb07d0c1,ПОЛОЖЕНИЕ Об учетно-финансовом отделе «ПЛ-13»
45,Какие задачи у финансового отдела?,2,0.7377,1,1,500e2f88-2aee-47cd-af1f-374bfb07d0c1,Приложение 1. Структура отдела
45,Какие задачи у финансового отдела?,3,0.7345,0,None,500e2f88-2aee-47cd-af1f-374bfb07d0c1,ПЛ-13
45,Какие задачи у финансового отдела?,4,0.7345,1,2,48112403-b37a-4ee9-9458-0e3f2f51d465,2 Структура
45,Какие задачи у финансового отдела?,5,0.7343,1,4,500e2f88-2aee-47cd-af1f-374bfb07d0c1,Приложение 4. График документооборота АО «ВолгоградНИПИнефть»
45,Какие задачи у финансового отдела?,6,0.7273,1,2,500e2f88-2aee-47cd-af1f-374bfb07d0c1,Приложение 2. Перечень внутренней документации ИСМ отдела
45,Какие задачи у финансового отдела?,7,0.7268,1,6,f0dcd482-6011-4ae2-8c65-73cbab8efe3d,Приложение 6. Формы журналов отдела
45,Какие задачи у финансового отдела?,8,0.7151,1,2,3d52d932-3a30-4403-bfb1-7d1575434c06,Финансово-учетная документация:
45,Какие задачи у финансового отдела?,1,0.807,1,1,500e2f88-2aee-47cd-af1f-374bfb07d0c1,1 Общие положения
45,Какие задачи у финансового отдела?,2,0.7995,1,1,f0dcd482-6011-4ae2-8c65-73cbab8efe3d,Приложение 1. Структура отдела
45,Какие задачи у финансового отдела?,3,0.7995,1,1,48112403-b37a-4ee9-9458-0e3f2f51d465,Приложение 1. Структура отдела
45,Какие задачи у финансового отдела?,4,0.7995,1,1,500e2f88-2aee-47cd-af1f-374bfb07d0c1,Приложение 1. Структура отдела
45,Какие задачи у финансового отдела?,5,0.7995,1,1,3e5239c1-f580-4fbb-a345-04cdea6b1dc4,Приложение 1. Структура отдела
45,Какие задачи у финансового отдела?,6,0.7906,1,4,f0dcd482-6011-4ae2-8c65-73cbab8efe3d,4 Функции
45,Какие задачи у финансового отдела?,7,0.7883,1,2,500e2f88-2aee-47cd-af1f-374bfb07d0c1,ПОЛОЖЕНИЕ Об учетно-финансовом отделе «ПЛ-13»
45,Какие задачи у финансового отдела?,8,0.7877,1,2,500e2f88-2aee-47cd-af1f-374bfb07d0c1,2 Структура
46,Куда нужно класть файлы при регистрации архивов?,1,0.6816,1,2,689ad134-88eb-469c-88cd-35e254e680a3,"Порядок приемки, регистрации и архивирования источников информации."
46,Куда нужно класть файлы при регистрации архивов?,2,0.6619,1,2,689ad134-88eb-469c-88cd-35e254e680a3,ИНСТРУКЦИЯ Регистрация и архивирование источников информации «ИН-15-РегАрх»
46,Куда нужно класть файлы при регистрации архивов?,3,0.6604,1,2,689ad134-88eb-469c-88cd-35e254e680a3,Определения и сокращения
46,Куда нужно класть файлы при регистрации архивов?,5,0.6548,1,6,51f0707f-97b3-49db-a477-bbfb7bc32c51,6 Порядок накопления отходов
46,Куда нужно класть файлы при регистрации архивов?,6,0.6542,1,6,51f0707f-97b3-49db-a477-bbfb7bc32c51,6 Порядок накопления отходов
46,Куда нужно класть файлы при регистрации архивов?,7,0.6433,1,4,42f98718-19b7-4033-b322-b89c595ab0bd,"4 Термины, обозначения, сокращения"
46,Куда нужно класть файлы при регистрации архивов?,8,0.4525,0,None,689ad134-88eb-469c-88cd-35e254e680a3,ИН-15-РегАрх
46,Куда нужно класть файлы при регистрации архивов?,2,0.733,1,4,1381f436-b246-4235-8ac2-f9c7ad474dc8,4 Права доступа к каталогам
46,Куда нужно класть файлы при регистрации архивов?,3,0.7318,1,2,689ad134-88eb-469c-88cd-35e254e680a3,"Порядок приемки, регистрации и архивирования источников информации."
46,Куда нужно класть файлы при регистрации архивов?,4,0.7205,1,2,578e0a05-4db2-412a-bbbe-97cf2aa5f95e,Лист регистрации изменений
46,Куда нужно класть файлы при регистрации архивов?,5,0.7205,1,2,a4b664fc-78f7-4842-8390-48b66e41db44,Лист регистрации изменений
46,Куда нужно класть файлы при регистрации архивов?,6,0.7205,1,2,6cc0605c-2dc9-4cd7-8cd9-c8e4031560ee,Лист регистрации изменений
46,Куда нужно класть файлы при регистрации архивов?,7,0.7205,1,2,d837c868-367e-47c9-a669-0d35668bf223,Лист регистрации изменений
46,Куда нужно класть файлы при регистрации архивов?,8,0.7205,1,2,07635134-c7b3-4b0d-a0b5-da2e6d5b2e0a,Лист регистрации изменений
47,Какая структура у каталогов диска P?,2,0.7831,2,2.1,f0dcd482-6011-4ae2-8c65-73cbab8efe3d,"Оформление договоров на выполнение работ, оказание услуг"
47,Какая структура у каталогов диска P?,3,0.7431,1,4,1381f436-b246-4235-8ac2-f9c7ad474dc8,4 Права доступа к каталогам
47,Какая структура у каталогов диска P?,4,0.7426,2,1.1,1381f436-b246-4235-8ac2-f9c7ad474dc8,"1.1 Настоящая инструкция определяет структуру рабочих каталогов, их содержание, права доступа и правила работы в них."
47,Какая структура у каталогов диска P?,5,0.7389,1,3,a32fd8d9-8b27-4b58-924e-d65f28b9450a,"Приложение 3 Образец документа, заверенного генеральным директором."
47,Какая структура у каталогов диска P?,6,0.7383,2,2.1,a109cc23-575d-4d18-9dfa-56a6e79da6c7,Рабочая инструкция «Структура каталога проекта»
47,Какая структура у каталогов диска P?,7,0.7368,2,3.3,1381f436-b246-4235-8ac2-f9c7ad474dc8,3.3 Название и назначение подкаталогов в основном каталоге проекта формируется в соответствии с рабочими инструкциями соответствующих подразделений:
47,Какая структура у каталогов диска P?,8,0.7364,1,3,7eed2ce9-09a5-4d61-9c55-a83abdadfba1,3 Нормативные ссылки
47,Какая структура у каталогов диска P?,9,0.7314,2,2.1,1381f436-b246-4235-8ac2-f9c7ad474dc8,Общие сведения
47,Какая структура у каталогов диска P?,10,0.7308,2,6.2,a32fd8d9-8b27-4b58-924e-d65f28b9450a,6.2 Формирование ТП.
47,Какая структура у каталогов диска P?,11,0.7307,0,None,1381f436-b246-4235-8ac2-f9c7ad474dc8,РИ-10-СтруктКат
47,Какая структура у каталогов диска P?,12,0.7289,1,1,a32fd8d9-8b27-4b58-924e-d65f28b9450a,Приложение 1 Перечень документированной информации
47,Какая структура у каталогов диска P?,13,0.7269,1,2,578e0a05-4db2-412a-bbbe-97cf2aa5f95e,Нормативные ссылки
47,Какая структура у каталогов диска P?,14,0.7252,1,5,69132fa9-0255-453e-b3a4-2c06c085f8ed,Приложение 5. Шаблоны бланков документированной информации отдела.
47,Какая структура у каталогов диска P?,15,0.7245,2,2.1,11aced3c-a707-407e-86ea-eb17a1a1c87b,Общие сведения
48,Что такое реестр экологических аспектов?,1,0.8897,1,2,b8b54622-18ad-4302-bea0-e53f1fc46da4,Сводный реестр экологических аспектов
48,Что такое реестр экологических аспектов?,2,0.8674,1,2,b8b54622-18ad-4302-bea0-e53f1fc46da4,Итоговый реестр существенных экологических аспектов
48,Что такое реестр экологических аспектов?,3,0.8565,1,7,b8b54622-18ad-4302-bea0-e53f1fc46da4,7 Последовательность формирования реестров экологических аспектов
48,Что такое реестр экологических аспектов?,4,0.8404,2,4.1,b8b54622-18ad-4302-bea0-e53f1fc46da4,4.1 Термины.
48,Что такое реестр экологических аспектов?,5,0.8014,2,6.1,b8b54622-18ad-4302-bea0-e53f1fc46da4,6.1 Методика оценки экологических аспектов
48,Что такое реестр экологических аспектов?,6,0.7917,2,5.3,b8b54622-18ad-4302-bea0-e53f1fc46da4,5.3 Идентификация экологических аспектов
48,Что такое реестр экологических аспектов?,7,0.7888,1,2,b8b54622-18ad-4302-bea0-e53f1fc46da4,Идентификация экологических аспектов
48,Что такое реестр экологических аспектов?,8,0.7881,2,5.1,b8b54622-18ad-4302-bea0-e53f1fc46da4,5.1 Последовательность идентификации экологических аспектов
48,Что такое реестр экологических аспектов?,9,0.7711,2,6.18,fb9210b5-8dd4-4acb-9f67-4528cef13ff1,6.18 Идентификация и оценка рисков в области экологической деятельности регламентирована  процедурой  «Идентификация  экологических  аспектов»  (ПР6.1.2-ИЭА):
48,Что такое реестр экологических аспектов?,10,0.7685,1,2,b8b54622-18ad-4302-bea0-e53f1fc46da4,Процедура Идентификация экологических аспектов ПР-6.1.2-ИЭА
48,Что такое реестр экологических аспектов?,11,0.7663,1,3,b4e2b5d2-431d-4e10-97b5-69902e997854,Приложение 3. Перечень программного обеспечения
48,Что такое реестр экологических аспектов?,12,0.7652,1,2,b8b54622-18ad-4302-bea0-e53f1fc46da4,СОГЛАСОВАНО:
48,Что такое реестр экологических аспектов?,13,0.7597,0,None,b8b54622-18ad-4302-bea0-e53f1fc46da4,ПР-6.1.2-ИЭА
48,Что такое реестр экологических аспектов?,14,0.7557,1,3,fb9210b5-8dd4-4acb-9f67-4528cef13ff1,3 Нормативные ссылки
48,Что такое реестр экологических аспектов?,15,0.7522,1,3,51f0707f-97b3-49db-a477-bbfb7bc32c51,3 Нормативные ссылки
49,Кому подчиняется полевая партия?,1,0.8406,2,2.1,82e7835d-d852-4441-819d-51e10c2ec9f2,"2.1 Полевая партия подчиняется непосредственно начальнику полевой партии Отдела, руководству Отдела и Института согласно утвержденной организационной структуре."
49,Кому подчиняется полевая партия?,2,0.8303,2,1.3,82e7835d-d852-4441-819d-51e10c2ec9f2,1.3 В своей деятельности полевая партия руководствуется:
49,Кому подчиняется полевая партия?,3,0.8007,1,6,82e7835d-d852-4441-819d-51e10c2ec9f2,6 Ответственность
49,Кому подчиняется полевая партия?,4,0.7947,2,5.4,82e7835d-d852-4441-819d-51e10c2ec9f2,"5.4 Представлять на совещаниях Института предложения по вопросам, входящим в компетенцию полевой партии."
49,Кому подчиняется полевая партия?,5,0.7702,1,1,82e7835d-d852-4441-819d-51e10c2ec9f2,Приложение 1 Перечень должностных инструкций полевой партии
49,Кому подчиняется полевая партия?,6,0.7451,1,2,82e7835d-d852-4441-819d-51e10c2ec9f2,ПОЛОЖЕНИЕ О полевой партии отдела инженерных изысканий «ПЛ-08-ПП»
49,Кому подчиняется полевая партия?,7,0.7337,0,None,82e7835d-d852-4441-819d-51e10c2ec9f2,ПЛ-08-ПП
49,Кому подчиняется полевая партия?,8,0.723,1,6,efddbd28-7b1c-4285-be6e-4d89a9fcb4b3,6 Полевой контроль и приемка полевых работ
49,Кому подчиняется полевая партия?,9,0.7221,2,3.1,82e7835d-d852-4441-819d-51e10c2ec9f2,"3.1 Выполнение полевых работ, соответствующих нормативным и регламентирующим государственным документам, отвечающим отраслевым стандартам, отражающим потребности заказчиков."
49,Кому подчиняется полевая партия?,10,0.7037,2,2.1,da968b7a-00f4-495f-8795-2e5d2e3a437a,2.1 Отдел подчиняется заместителю генерального директора-главному маркшейдеру и руководству Институту согласно организационной структуре.
49,Кому подчиняется полевая партия?,11,0.7032,1,2,f0dcd482-6011-4ae2-8c65-73cbab8efe3d,ПОЛОЖЕНИЕ о договорном отделе «ПЛ-05»
49,Кому подчиняется полевая партия?,12,0.6991,2,2.1,efddbd28-7b1c-4285-be6e-4d89a9fcb4b3,Инструментальный контроль
49,Кому подчиняется полевая партия?,13,0.6986,1,2,578e0a05-4db2-412a-bbbe-97cf2aa5f95e,Порядок работы
49,Кому подчиняется полевая партия?,14,0.6971,2,7.1,8b23f04d-fa69-486d-901c-0c9c273b040e,"7.1 Государственный надзор и контроль за организацией работы по маркшейдерскому обеспечению и соблюдением правил выполнения маркшейдерских работ при проектировании, строительстве, эксплуатации, консервации и ликвидации объектов нефтегазодобывающей отрасли, утвержденных в установленном порядке требований (правил и норм) по безопасному ведению горных работ, предупреждению и устранению их вредного влияния на население, окружающую природную среду, объекты народного хозяйства осуществляют органы Федеральной службы по"
49,Кому подчиняется полевая партия?,15,0.6955,2,1.12,8b23f04d-fa69-486d-901c-0c9c273b040e,"1.12 Маркшейдерско-геодезическая документация (полевая, вычислительная и графическая) выполненная сторонней специализированной организацией на средства Общества должна после обработки полевых материалов храниться у заказчика работ, то есть в МГС."
50,В каком документе описан порядок внешних поставок?,1,0.758,1,7,b497403b-04e3-423e-bb5a-670c170f5a33,"7 Порядок действий при внешних поставках для осуществления работ по договорам в офисе Института и внешних поставках, связанных с развитием инфраструктуры и материальных ресурсов Института"
50,В каком документе описан порядок внешних поставок?,2,0.7484,1,2,b497403b-04e3-423e-bb5a-670c170f5a33,ИНСТРУКЦИЯ Внешние поставки «ИН-01-ВП»
50,В каком документе описан порядок внешних поставок?,3,0.7387,1,3,42f98718-19b7-4033-b322-b89c595ab0bd,3 Нормативные ссылки
50,В каком документе описан порядок внешних поставок?,4,0.7352,1,1,42f98718-19b7-4033-b322-b89c595ab0bd,1 Назначение
50,В каком документе описан порядок внешних поставок?,5,0.7153,1,2,b4e2b5d2-431d-4e10-97b5-69902e997854,Приложение 2. Перечень регламентирующих документов
50,В каком документе описан порядок внешних поставок?,6,0.7074,1,6,b497403b-04e3-423e-bb5a-670c170f5a33,"6 Оценка, выбор и переоценка поставщиков."
50,В каком документе описан порядок внешних поставок?,7,0.7065,1,2,b497403b-04e3-423e-bb5a-670c170f5a33,Примечания
50,В каком документе описан порядок внешних поставок?,8,0.7027,1,8,42f98718-19b7-4033-b322-b89c595ab0bd,8 Управление исходящей документацией
50,В каком документе описан порядок внешних поставок?,1,0.8205,1,2,b497403b-04e3-423e-bb5a-670c170f5a33,ИНСТРУКЦИЯ Внешние поставки «ИН-01-ВП»
50,В каком документе описан порядок внешних поставок?,2,0.8186,1,1,b497403b-04e3-423e-bb5a-670c170f5a33,1 Назначение
50,В каком документе описан порядок внешних поставок?,3,0.8125,1,7,b497403b-04e3-423e-bb5a-670c170f5a33,"7 Порядок действий при внешних поставках для осуществления работ по договорам в офисе Института и внешних поставках, связанных с развитием инфраструктуры и материальных ресурсов Института"
50,В каком документе описан порядок внешних поставок?,4,0.7953,1,Д,b497403b-04e3-423e-bb5a-670c170f5a33,Приложение Д
50,В каком документе описан порядок внешних поставок?,5,0.7815,1,5,b497403b-04e3-423e-bb5a-670c170f5a33,5 Основные положения
51,Где прописаны правила командировок?,1,0.7525,1,8,6d3fc189-3fa6-4183-8d1e-0f02c42b7e28,8 Срок и режим командировки
51,Где прописаны правила командировок?,2,0.7507,1,7,6d3fc189-3fa6-4183-8d1e-0f02c42b7e28,Приложение Г
51,Где прописаны правила командировок?,3,0.7478,1,1,6d3fc189-3fa6-4183-8d1e-0f02c42b7e28,Приложение А
51,Где прописаны правила командировок?,4,0.7457,1,7,6d3fc189-3fa6-4183-8d1e-0f02c42b7e28,7 Организация работы командированного сотрудника
51,Где прописаны правила командировок?,5,0.7322,1,6,6d3fc189-3fa6-4183-8d1e-0f02c42b7e28,6 Организация командировки
51,Где прописаны правила командировок?,6,0.7307,1,5,6d3fc189-3fa6-4183-8d1e-0f02c42b7e28,5 Бюджет командировки
51,Где прописаны правила командировок?,7,0.7297,1,4,6d3fc189-3fa6-4183-8d1e-0f02c42b7e28,4 Командировки
51,Где прописаны правила командировок?,8,0.729,1,9,6d3fc189-3fa6-4183-8d1e-0f02c42b7e28,9 Окончание работ. Отчет о командировке
51,Где прописаны правила командировок?,1,0.8088,1,2,6d3fc189-3fa6-4183-8d1e-0f02c42b7e28,2 Нормативные ссылки
51,Где прописаны правила командировок?,2,0.8081,1,7,6d3fc189-3fa6-4183-8d1e-0f02c42b7e28,Приложение Г
51,Где прописаны правила командировок?,3,0.7955,1,1,6d3fc189-3fa6-4183-8d1e-0f02c42b7e28,1 Общие положения
51,Где прописаны правила командировок?,4,0.7954,1,6,6d3fc189-3fa6-4183-8d1e-0f02c42b7e28,6 Организация командировки
51,Где прописаны правила командировок?,5,0.7938,1,8,6d3fc189-3fa6-4183-8d1e-0f02c42b7e28,8 Срок и режим командировки
52,Есть ли у нас документ про управление рисками?,1,0.8213,1,1,fb9210b5-8dd4-4acb-9f67-4528cef13ff1,Приложение А
52,Есть ли у нас документ про управление рисками?,2,0.8211,1,2,fb9210b5-8dd4-4acb-9f67-4528cef13ff1,ИНСТРУКЦИЯ Управление рисками «ИН-01-УР»
52,Есть ли у нас документ про управление рисками?,3,0.8211,0,None,fb9210b5-8dd4-4acb-9f67-4528cef13ff1,ИН-01-УР
52,Есть ли у нас документ про управление рисками?,4,0.8149,2,5.2,fb9210b5-8dd4-4acb-9f67-4528cef13ff1,5.2 Ответственность и полномочия по управлению рисками определены в:
52,Есть ли у нас документ про управление рисками?,5,0.8113,2,4.1,fb9210b5-8dd4-4acb-9f67-4528cef13ff1,4.1 Термины и определения:
52,Есть ли у нас документ про управление рисками?,6,0.8077,2,7.18,fb9210b5-8dd4-4acb-9f67-4528cef13ff1,7.18 Предотвращающие средства контроля/методы смягчения рисков направлены на максимальное снижение вероятности (недопущение) возникновения риска.
52,Есть ли у нас документ про управление рисками?,7,0.8037,2,2.1,fb9210b5-8dd4-4acb-9f67-4528cef13ff1,Риски
52,Есть ли у нас документ про управление рисками?,8,0.7968,2,7.27,fb9210b5-8dd4-4acb-9f67-4528cef13ff1,7.27 При разработке и внедрении мероприятий по снижению рисков необходимо придерживаться процедур «Корректирующие действия» (ПР-10.2-КД) и «Управление несоответствующей продукцией» (ПР-8.7-УНП):
52,Есть ли у нас документ про управление рисками?,9,0.7937,2,7.9,fb9210b5-8dd4-4acb-9f67-4528cef13ff1,"7.9 ДиМК проводит согласование сформированного Реестра рисков с генеральным директором и/или первым заместителем генерального директора и владельцами риска, за которыми закреплена ответственность по управлению соответствующими рисками."
52,Есть ли у нас документ про управление рисками?,10,0.7932,1,1,fb9210b5-8dd4-4acb-9f67-4528cef13ff1,СОГЛАСОВАНО:
52,Есть ли у нас документ про управление рисками?,11,0.7919,1,8,42f98718-19b7-4033-b322-b89c595ab0bd,8 Управление исходящей документацией
52,Есть ли у нас документ про управление рисками?,12,0.7915,1,1,fb9210b5-8dd4-4acb-9f67-4528cef13ff1,1 Назначение
52,Есть ли у нас документ про управление рисками?,13,0.7892,1,7,fb9210b5-8dd4-4acb-9f67-4528cef13ff1,7 Реестр рисков
52,Есть ли у нас документ про управление рисками?,14,0.788,2,2.4,fb9210b5-8dd4-4acb-9f67-4528cef13ff1,Предпринимаемые действия с учетом оценки риска:
52,Есть ли у нас документ про управление рисками?,15,0.7852,2,6.6,fb9210b5-8dd4-4acb-9f67-4528cef13ff1,"6.6 В случае, если риск идентифицирован впервые"
53,В каком документе описана защита персональных данных сотрудников?,1,0.7783,1,2,6cc0605c-2dc9-4cd7-8cd9-c8e4031560ee,ПОЛОЖЕНИЕ О защите персональных данных работников «ПЛ-2-ЗПДР»
53,В каком документе описана защита персональных данных сотрудников?,2,0.771,0,None,6cc0605c-2dc9-4cd7-8cd9-c8e4031560ee,ПЛ-20-ЗПДР
53,В каком документе описана защита персональных данных сотрудников?,3,0.7546,1,2,6cc0605c-2dc9-4cd7-8cd9-c8e4031560ee,2 Понятие и состав персональных данных
53,В каком документе описана защита персональных данных сотрудников?,4,0.7544,1,5,6cc0605c-2dc9-4cd7-8cd9-c8e4031560ee,5 Защита персональных данных
53,В каком документе описана защита персональных данных сотрудников?,5,0.7516,1,5,6cc0605c-2dc9-4cd7-8cd9-c8e4031560ee,5 Защита персональных данных
53,В каком документе описана защита персональных данных сотрудников?,6,0.7447,1,5,6cc0605c-2dc9-4cd7-8cd9-c8e4031560ee,5 Защита персональных данных
53,В каком документе описана защита персональных данных сотрудников?,7,0.7409,1,2,3e5239c1-f580-4fbb-a345-04cdea6b1dc4,Приложение 2. Перечень внутренней документации ИСМ отдела
53,В каком документе описана защита персональных данных сотрудников?,8,0.7365,1,3,3e5239c1-f580-4fbb-a345-04cdea6b1dc4,Приложение 3. Кадровая документация отдела
53,В каком документе описана защита персональных данных сотрудников?,1,0.8313,1,2,6cc0605c-2dc9-4cd7-8cd9-c8e4031560ee,ПОЛОЖЕНИЕ О защите персональных данных работников «ПЛ-2-ЗПДР»
53,В каком документе описана защита персональных данных сотрудников?,2,0.8295,1,1,6cc0605c-2dc9-4cd7-8cd9-c8e4031560ee,1 Общие положения
53,В каком документе описана защита персональных данных сотрудников?,3,0.8044,1,1,6cc0605c-2dc9-4cd7-8cd9-c8e4031560ee,СОГЛАСОВАНО:
53,В каком документе описана защита персональных данных сотрудников?,4,0.8036,1,2,6cc0605c-2dc9-4cd7-8cd9-c8e4031560ee,2 Понятие и состав персональных данных
53,В каком документе описана защита персональных данных сотрудников?,5,0.8001,1,5,6cc0605c-2dc9-4cd7-8cd9-c8e4031560ee,5 Защита персональных данных
54,Где описываются правила по обращению с отходами,1,0.7868,1,3,51f0707f-97b3-49db-a477-bbfb7bc32c51,3 Нормативные ссылки
54,Где описываются правила по обращению с отходами,2,0.7766,1,1,51f0707f-97b3-49db-a477-bbfb7bc32c51,1 Назначение
54,Где описываются правила по обращению с отходами,3,0.7635,1,1,51f0707f-97b3-49db-a477-bbfb7bc32c51,Инструкция о порядке обращения с отходами производства и потребления АО «ВолгоградНИПИнефть» «ИН-01-ПОО»
54,Где описываются правила по обращению с отходами,4,0.762,1,6,51f0707f-97b3-49db-a477-bbfb7bc32c51,6 Порядок накопления отходов
54,Где описываются правила по обращению с отходами,5,0.7592,0,None,51f0707f-97b3-49db-a477-bbfb7bc32c51,ИН-01-ПОО
54,Где описываются правила по обращению с отходами,6,0.7546,1,7,51f0707f-97b3-49db-a477-bbfb7bc32c51,7 Порядок учета отходов
54,Где описываются правила по обращению с отходами,7,0.7546,1,10,51f0707f-97b3-49db-a477-bbfb7bc32c51,10 Безопасное обращение с отходами
54,Где описываются правила по обращению с отходами,8,0.7448,1,3,b8b54622-18ad-4302-bea0-e53f1fc46da4,3 Нормативные ссылки
54,Где описываются правила по обращению с отходами,1,0.8282,1,3,51f0707f-97b3-49db-a477-bbfb7bc32c51,3 Нормативные ссылки
54,Где описываются правила по обращению с отходами,2,0.8227,1,7,51f0707f-97b3-49db-a477-bbfb7bc32c51,7 Порядок учета отходов
54,Где описываются правила по обращению с отходами,3,0.819,1,8,51f0707f-97b3-49db-a477-bbfb7bc32c51,8 Требования к транспортированию отходов
54,Где описываются правила по обращению с отходами,4,0.8181,1,1,51f0707f-97b3-49db-a477-bbfb7bc32c51,1 Назначение
54,Где описываются правила по обращению с отходами,5,0.8143,1,1,51f0707f-97b3-49db-a477-bbfb7bc32c51,Инструкция о порядке обращения с отходами производства и потребления АО «ВолгоградНИПИнефть» «ИН-01-ПОО»
55,Какой документ регулирует корпоративную мобильную связь?,1,0.7748,1,2,b9d7b363-4f52-4b7e-a1e8-4b0f7b509793,2 Нормативные ссылки
55,Какой документ регулирует корпоративную мобильную связь?,2,0.7535,1,2,b9d7b363-4f52-4b7e-a1e8-4b0f7b509793,ПОЛОЖЕНИЕ О корпоративной мобильной связи в АО «ВолгоградНИПИнефть» «ПЛ-13-КМС»
55,Какой документ регулирует корпоративную мобильную связь?,3,0.7503,1,5,b9d7b363-4f52-4b7e-a1e8-4b0f7b509793,5 Правила пользования корпоративной мобильной связью
55,Какой документ регулирует корпоративную мобильную связь?,4,0.7475,0,None,b9d7b363-4f52-4b7e-a1e8-4b0f7b509793,ПЛ-13-КМС
55,Какой документ регулирует корпоративную мобильную связь?,5,0.7452,1,Д,b9d7b363-4f52-4b7e-a1e8-4b0f7b509793,Приложение Д
55,Какой документ регулирует корпоративную мобильную связь?,6,0.7443,1,4,b9d7b363-4f52-4b7e-a1e8-4b0f7b509793,4 Порядок предоставления корпоративной мобильной связи
55,Какой документ регулирует корпоративную мобильную связь?,7,0.7304,1,1,b9d7b363-4f52-4b7e-a1e8-4b0f7b509793,Приложение А
55,Какой документ регулирует корпоративную мобильную связь?,8,0.727,1,7,b9d7b363-4f52-4b7e-a1e8-4b0f7b509793,"7 Материальная ответственность работника, использующего корпоративную SIM-карту и корпоративный мобильный аппарат"
55,Какой документ регулирует корпоративную мобильную связь?,1,0.8259,1,2,b9d7b363-4f52-4b7e-a1e8-4b0f7b509793,2 Нормативные ссылки
55,Какой документ регулирует корпоративную мобильную связь?,2,0.8242,1,5,b9d7b363-4f52-4b7e-a1e8-4b0f7b509793,5 Правила пользования корпоративной мобильной связью
55,Какой документ регулирует корпоративную мобильную связь?,3,0.8218,1,4,b9d7b363-4f52-4b7e-a1e8-4b0f7b509793,4 Порядок предоставления корпоративной мобильной связи
55,Какой документ регулирует корпоративную мобильную связь?,4,0.8135,1,1,b9d7b363-4f52-4b7e-a1e8-4b0f7b509793,1 Общие положения
55,Какой документ регулирует корпоративную мобильную связь?,5,0.8097,1,2,b9d7b363-4f52-4b7e-a1e8-4b0f7b509793,ПОЛОЖЕНИЕ О корпоративной мобильной связи в АО «ВолгоградНИПИнефть» «ПЛ-13-КМС»
56,В каком документе найти сруткуру каталогов,1,0.7662,1,4,1381f436-b246-4235-8ac2-f9c7ad474dc8,4 Права доступа к каталогам
56,В каком документе найти сруткуру каталогов,2,0.7597,1,2,578e0a05-4db2-412a-bbbe-97cf2aa5f95e,Нормативные ссылки
56,В каком документе найти сруткуру каталогов,3,0.7508,1,2,1381f436-b246-4235-8ac2-f9c7ad474dc8,РАБОЧАЯ ИНСТРУКЦИЯ Структура каталогов «РИ-10-СтруктКат»
56,В каком документе найти сруткуру каталогов,4,0.7451,0,None,1381f436-b246-4235-8ac2-f9c7ad474dc8,РИ-10-СтруктКат
56,В каком документе найти сруткуру каталогов,5,0.7402,1,8,a109cc23-575d-4d18-9dfa-56a6e79da6c7,8 Список приложений
56,В каком документе найти сруткуру каталогов,6,0.7397,1,3,7eed2ce9-09a5-4d61-9c55-a83abdadfba1,3 Нормативные ссылки
56,В каком документе найти сруткуру каталогов,7,0.7361,1,2,b4e2b5d2-431d-4e10-97b5-69902e997854,Приложение 2. Перечень регламентирующих документов
56,В каком документе найти сруткуру каталогов,8,0.7356,1,7,48112403-b37a-4ee9-9458-0e3f2f51d465,7 Список приложений
56,В каком документе найти сруткуру каталогов,1,0.8135,1,4,1381f436-b246-4235-8ac2-f9c7ad474dc8,4 Права доступа к каталогам
56,В каком документе найти сруткуру каталогов,2,0.7909,1,2,1381f436-b246-4235-8ac2-f9c7ad474dc8,РАБОЧАЯ ИНСТРУКЦИЯ Структура каталогов «РИ-10-СтруктКат»
56,В каком документе найти сруткуру каталогов,3,0.7786,1,3,1381f436-b246-4235-8ac2-f9c7ad474dc8,3 Правила работы с каталогами текущих проектов:
56,В каком документе найти сруткуру каталогов,4,0.7772,1,2,1381f436-b246-4235-8ac2-f9c7ad474dc8,2 Основная часть
56,В каком документе найти сруткуру каталогов,5,0.7699,1,1,1381f436-b246-4235-8ac2-f9c7ad474dc8,1 Назначение
57,Есть ли регламент по идентификации экологических аспектов?,1,0.8004,1,5,b8b54622-18ad-4302-bea0-e53f1fc46da4,5 Идентификация всех возможных экологических аспектов
57,Есть ли регламент по идентификации экологических аспектов?,2,0.7861,1,2,b8b54622-18ad-4302-bea0-e53f1fc46da4,Идентификация экологических аспектов
57,Есть ли регламент по идентификации экологических аспектов?,3,0.7859,1,2,b8b54622-18ad-4302-bea0-e53f1fc46da4,Сводный реестр экологических аспектов
57,Есть ли регламент по идентификации экологических аспектов?,4,0.7821,1,2,b8b54622-18ad-4302-bea0-e53f1fc46da4,Итоговый реестр существенных экологических аспектов
57,Есть ли регламент по идентификации экологических аспектов?,5,0.7815,1,6,b8b54622-18ad-4302-bea0-e53f1fc46da4,6 Определение существенного воздействия экологических аспектов на ОС
57,Есть ли регламент по идентификации экологических аспектов?,6,0.7749,1,2,b8b54622-18ad-4302-bea0-e53f1fc46da4,Процедура Идентификация экологических аспектов ПР-6.1.2-ИЭА
57,Есть ли регламент по идентификации экологических аспектов?,7,0.7702,1,2,b8b54622-18ad-4302-bea0-e53f1fc46da4,СОГЛАСОВАНО:
57,Есть ли регламент по идентификации экологических аспектов?,8,0.7681,1,7,b8b54622-18ad-4302-bea0-e53f1fc46da4,7 Последовательность формирования реестров экологических аспектов
57,Есть ли регламент по идентификации экологических аспектов?,1,0.8463,1,5,b8b54622-18ad-4302-bea0-e53f1fc46da4,5 Идентификация всех возможных экологических аспектов
57,Есть ли регламент по идентификации экологических аспектов?,2,0.8367,1,6,b8b54622-18ad-4302-bea0-e53f1fc46da4,6 Определение существенного воздействия экологических аспектов на ОС
57,Есть ли регламент по идентификации экологических аспектов?,3,0.8359,1,2,b8b54622-18ad-4302-bea0-e53f1fc46da4,СОГЛАСОВАНО:
57,Есть ли регламент по идентификации экологических аспектов?,4,0.831,1,2,b8b54622-18ad-4302-bea0-e53f1fc46da4,Идентификация экологических аспектов
57,Есть ли регламент по идентификации экологических аспектов?,5,0.8298,1,7,b8b54622-18ad-4302-bea0-e53f1fc46da4,7 Последовательность формирования реестров экологических аспектов
58,Какие задачи у отдела бурения и проектирования строительства скважин?,1,0.83,1,1,48112403-b37a-4ee9-9458-0e3f2f51d465,1 Общие положения
58,Какие задачи у отдела бурения и проектирования строительства скважин?,2,0.8035,1,2,8b23f04d-fa69-486d-901c-0c9c273b040e,С отделом бурения Общества
58,Какие задачи у отдела бурения и проектирования строительства скважин?,3,0.7975,1,2,48112403-b37a-4ee9-9458-0e3f2f51d465,ПОЛОЖЕНИЕ Об отделе бурения и проектирования строительства скважин «ПЛ-12»
58,Какие задачи у отдела бурения и проектирования строительства скважин?,4,0.791,0,None,48112403-b37a-4ee9-9458-0e3f2f51d465,ПЛ-12
58,Какие задачи у отдела бурения и проектирования строительства скважин?,5,0.7845,1,2,b4e2b5d2-431d-4e10-97b5-69902e997854,О группе охраны окружающей среды отдела бурения и «ПЛ-12-ГООС»
58,Какие задачи у отдела бурения и проектирования строительства скважин?,6,0.7762,1,4,48112403-b37a-4ee9-9458-0e3f2f51d465,4 Функции
58,Какие задачи у отдела бурения и проектирования строительства скважин?,7,0.7736,1,1,48112403-b37a-4ee9-9458-0e3f2f51d465,Приложение 1. Структура отдела
58,Какие задачи у отдела бурения и проектирования строительства скважин?,8,0.7728,0,None,b4e2b5d2-431d-4e10-97b5-69902e997854,ПЛ-12 -ГООС
59,Чем занимается полевая партия отдела инженерных изысканий?,1,0.7872,1,2,82e7835d-d852-4441-819d-51e10c2ec9f2,ПОЛОЖЕНИЕ О полевой партии отдела инженерных изысканий «ПЛ-08-ПП»
59,Чем занимается полевая партия отдела инженерных изысканий?,2,0.7765,0,None,82e7835d-d852-4441-819d-51e10c2ec9f2,ПЛ-08-ПП
59,Чем занимается полевая партия отдела инженерных изысканий?,3,0.7229,1,1,82e7835d-d852-4441-819d-51e10c2ec9f2,Приложение 1 Перечень должностных инструкций полевой партии
59,Чем занимается полевая партия отдела инженерных изысканий?,4,0.7193,1,2,da968b7a-00f4-495f-8795-2e5d2e3a437a,ПОЛОЖЕНИЕ Об отделе инженерных изысканий «ПЛ-08»
59,Чем занимается полевая партия отдела инженерных изысканий?,5,0.7067,0,None,da968b7a-00f4-495f-8795-2e5d2e3a437a,ПЛ-08
59,Чем занимается полевая партия отдела инженерных изысканий?,6,0.7026,1,2,da968b7a-00f4-495f-8795-2e5d2e3a437a,Приложение 2 Перечень внутренней документации ИСМ отдела
59,Чем занимается полевая партия отдела инженерных изысканий?,7,0.6907,1,2,b4e2b5d2-431d-4e10-97b5-69902e997854,О группе охраны окружающей среды отдела бурения и «ПЛ-12-ГООС»
59,Чем занимается полевая партия отдела инженерных изысканий?,8,0.6872,1,2,07635134-c7b3-4b0d-a0b5-da2e6d5b2e0a,ПОЛОЖЕНИЕ Об уполномоченном по интегрированной системе менеджмента в отделе инженерных изысканий «ПЛ-08-УИСМ»
60,Какие функции у учетно-финансового отдела?,1,0.788,1,2,500e2f88-2aee-47cd-af1f-374bfb07d0c1,ПОЛОЖЕНИЕ Об учетно-финансовом отделе «ПЛ-13»
60,Какие функции у учетно-финансового отдела?,2,0.7877,1,2,500e2f88-2aee-47cd-af1f-374bfb07d0c1,Приложение 2. Перечень внутренней документации ИСМ отдела
60,Какие функции у учетно-финансового отдела?,3,0.7805,0,None,500e2f88-2aee-47cd-af1f-374bfb07d0c1,ПЛ-13
60,Какие функции у учетно-финансового отдела?,4,0.7694,1,4,500e2f88-2aee-47cd-af1f-374bfb07d0c1,Приложение 4. График документооборота АО «ВолгоградНИПИнефть»
60,Какие функции у учетно-финансового отдела?,5,0.7399,1,4,500e2f88-2aee-47cd-af1f-374bfb07d0c1,Приложение 4. График документооборота АО «ВолгоградНИПИнефть»
60,Какие функции у учетно-финансового отдела?,6,0.7349,1,1,500e2f88-2aee-47cd-af1f-374bfb07d0c1,Приложение 1. Структура отдела
60,Какие функции у учетно-финансового отдела?,7,0.7234,1,2,3d52d932-3a30-4403-bfb1-7d1575434c06,Финансово-учетная документация:
60,Какие функции у учетно-финансового отдела?,8,0.7134,1,3,48112403-b37a-4ee9-9458-0e3f2f51d465,3 Задачи
61,Какие есть стадии выполнения проектных работ?,1,0.7542,1,4,da968b7a-00f4-495f-8795-2e5d2e3a437a,4 Функции
61,Какие есть стадии выполнения проектных работ?,2,0.7483,1,7,7eed2ce9-09a5-4d61-9c55-a83abdadfba1,7 Стадия проектирования
61,Какие есть стадии выполнения проектных работ?,3,0.7468,1,6,7eed2ce9-09a5-4d61-9c55-a83abdadfba1,6 Предпроектная проработка
61,Какие есть стадии выполнения проектных работ?,4,0.7455,1,5,7eed2ce9-09a5-4d61-9c55-a83abdadfba1,5 Стадии выполнения работ
61,Какие есть стадии выполнения проектных работ?,5,0.7442,1,7,7eed2ce9-09a5-4d61-9c55-a83abdadfba1,7 Стадия проектирования
61,Какие есть стадии выполнения проектных работ?,6,0.7389,1,3,a109cc23-575d-4d18-9dfa-56a6e79da6c7,3 Задачи
61,Какие есть стадии выполнения проектных работ?,7,0.7358,1,3,da968b7a-00f4-495f-8795-2e5d2e3a437a,3 Задачи
61,Какие есть стадии выполнения проектных работ?,8,0.7319,1,2,7eed2ce9-09a5-4d61-9c55-a83abdadfba1,Приложение А. Стадии и этапы выполнения работ
62,Как транспортировать отходы IV класса опасности,1,0.7716,1,9,51f0707f-97b3-49db-a477-bbfb7bc32c51,9 Требования к передаче отходов сторонним специализированным организациям
62,Как транспортировать отходы IV класса опасности,2,0.7689,1,6,51f0707f-97b3-49db-a477-bbfb7bc32c51,6 Порядок накопления отходов
62,Как транспортировать отходы IV класса опасности,3,0.7673,1,8,51f0707f-97b3-49db-a477-bbfb7bc32c51,8 Требования к транспортированию отходов
62,Как транспортировать отходы IV класса опасности,4,0.7329,1,10,51f0707f-97b3-49db-a477-bbfb7bc32c51,10 Безопасное обращение с отходами
62,Как транспортировать отходы IV класса опасности,5,0.7305,1,6,51f0707f-97b3-49db-a477-bbfb7bc32c51,6 Порядок накопления отходов
62,Как транспортировать отходы IV класса опасности,6,0.7262,1,7,51f0707f-97b3-49db-a477-bbfb7bc32c51,7 Порядок учета отходов
62,Как транспортировать отходы IV класса опасности,7,0.7215,1,3,51f0707f-97b3-49db-a477-bbfb7bc32c51,3 Нормативные ссылки
62,Как транспортировать отходы IV класса опасности,8,0.7141,1,1,51f0707f-97b3-49db-a477-bbfb7bc32c51,1 Назначение
63,Что входит в процесс управления рисками?,1,0.7792,1,1,fb9210b5-8dd4-4acb-9f67-4528cef13ff1,Приложение А
63,Что входит в процесс управления рисками?,2,0.7733,1,4,fb9210b5-8dd4-4acb-9f67-4528cef13ff1,"4 Термины, обозначения, сокращения"
63,Что входит в процесс управления рисками?,3,0.754,1,6,fb9210b5-8dd4-4acb-9f67-4528cef13ff1,6 Идентификация и оценка рисков
63,Что входит в процесс управления рисками?,4,0.7479,1,2,fb9210b5-8dd4-4acb-9f67-4528cef13ff1,ИНСТРУКЦИЯ Управление рисками «ИН-01-УР»
63,Что входит в процесс управления рисками?,5,0.7456,1,1,fb9210b5-8dd4-4acb-9f67-4528cef13ff1,1 Назначение
63,Что входит в процесс управления рисками?,6,0.7439,0,None,fb9210b5-8dd4-4acb-9f67-4528cef13ff1,ИН-01-УР
63,Что входит в процесс управления рисками?,7,0.7436,1,7,fb9210b5-8dd4-4acb-9f67-4528cef13ff1,7 Реестр рисков
63,Что входит в процесс управления рисками?,8,0.7433,1,7,fb9210b5-8dd4-4acb-9f67-4528cef13ff1,7 Реестр рисков
64,Что значит накопление отходов?,1,0.856,1,4,51f0707f-97b3-49db-a477-bbfb7bc32c51,"4 Термины, обозначения, сокращения"
64,Что значит накопление отходов?,2,0.8488,1,6,51f0707f-97b3-49db-a477-bbfb7bc32c51,6 Порядок накопления отходов
64,Что значит накопление отходов?,3,0.8488,1,6,51f0707f-97b3-49db-a477-bbfb7bc32c51,6 Порядок накопления отходов
64,Что значит накопление отходов?,4,0.8183,2,10.2,51f0707f-97b3-49db-a477-bbfb7bc32c51,10.2 Способы  накопления  отходов  и  их  передачи  сторонним  организациям  должны исключать возможность загрязнения окружающей территории.
64,Что значит накопление отходов?,5,0.8142,1,7,51f0707f-97b3-49db-a477-bbfb7bc32c51,7 Порядок учета отходов
64,Что значит накопление отходов?,6,0.8031,2,11.2,51f0707f-97b3-49db-a477-bbfb7bc32c51,"11.2 За накопление отходов отвечает руководитель структурного подразделения (начальник отдела, заведующий лаборатории, руководитель группы), от деятельности которого образованы отходы, и заместитель генерального директора по общим вопросам."
64,Что значит накопление отходов?,7,0.7878,1,8,51f0707f-97b3-49db-a477-bbfb7bc32c51,8 Требования к транспортированию отходов
64,Что значит накопление отходов?,8,0.7806,2,12.2,51f0707f-97b3-49db-a477-bbfb7bc32c51,"12.2 За нарушение учета образования, накопления и передачи отходов, за несвоевременное  заключение  договоров  на  утилизацию,  обезвреживание  и/или размещение отходов и их выполнение отвечают ОВЭО и заместитель генерального директора по общим вопросам."
64,Что значит накопление отходов?,9,0.7774,2,9.6,51f0707f-97b3-49db-a477-bbfb7bc32c51,"9.6 Обязательным является наличие документального подтверждения всей цепочки движения отходов: договор с транспортной компанией на транспортирование отходов, договор транспортной компании со специализированной организацией, которой в конечном итоге будут переданы отходы на обработку, утилизацию, обезвреживание и/или размещение (захоронение)"
64,Что значит накопление отходов?,10,0.7716,2,5.2,51f0707f-97b3-49db-a477-bbfb7bc32c51,5.2 Деятельность Института должна быть направлена на сокращение объема (массы) образования отходов и передачу их специализированным организациям в соответствии с действующим законодательством.
64,Что значит накопление отходов?,11,0.7623,1,7,b8b54622-18ad-4302-bea0-e53f1fc46da4,7 Последовательность формирования реестров экологических аспектов
64,Что значит накопление отходов?,12,0.7584,1,2,689ad134-88eb-469c-88cd-35e254e680a3,"Порядок приемки, регистрации и архивирования источников информации."
64,Что значит накопление отходов?,13,0.7556,1,1,51f0707f-97b3-49db-a477-bbfb7bc32c51,1 Назначение
64,Что значит накопление отходов?,14,0.747,2,5.4,b8b54622-18ad-4302-bea0-e53f1fc46da4,5.4 Идентификация видов воздействия экологических аспектов на ОС
64,Что значит накопление отходов?,15,0.7465,1,2,689ad134-88eb-469c-88cd-35e254e680a3,Определения и сокращения
65,Что такое субподрядная работа?,1,0.8064,1,11,efddbd28-7b1c-4285-be6e-4d89a9fcb4b3,"11 Требования, предъявляемые к субподрядным организациям."
65,Что такое субподрядная работа?,2,0.7903,2,4.1,b497403b-04e3-423e-bb5a-670c170f5a33,4.1 Термины и определения:
65,Что такое субподрядная работа?,3,0.768,2,5.6,b497403b-04e3-423e-bb5a-670c170f5a33,"5.6 Поставки услуг субподрядчиков могут осуществляться в соответствии с пожеланиями Заказчика, оговоренными условиями договора."
65,Что такое субподрядная работа?,4,0.7638,2,8.8,b497403b-04e3-423e-bb5a-670c170f5a33,8.8 Проверку предоставления работ и услуг субподрядными организациями и анализ представляемых отчетных документов осуществляет руководитель структурного подразделения с привлечением по необходимости специалистов Института.
65,Что такое субподрядная работа?,5,0.7572,1,2,2fffe16b-1ac7-4329-92a2-102d8df22882,Организация договорной работы
65,Что такое субподрядная работа?,6,0.7572,1,7,2fffe16b-1ac7-4329-92a2-102d8df22882,Организация договорной работы
65,Что такое субподрядная работа?,7,0.7572,1,5,2fffe16b-1ac7-4329-92a2-102d8df22882,Организация договорной работы
65,Что такое субподрядная работа?,8,0.745,2,3.1,f0dcd482-6011-4ae2-8c65-73cbab8efe3d,"3.1 Организация преддоговорной и договорной работы, участие в подготовке теной предложений."
65,Что такое субподрядная работа?,9,0.7449,2,3.31,8b23f04d-fa69-486d-901c-0c9c273b040e,"3.31 Приемку маркшейдерских, топографо-геодезических, землеустроительных работ, выполняемых сторонними организациями на договорной основе."
65,Что такое субподрядная работа?,10,0.741,2,3.25,8b23f04d-fa69-486d-901c-0c9c273b040e,"3.25 Контроль и приемка маркшейдерских, топографо-геодезических работ выполняемых подрядными организациями"
65,Что такое субподрядная работа?,11,0.7379,2,5.2,b19cc873-30e3-4733-b9a7-d4222693d91f,Сверхурочная работа
65,Что такое субподрядная работа?,12,0.7376,1,6,2fffe16b-1ac7-4329-92a2-102d8df22882,6 Организация договорной работы
65,Что такое субподрядная работа?,13,0.7374,2,2.1,3d52d932-3a30-4403-bfb1-7d1575434c06,Маркетинговая информация
65,Что такое субподрядная работа?,14,0.7374,2,2.1,7eed2ce9-09a5-4d61-9c55-a83abdadfba1,Предпроектная стадия
65,Что такое субподрядная работа?,15,0.7367,1,7,2fffe16b-1ac7-4329-92a2-102d8df22882,"7 Выполнение работ, оказание услуг"
66,Что такое верификация поставки?,1,0.8384,1,8,b497403b-04e3-423e-bb5a-670c170f5a33,"8 Верификация поставленной продукции, работ (услуг)"
66,Что такое верификация поставки?,2,0.7857,2,4.1,b497403b-04e3-423e-bb5a-670c170f5a33,4.1 Термины и определения:
66,Что такое верификация поставки?,3,0.7804,2,7.12,b497403b-04e3-423e-bb5a-670c170f5a33,7.12
66,Что такое верификация поставки?,4,0.7589,2,2.1,b497403b-04e3-423e-bb5a-670c170f5a33,Список сотрудников ответственных за внешние поставки
66,Что такое верификация поставки?,5,0.7546,1,3,efddbd28-7b1c-4285-be6e-4d89a9fcb4b3,3 Метрологическое обеспечение
66,Что такое верификация поставки?,6,0.7474,1,6,b497403b-04e3-423e-bb5a-670c170f5a33,"6 Оценка, выбор и переоценка поставщиков."
66,Что такое верификация поставки?,7,0.7474,2,5.1,b497403b-04e3-423e-bb5a-670c170f5a33,"5.1 Институт обеспечивает соответствие приобретенных внешних процессов, продукции и услуг установленным требованиям. Процесс внешних поставок осуществляется в соответствии с данной инструкцией."
66,Что такое верификация поставки?,8,0.7377,1,1,efddbd28-7b1c-4285-be6e-4d89a9fcb4b3,Исполнитель обязан:
66,Что такое верификация поставки?,9,0.7365,2,2.1,500e2f88-2aee-47cd-af1f-374bfb07d0c1,Об учетно-финансовом отделе
66,Что такое верификация поставки?,10,0.7359,1,5,efddbd28-7b1c-4285-be6e-4d89a9fcb4b3,5 Контроль подготовки к работам
66,Что такое верификация поставки?,11,0.7349,2,1.1,a4b664fc-78f7-4842-8390-48b66e41db44,1. Проектная и рабочая документация (в бумажной и/или электронной форме)
66,Что такое верификация поставки?,12,0.7338,2,2.1,b497403b-04e3-423e-bb5a-670c170f5a33,Требования к поставляемому программному обеспечению
66,Что такое верификация поставки?,13,0.7323,1,2,2fffe16b-1ac7-4329-92a2-102d8df22882,Организация договорной работы
66,Что такое верификация поставки?,14,0.7314,1,2,b497403b-04e3-423e-bb5a-670c170f5a33,Примечания
66,Что такое верификация поставки?,15,0.7312,1,2,b497403b-04e3-423e-bb5a-670c170f5a33,2 Область применения
67,Как оформляется заявление командировку?,1,0.8016,1,1,6d3fc189-3fa6-4183-8d1e-0f02c42b7e28,Приложение А
67,Как оформляется заявление командировку?,2,0.7916,1,7,6d3fc189-3fa6-4183-8d1e-0f02c42b7e28,Приложение Г
67,Как оформляется заявление командировку?,3,0.7732,1,9,6d3fc189-3fa6-4183-8d1e-0f02c42b7e28,9 Окончание работ. Отчет о командировке
67,Как оформляется заявление командировку?,4,0.7689,1,6,6d3fc189-3fa6-4183-8d1e-0f02c42b7e28,6 Организация командировки
67,Как оформляется заявление командировку?,5,0.7684,1,10,6d3fc189-3fa6-4183-8d1e-0f02c42b7e28,10 Отмена командировки
67,Как оформляется заявление командировку?,6,0.7612,1,Д,b9d7b363-4f52-4b7e-a1e8-4b0f7b509793,Приложение Д
67,Как оформляется заявление командировку?,7,0.7601,1,8,6d3fc189-3fa6-4183-8d1e-0f02c42b7e28,8 Срок и режим командировки
67,Как оформляется заявление командировку?,8,0.7516,1,5,6d3fc189-3fa6-4183-8d1e-0f02c42b7e28,5 Бюджет командировки
